{"type": "FeatureCollection", "features": [{"type": "Feature", "properties": {"name": "Thatta"}, "geometry": {"type": "Polygon", "coordinates": [[[67.17565532503329, 24.709958335308954], [67.18297983095448, 24.693798423758324], [67.16634851007575, 24.64708466622443], [67.16483657165054, 24.61959781778512], [67.16634851007575, 24.568731218570917], [67.16483657165054, 24.53159931205863], [67.18902758465538, 24.495832277837394], [67.23136185786353, 24.444915493755104], [67.25706480929358, 24.41050061181386], [67.26764837827011, 24.389847177405386], [67.27823194634732, 24.33062196163428], [67.29486326812537, 24.30857759887715], [67.30242295935216, 24.22587713692036], [67.31603040427979, 24.154159922442545], [67.34626917098552, 24.07273969488108], [67.3734840617401, 24.02303413931412], [67.41884221089936, 23.9594935096178], [67.46268842253272, 23.906979790385094], [67.51863014156783, 23.86412384114243], [67.5670121675775, 23.830935298125553], [67.6305135778394, 23.80188835526343], [67.66377622139555, 23.803271690636052], [67.70157467932802, 23.80188835526343], [67.73483732288418, 23.792204597564194], [67.75902833588907, 23.779752990108477], [67.79985067157128, 23.76868389424635], [67.82404168457612, 23.76868389424635], [67.84369688320464, 23.78943767680738], [67.85579238970706, 23.841999089786214], [67.86637595778427, 23.86688916919985], [67.8860311564128, 23.86412384114243], [67.89056697078911, 23.833701334848797], [67.90266247819085, 23.803271690636052], [67.95255644262579, 23.764532740593552], [67.98884296303237, 23.741007034347206], [68.0175697913129, 23.731318744064822], [68.04024886589252, 23.738239025410735], [68.04629661959336, 23.756230035787553], [68.04629661959336, 23.808804883738446], [68.05083243486905, 23.833701334848797], [68.05839212609578, 23.84891348057272], [68.07199957102341, 23.84753063173332], [68.07955926314952, 23.82955225773054], [68.11735772108204, 23.825403048412], [68.14759648778772, 23.828169202946412], [68.16725168641625, 23.843381997980885], [68.19446657627151, 23.84891348057272], [68.21563371242593, 23.86688916919985], [68.24738441755687, 23.869654438801376], [68.26855155461061, 23.879332415658496], [68.27459930741219, 23.893156841814857], [68.28518287638872, 23.90145078812344], [68.3320529648725, 23.908362004303115], [68.33961265609923, 23.941530693886477], [68.36077979315297, 23.962256797113525], [68.37892305245697, 23.967783195837853], [68.39555437423502, 23.958111843386916], [68.39706631266023, 23.944294367191333], [68.43032895621639, 23.937385073762186], [68.53918851653685, 23.94014883520066], [68.69189428759137, 23.941530693886477], [68.75388375942799, 23.94567618091105], [68.75690763627847, 23.96916475864674], [68.75085988257757, 24.23414960382121], [68.75993151312889, 24.276882116616434], [68.7622662116164, 24.276882116616434], [68.75943051520619, 24.288772466176397], [68.74845709821659, 24.3030603660431], [68.73278078810296, 24.308060751302662], [68.70377961443774, 24.31234663868645], [68.63166858953383, 24.31234663868645], [68.60658649317219, 24.30948939631861], [68.58620728993452, 24.3030603660431], [68.56661190341669, 24.29948854216252], [68.5501517774826, 24.3030603660431], [68.53682691483033, 24.308060751302662], [68.50312284804107, 24.31306093961075], [68.47647312183716, 24.32020372222405], [68.4717702278138, 24.33091714251219], [68.4717702278138, 24.343772052738075], [68.46549970394824, 24.35591160173908], [68.45217484129597, 24.360195870343205], [68.43963379266546, 24.3623379511356], [68.43806616192387, 24.37376176569296], [68.43884997774433, 24.395892469661817], [68.43493090044075, 24.455126555446213], [68.41847077450672, 24.480096443396178], [68.4114164348207, 24.495075998358686], [68.41063261989956, 24.51647226828061], [68.40279446439308, 24.53073442325507], [68.39103723248235, 24.540003955917882], [68.37927999967229, 24.552837562103832], [68.37981299457408, 24.6036457449552], [68.3818195619233, 24.62644854916124], [68.37931135183749, 24.67295336990213], [68.3818195619233, 24.699389558381483], [68.37770243861672, 24.70388963909562], [68.37379329162718, 24.70816239907549], [68.36830658268269, 24.716706778694913], [68.34714356452395, 24.733081868333613], [68.34008922483793, 24.745895652562353], [68.32833199292719, 24.753013850408934], [68.31971002249958, 24.766537304053372], [68.31735857593759, 24.782905829540425], [68.30168226492464, 24.794291357260363], [68.29306029539634, 24.810656221607417], [68.28835740227237, 24.828441667648917], [68.28835740227237, 24.837689090479216], [68.29306029539634, 24.851914545020293], [68.3150071293756, 24.86756065589958], [68.31735857593759, 24.883204787371085], [68.31422331355515, 24.896714033525882], [68.30560134402685, 24.907378184455695], [68.29462792613793, 24.915197975805995], [68.28502618660929, 24.941897048709905], [68.26910493444524, 24.95633257408906], [68.26053195188814, 24.995189034046746], [68.26543079919207, 25.010728181360548], [68.2801273393053, 25.021826368492157], [68.28625089866011, 25.04069098300249], [68.28625089866011, 25.062880932509074], [68.28788718724394, 25.06565990777858], [68.2960485914694, 25.07952075737711], [68.3082957092796, 25.09504922164433], [68.31058640933537, 25.144764308226286], [68.30908148472281, 25.16292715116714], [68.30256013903926, 25.177909460753085], [68.29102237498267, 25.198336915316418], [68.29001909130807, 25.2105917448132], [68.28130306348567, 25.229709081409055], [68.27929796472932, 25.23116010785276], [68.27346490797919, 25.235381304303814], [68.25622096712397, 25.247433896956807], [68.2389770262688, 25.251687468102205], [68.20057006725483, 25.253814198366626], [68.18881283444483, 25.259485295310185], [68.17862323327563, 25.26799144474944], [68.17235270851074, 25.27862329293066], [68.17078507866853, 25.294923650705982], [68.16373073898245, 25.30767892414309], [68.1315943038341, 25.334602314045583], [68.09867405196599, 25.36647753031383], [68.0790786654481, 25.3785170917904], [68.03910407479327, 25.3785170917904], [68.0218601339381, 25.373559770567], [68.0132381635105, 25.36647753031383], [67.99677803847572, 25.348770114848946], [67.94896529231443, 25.30980467234781], [67.94426240008977, 25.294923650705982], [67.93799187532483, 25.24105326099925], [67.92701845923455, 25.22900003522352], [67.89409820826575, 25.20630836833658], [67.86588085042098, 25.180065854255815], [67.85804269581382, 25.154527172091377], [67.85412361851024, 25.13253124502097], [67.85308898177112, 25.069814023798187], [67.8475709206615, 25.04391143726309], [67.83603315660497, 25.02800362726566], [67.81295762759248, 25.020730799087175], [67.78787553213016, 25.0075477001663], [67.76881313871542, 24.988907110374896], [67.75175731444858, 24.96162310312377], [67.73520313111965, 24.953891534366846], [67.71764566411616, 24.950707805720697], [67.6940684932664, 24.95025298079048], [67.66346833759377, 24.947523996135544], [67.64992400438933, 24.94206584336405], [67.63387146379705, 24.92568993534229], [67.6193238487167, 24.919320939309955], [67.59674996154155, 24.91477145433919], [67.55561532458762, 24.912951614125745], [67.52471691505366, 24.91661377850312], [67.52570492464264, 24.885249044407942], [67.52325550233962, 24.851914545020293], [67.52325550233962, 24.828575048799507], [67.52692963669341, 24.814124583882517], [67.53672733040202, 24.814124583882517], [67.54652502500994, 24.806342866230352], [67.55754742987006, 24.77187510325348], [67.56122156512316, 24.765202818055684], [67.56244627717399, 24.7440715486631], [67.55877214102156, 24.72961124156558], [67.54652502500994, 24.720711755643038], [67.53550261925051, 24.716261773462122], [67.50121069172008, 24.716261773462122], [67.4914129971122, 24.726274009438043], [67.4901882859607, 24.739622402851637], [67.48651415070754, 24.7440715486631], [67.47794116904976, 24.747408304149985], [67.46569405123955, 24.76186654100809], [67.45712106958177, 24.76853900607034], [67.43752568216456, 24.772987115862747], [67.42282914205134, 24.76853900607034], [67.41548087154501, 24.762978643549616], [67.41180673629191, 24.747408304149985], [67.41548087154501, 24.73739776969137], [67.40445846578564, 24.725161577744643], [67.39833490733014, 24.725161577744643], [67.38486307836843, 24.739622402851637], [67.3553169083487, 24.743515414205035], [67.28642687460064, 24.74177747794829], [67.26154991809432, 24.733087430640467], [67.24432740988209, 24.724396776290234], [67.2290185132938, 24.724396776290234], [67.20031433174108, 24.719182092479627], [67.17565532503329, 24.709958335308954]]]}}, {"type": "Feature", "properties": {"name": "Hyderabad"}, "geometry": {"type": "Polygon", "coordinates": [[[68.28788718724394, 25.06565990777858], [68.34943738522719, 25.063244636330978], [68.39814198456497, 25.063244636330978], [68.43970324281048, 25.06089162045197], [68.49490178818701, 25.066185841203662], [68.52282575930138, 25.076773596524333], [68.54035941405579, 25.076773596524333], [68.56114004407783, 25.07383264526044], [68.58062188399282, 25.067950530492624], [68.59231098776195, 25.056185455594346], [68.5928892581328, 25.053566104592107], [68.60493810600883, 25.05278644543813], [68.61763737956147, 25.051740577066028], [68.65919863780692, 25.054878154303424], [68.66843447287266, 25.065336167130454], [68.69960541655678, 25.07788460369153], [68.71230469010942, 25.08938620690799], [68.71345916960507, 25.168822281822884], [68.70884125162252, 25.198075173030873], [68.70690644747464, 25.20551506826581], [68.70422333453934, 25.215832429822854], [68.69036958149104, 25.225232281444676], [68.67074343186397, 25.225232281444676], [68.64765384374994, 25.233587095667986], [68.6384180086842, 25.248206637626254], [68.62802769322354, 25.269088648222578], [68.63149113171039, 25.289967066027316], [68.64534488475869, 25.30144866382483], [68.6522717617325, 25.341103995153333], [68.64534488475869, 25.355710580578886], [68.62110081804838, 25.375530979271332], [68.61856096351772, 25.404900916344275], [68.61856096351772, 25.440936069044426], [68.62447189795978, 25.458949602941857], [68.64516016760768, 25.48496439429141], [68.65993750461223, 25.50030381117199], [68.6710205066911, 25.506305658979045], [68.67693144113315, 25.518975241414296], [68.67693144113315, 25.585635201103685], [68.67175937349634, 25.612288797090343], [68.66757411845089, 25.6183266762352], [68.65698203739117, 25.63360739526513], [68.61486662949142, 25.665578156406866], [68.60378362651323, 25.686221386208047], [68.57201235388709, 25.694211353571177], [68.55575728417136, 25.702866545854476], [68.5601904841036, 25.724168955333084], [68.55871275139242, 25.737481023330588], [68.53876334675113, 25.74746409699054], [68.53433014591957, 25.768758515992772], [68.52694147876628, 25.786722709485502], [68.51252497847108, 25.78822049362021], [68.50773094093023, 25.788718564110468], [68.48408720316195, 25.783396213464528], [68.48187060184688, 25.770089289589066], [68.47374306788834, 25.749460610818574], [68.46044346539367, 25.744136499300055], [68.45674913046804, 25.73282196945837], [68.47226533337852, 25.721506363128185], [68.49812567156255, 25.698206135804583], [68.50551434051448, 25.688218927961202], [68.50773094093023, 25.666244123267745], [68.50699207412498, 25.64160088886996], [68.50920867454073, 25.62827810185297], [68.48778153628894, 25.61961749385233], [68.46937652660546, 25.61578769584554], [68.47429111834049, 25.602492502726875], [68.467442033623, 25.58602044009126], [68.45374386508735, 25.57778355846449], [68.42235222867248, 25.57109067429525], [68.40922481667201, 25.566456920150813], [68.39495589160117, 25.55564412927322], [68.38924832175269, 25.544315398237075], [68.38582377894431, 25.527320292597494], [68.3926728636618, 25.51341341569662], [68.40351724682353, 25.50517154373182], [68.41778617189436, 25.497959441375144], [68.42063995816761, 25.485079610036053], [68.42006920073311, 25.466014926947366], [68.41264935948038, 25.454677736888073], [68.39666816210604, 25.449008740760803], [68.35557365739845, 25.44333947843421], [68.33559716068049, 25.42529914024317], [68.32646504802358, 25.401584874942102], [68.32703580545814, 25.391272870646503], [68.33388489017563, 25.38044431735142], [68.33559716068049, 25.36342605866571], [68.3310311048017, 25.351047638038096], [68.32418202098353, 25.345889588134014], [68.31562066576117, 25.33402523977304], [68.32075747817515, 25.32267564446545], [68.33331413274107, 25.31390477328671], [68.3367386755495, 25.300489272462016], [68.33730943208468, 25.287588351121542], [68.36071046981237, 25.275718292065562], [68.36185198468138, 25.267976322649247], [68.36870106849955, 25.257652929339258], [68.37783318025714, 25.25197468997999], [68.38068696653033, 25.239584879438667], [68.37383788181285, 25.23132430517262], [68.35956895584269, 25.226161161508458], [68.31733293626604, 25.2266774856775], [68.29849795441714, 25.23029169370676], [68.27929796472932, 25.23116010785276], [68.28130306348567, 25.229709081409055], [68.29001909130807, 25.2105917448132], [68.29102237498267, 25.198336915316418], [68.30256013903926, 25.177909460753085], [68.30908148472281, 25.16292715116714], [68.31058640933537, 25.144764308226286], [68.3082957092796, 25.09504922164433], [68.2960485914694, 25.07952075737711], [68.28788718724394, 25.06565990777858]]]}}, {"type": "Feature", "properties": {"name": "Jacobabad"}, "geometry": {"type": "Polygon", "coordinates": [[[67.91858809836208, 27.91950123749217], [67.93543066819086, 27.91503651991951], [67.97416856782519, 27.910244148748518], [68.03382493477295, 27.910928785535077], [68.06326573932245, 27.917774922274873], [68.07721138329873, 27.919144097821913], [68.08960751157747, 27.908874859886907], [68.11362501028606, 27.908190209610552], [68.1461648462307, 27.904082215322035], [68.16088524895514, 27.900658767887876], [68.16320952250152, 27.889018236502466], [68.17250661848573, 27.88285509528646], [68.19342508489979, 27.88285509528646], [68.21124451901937, 27.878061298690056], [68.24688338725855, 27.86025391098923], [68.28872031918746, 27.85956895224541], [68.29094421670231, 27.857423992723113], [68.30944509681382, 27.858241834393198], [68.32518236837166, 27.858241834393198], [68.34334075876905, 27.856101286045543], [68.35665691238665, 27.86787377585415], [68.3590780312262, 27.88606510841805], [68.35302523502662, 27.985528278607205], [68.35544635296685, 28.03148564964306], [68.36392026800604, 28.048581059368473], [68.38086809988295, 28.051786146913173], [68.39902649028033, 28.051786146913173], [68.44260662939251, 28.048581059368473], [68.47044949424884, 28.049649432375475], [68.49587124206425, 28.052854487544607], [68.51524019278071, 28.064605538414924], [68.52129298898029, 28.075287198245633], [68.5273457860792, 28.081695683509054], [68.54671473589639, 28.09664732891116], [68.5733470431316, 28.10305453983517], [68.69319242209264, 28.10305453983517], [68.71014025307028, 28.092375642721777], [68.71861416900873, 28.08276372736418], [68.73193032172702, 28.076355305053312], [68.74887815360398, 28.076355305053312], [68.77429990052008, 28.058196033320314], [68.79730052949589, 28.052854487544607], [68.85177570158743, 28.050717794590582], [68.88325024560243, 28.051786146913173], [68.90988255193827, 28.037896746537683], [68.94498877421262, 28.029348532209042], [68.94498900983501, 28.029362483391935], [68.94619933363242, 28.10091884512866], [68.94619933363242, 28.173508592647465], [68.94983101189172, 28.18951441256013], [68.96314716461, 28.194849154065253], [68.96677884376868, 28.210851779585994], [68.97041052202803, 28.250314670385762], [68.98251611532652, 28.29509269297347], [69.00067450572391, 28.31640894301836], [69.00430618488258, 28.351571414289367], [69.00209993926086, 28.396218065711196], [69.00032970745008, 28.396129921358806], [68.95799543424198, 28.388149483212146], [68.85518362762235, 28.382828856566505], [68.79319415578573, 28.382828856566505], [68.66467939773605, 28.37484741747437], [68.56942728234327, 28.373517118720088], [68.52860494845964, 28.368195759127047], [68.5149975026327, 28.352230077755962], [68.48778261277744, 28.3269461726278], [68.47115129189865, 28.32295342645949], [68.46963935347344, 28.304318631000058], [68.4575438460717, 28.279023330562325], [68.44544833956928, 28.27103409165005], [68.44393640114407, 28.24839466278354], [68.43184089464165, 28.224418263092446], [68.40613794231223, 28.207098624501953], [68.34414847137492, 28.203101386220055], [68.31693358062029, 28.199103997751365], [68.29123062919024, 28.187110936620456], [68.2670396161854, 28.171118094824294], [68.24133666385603, 28.15645588902811], [68.21412177400072, 28.133792165875832], [68.18085913134388, 28.101788161294678], [68.1415487349862, 28.077778890483444], [68.10375027615436, 28.05109562766114], [68.05990406452099, 28.02307107277187], [68.03268917466573, 28.003049065861774], [67.98430714775674, 27.942960723058945], [67.95860419542731, 27.929603214117094], [67.91858809836208, 27.91950123749217]]]}}, {"type": "Feature", "properties": {"name": "Sukkur"}, "geometry": {"type": "Polygon", "coordinates": [[[69.49300147194043, 27.051872641209457], [69.49624548124405, 27.060540671314982], [69.49775741966926, 27.102271949091232], [69.5219484326741, 27.148023858314446], [69.56125882903177, 27.185687840621426], [69.59300953416272, 27.23006121325443], [69.68674971113035, 27.303977542629525], [69.7167740497826, 27.33369876118894], [69.68827223817328, 27.345453741197275], [69.6713244071957, 27.358356387437368], [69.62653370956309, 27.365882237175583], [69.61321755594548, 27.379857457155993], [69.59748028348832, 27.39060642494661], [69.57811133457051, 27.39275609331912], [69.5647951809529, 27.404578520682207], [69.55995294327374, 27.44755850622016], [69.55995294327374, 27.463671686299335], [69.53763022865218, 27.479438837832163], [69.5267836160711, 27.473939924188187], [69.51593700438929, 27.462253821456727], [69.50121660166491, 27.4588164956848], [69.47797386170441, 27.46706589587444], [69.46402821772813, 27.48081352352534], [69.45240684729822, 27.48356284275104], [69.38577765791263, 27.484937478082202], [69.34394072598377, 27.499370099550504], [69.3160494380312, 27.52960374281855], [69.30752709989582, 27.55433417728051], [69.29125718147378, 27.563263243703773], [69.2796358119432, 27.585926072929965], [69.27808629534633, 27.598972244673405], [69.26878919936212, 27.605838027103346], [69.25639307108344, 27.60927075733963], [69.24942024954493, 27.619568301436004], [69.247870732948, 27.6284920564633], [69.20835807456552, 27.637415084838324], [69.19673670413562, 27.653886454995927], [69.19673670413562, 27.66623835551576], [69.19983573643015, 27.678588859388412], [69.21610565485213, 27.68270538374651], [69.24244742710715, 27.68064714045323], [69.26491540921882, 27.68064714045323], [69.2804105688927, 27.6861357029004], [69.2811853276408, 27.701913779397444], [69.2788610531951, 27.72249045217268], [69.2796358119432, 27.74580598685685], [69.2788610531951, 27.759518676745586], [69.27033871595904, 27.767745461683774], [69.25329403878891, 27.77597162429106], [69.25019500649444, 27.806814194919184], [69.22695226653394, 27.828056206828535], [69.22230371854181, 27.845183834766203], [69.22075420284426, 27.879430976058757], [69.21223186560815, 27.8869638953675], [69.20138525212775, 27.89381154836434], [69.19596194628684, 27.904766891678776], [69.19596194628684, 27.9246206264408], [69.19523935361332, 27.92638818186913], [69.19221211779507, 27.933793188804657], [69.18179937054458, 27.942992350416716], [69.16989908707325, 27.95087672118376], [69.16196556565836, 27.951314726093813], [69.14857774686556, 27.947372627045127], [69.1346940832654, 27.946058562852443], [69.11329756513061, 27.954246684137217], [69.10760265863587, 27.958829971026375], [69.0936938895614, 27.954052208442704], [69.07355018189543, 27.949261567567362], [69.05185695673322, 27.93488836790391], [69.03868607150503, 27.920513256281822], [69.02551518447825, 27.91435190831396], [69.00847050910676, 27.910244148748518], [68.99529962207993, 27.904082215322035], [68.96895784982496, 27.88217028043414], [68.95346269015107, 27.873267289853572], [68.94416559416692, 27.86573341816279], [68.94106656187239, 27.852034129071853], [68.92867043449303, 27.836277806275803], [68.91472479051674, 27.83079680982496], [68.91240051607099, 27.818463554949176], [68.91240051607099, 27.806814194919184], [68.8883830173624, 27.798590365153302], [68.88528398506793, 27.783511728283656], [68.88528398506793, 27.773229639936005], [68.87366261553734, 27.757461883159408], [68.86204124510743, 27.75471943205622], [68.76209746282768, 27.751291269476553], [68.74272851211123, 27.736891812307363], [68.73265665737887, 27.732777332108242], [68.72103528784834, 27.731405804834083], [68.70321585372875, 27.721118794496817], [68.69701779003901, 27.712202600969306], [68.69391875774454, 27.70259973099286], [68.69289607659272, 27.678533971965294], [68.69130953760515, 27.678411798165996], [68.70017508311366, 27.664481725950964], [68.71018867616652, 27.660062579724354], [68.72103528784834, 27.644278457085193], [68.72103528784834, 27.637415084838324], [68.7380799641191, 27.63398323683697], [68.84809560113115, 27.633296854466323], [68.85816745586345, 27.627119218876885], [68.86436551955313, 27.61888182823384], [68.88915777611055, 27.60927075733963], [68.89303156535453, 27.59691242666719], [68.8883830173624, 27.57768558592113], [68.87753640478132, 27.56051591557707], [68.86746455184766, 27.55433417728051], [68.86281600385553, 27.542656610913923], [68.86668979309951, 27.524794400541225], [68.85661793926653, 27.508303632007085], [68.84112277869332, 27.501431748576408], [68.82950140916273, 27.493184922246428], [68.82562761901949, 27.485624787653876], [68.82640237686826, 27.47050296354098], [68.83414995715486, 27.455379063792805], [68.84577132668545, 27.44781633645482], [68.85816745586345, 27.43819029634517], [68.86668979309951, 27.42925107837459], [68.8806354370758, 27.419623419485276], [68.91007624252461, 27.40724376678645], [68.91859857976073, 27.38935959856667], [68.9216976120552, 27.346012887484846], [68.91937333850882, 27.330183669240967], [68.91007624252461, 27.320547386752537], [68.89690535549784, 27.31641729432272], [68.8883830173624, 27.30953346609664], [68.8883830173624, 27.2950760368297], [68.88141019582395, 27.28956794920157], [68.87366261553734, 27.290256474656644], [68.86126648725866, 27.286125255376305], [68.85661793926653, 27.275107919994582], [68.85661793926653, 27.25306997120225], [68.86668979309951, 27.244115806499337], [68.88218495367272, 27.235160922338764], [68.88683350166485, 27.22207171803541], [68.90232866133869, 27.21518204511534], [68.91937333850882, 27.21242605651736], [68.92789567574488, 27.208980974992073], [68.948814142159, 27.184173245598856], [68.96275978613528, 27.172456565917855], [68.97825494580917, 27.167631693248097], [68.991425832836, 27.165563827208928], [69.00614623556038, 27.157291978142325], [69.01931712078857, 27.146951306157916], [69.04023558720263, 27.142125330919328], [69.06115405361675, 27.14005699273605], [69.09291913171262, 27.14005699273605], [69.1130628402779, 27.145572478187376], [69.12313469411089, 27.15867066222131], [69.14017936948238, 27.166253119785722], [69.15722404665246, 27.165563827208928], [69.19518718843807, 27.142125330919328], [69.21533089700335, 27.141435889954437], [69.23160081452602, 27.136609677294814], [69.24477170155285, 27.12764615784397], [69.26414065137004, 27.12006108055448], [69.28350960118718, 27.116613148178317], [69.32069798602328, 27.115233944291163], [69.33076983985626, 27.111785863526848], [69.35788636996006, 27.092474644789093], [69.38810193235832, 27.088336093336068], [69.42451555934565, 27.066951142281425], [69.44930781500369, 27.06488141374632], [69.47564958725872, 27.058672000612376], [69.49300147194043, 27.051872641209457]]]}}, {"type": "Feature", "properties": {"name": "Rajanpur"}, "geometry": {"type": "Polygon", "coordinates": [[[69.77177459592093, 28.394865622050872], [69.77802972878902, 28.399499286263108], [69.78127930039943, 28.407756836109172], [69.78633418727298, 28.414108358314138], [69.79716608964338, 28.417919088894905], [69.8311060486053, 28.419189302144616], [69.84302114121277, 28.42141213845946], [69.85818580453133, 28.427762842281425], [69.86324069230415, 28.436653186595322], [69.86973983372638, 28.440145617426367], [69.88382130500929, 28.443002975806735], [69.91306744051002, 28.442368013972725], [69.93509230866317, 28.446812666771223], [69.94375782966017, 28.452209492973793], [69.94881271833236, 28.46236747847638], [69.95170122473178, 28.485536728537227], [69.95567292226758, 28.495374187568757], [69.96325525392689, 28.50394154936305], [69.9827526781936, 28.51472909087488], [70.02993915087114, 28.51558173540883], [70.03388828171887, 28.52153022733819], [70.03727325165931, 28.53590436319587], [70.03614492804604, 28.544329668979117], [70.04065821980106, 28.553249846503263], [70.05814722951106, 28.561178257970255], [70.06604549120652, 28.569106074086108], [70.06943046024759, 28.581492090387712], [70.07168710657476, 28.60427854671758], [70.07055878386086, 28.62904083156917], [70.07168710657476, 28.658252816214542], [70.06378884398003, 28.669143338194544], [70.0609680376449, 28.679042829762807], [70.05250561324351, 28.687456662894704], [70.04855648239578, 28.69834414786419], [70.06491716759325, 28.728526252784377], [70.08014953007682, 28.736936107315557], [70.11512754679887, 28.738914797479993], [70.13035990928245, 28.730505103028122], [70.14615643267331, 28.716652366213793], [70.1704153804655, 28.714673253368005], [70.18903271199014, 28.71962096353667], [70.21272749797572, 28.735452064061576], [70.23134482950036, 28.7374307830043], [70.24149973752293, 28.742377416684462], [70.25616793819984, 28.75622674416894], [70.26068123085417, 28.765623456257572], [70.2657586844158, 28.800729995992583], [70.27478526972448, 28.805673629534454], [70.28719682497353, 28.80814535862146], [70.30581415559885, 28.80616798056792], [70.31032744915251, 28.79924686015454], [70.31822571084791, 28.791336446819628], [70.33120142700432, 28.786886575255267], [70.3520754039568, 28.78836988646117], [70.37238522000195, 28.80814535862146], [70.37464186722843, 28.832365197595834], [70.37577018994239, 28.861520383758773], [70.37407770542183, 28.88967949521259], [70.35715285751843, 28.904003131439424], [70.36223031197937, 28.90844799557857], [70.39495168327363, 28.909435716485177], [70.43500715355736, 28.91338650928003], [70.46039442406345, 28.92968194056914], [70.48747417998948, 28.939062996360235], [70.49213706587295, 28.94439902029859], [70.49480827987827, 28.947455852805433], [70.49480827987827, 28.958809811623553], [70.49029498812325, 28.973617452183703], [70.48973082631665, 28.98644902680121], [70.4919874717445, 28.99237075490646], [70.50496318790084, 29.000265865377457], [70.51568225773008, 29.010133904955808], [70.51737474225064, 29.06537750816551], [70.53937704371566, 29.08312809828317], [70.54332617456333, 29.094467151737717], [70.54671114450377, 29.118620101836257], [70.55348108258596, 29.13931811833652], [70.55235275987201, 29.15705595876551], [70.53655623558188, 29.179716518102907], [70.52922213569309, 29.193014951478858], [70.54840362812502, 29.23142296000168], [70.56645679874231, 29.24865264210581], [70.58845910020739, 29.258989059397607], [70.59635736100347, 29.268340155174087], [70.60199897727102, 29.2860556762285], [70.60425562269887, 29.31901804964332], [70.58281748393978, 29.334265695205715], [70.57435506043777, 29.345085221106103], [70.57548338405098, 29.35492015843863], [70.58056083851193, 29.359837270973344], [70.59635736100347, 29.369670782880405], [70.60369146179158, 29.380486550513922], [70.60538394631214, 29.39277579886408], [70.6240012787361, 29.417349842121553], [70.63077121681823, 29.43454813698696], [70.6318995404315, 29.46304175667177], [70.64092612484086, 29.469918328268307], [70.64656774110841, 29.47974119220231], [70.6403619630342, 29.493982655575167], [70.63472034856528, 29.515586568165645], [70.62851457049106, 29.52933211208733], [70.62907873229773, 29.569085489303916], [70.63697699489245, 29.57791744963066], [70.6533376791906, 29.589201607568214], [70.661235940886, 29.59999396944619], [70.66180010269267, 29.615199427811376], [70.68775153500542, 29.639719528833268], [70.69000818133259, 29.65835081244012], [70.6855169148738, 29.66957094044659], [70.68549488867825, 29.669625966365288], [70.66744171896022, 29.670606355099267], [70.65503016461048, 29.67403763922573], [70.64374693297464, 29.67991956873317], [70.60707643083265, 29.71814372075613], [70.60030649275052, 29.74508790118574], [70.58563829207355, 29.752435057432024], [70.57548338405098, 29.755373769383993], [70.55291692077935, 29.747537013222654], [70.53542791286793, 29.736760472218066], [70.52245219671158, 29.73235155398106], [70.51737474225064, 29.721083437250854], [70.52132387399763, 29.71177403854108], [70.52188803490492, 29.675998321365512], [70.51906722677114, 29.670606355099267], [70.50327070338034, 29.655899524943152], [70.49311579535771, 29.64952589650295], [70.48973082631665, 29.645113148952703], [70.4778834328742, 29.636287072890127], [70.4716776556993, 29.625989007187002], [70.45983026315616, 29.61912304489266], [70.45080367784749, 29.610294691746674], [70.44572622428586, 29.602446617617375], [70.42428808372813, 29.597050712320595], [70.41018404575715, 29.597050712320595], [70.38931006790534, 29.59950343243753], [70.37577018994239, 29.60293714023686], [70.36505112011315, 29.608823224612195], [70.35263956576341, 29.61912304489266], [70.35038291943624, 29.625989007187002], [70.35151124304946, 29.63775813982636], [70.34981875762963, 29.648055003135937], [70.339663849607, 29.657370304995652], [70.32612397164405, 29.66521410015065], [70.32161067988903, 29.672076919314406], [70.31991819536847, 29.684820914353793], [70.31596906362142, 29.697563292412042], [70.31089160916048, 29.707854033137153], [70.30186502475112, 29.715693891060255], [70.2967875711895, 29.747537013222654], [70.29340260124911, 29.756843093434043], [70.28155520870598, 29.764189388129807], [70.26011706904757, 29.765658582677474], [70.24544886837066, 29.761250935182545], [70.23416563673482, 29.747537013222654], [70.22175408238508, 29.74018949724757], [70.21047085074923, 29.736760472218066], [70.19693097458486, 29.73725034013114], [70.17944196487485, 29.746557375422583], [70.17154370407872, 29.752924848902694], [70.15292637165476, 29.77398361135465], [70.14615643267331, 29.78426651358876], [70.13148823199634, 29.789162762751346], [70.11794835493271, 29.789162762751346], [70.10271599244913, 29.778880362338896], [70.09707437618158, 29.717653759313578], [70.0891761153855, 29.707854033137153], [70.07732872194305, 29.69805335188073], [70.06604549120652, 29.693152651973378], [70.05927555222502, 29.67795896393511], [70.04855648239578, 29.673057284666015], [70.04404318974144, 29.667174953161634], [70.03952989798648, 29.64854530362294], [70.04291486702755, 29.634325618232765], [70.04065821980106, 29.61814215523634], [70.03275995810566, 29.602446617617375], [70.01865591923536, 29.598031807022323], [70.01301430386707, 29.591654518341386], [70.0107576575399, 29.579880003259575], [70.00962933392668, 29.570557537400475], [70.01696343561412, 29.56221565362955], [70.03783741346592, 29.54896536366067], [70.04291486702755, 29.538658382078722], [70.03840157437321, 29.38786027723006], [70.04065821980106, 29.35688703151135], [70.04009405979309, 29.338692003633128], [70.03388828171887, 29.330331037147687], [70.02147672736913, 29.329839194323426], [70.01357846567373, 29.321969385378907], [70.0090651730194, 29.30967159167068], [70.01019349573329, 29.30180022689899], [70.0090651730194, 29.29196016702815], [70.00398771945777, 29.28310330267533], [69.98931951788148, 29.278674582266206], [69.9808570952788, 29.270308698287863], [69.97972877166552, 29.258004683069714], [69.98424206342054, 29.218621890387965], [69.98198541799269, 29.205326779107622], [69.97183050997012, 29.191537433705662], [69.95039236941238, 29.179716518102907], [69.95039236941238, 29.165431095868428], [69.94700740127058, 29.147694702448632], [69.94023746138981, 29.137839827146365], [69.93346752330763, 29.133897612085207], [69.8770513669271, 29.1299552468372], [69.87197391246616, 29.124041414779526], [69.8691531052317, 29.114677151129683], [69.86971726703831, 29.081155961478487], [69.86746062071114, 29.069815442129027], [69.86294732715749, 29.060446245697733], [69.84376583472556, 29.051076198507815], [69.84150918839839, 29.038252648540947], [69.84038086478512, 29.010133904955808], [69.81837856421942, 28.99829214486664], [69.81048030252401, 28.98102047791275], [69.80991614071735, 28.970162524880664], [69.81273694885118, 28.959797053191494], [69.81330111065779, 28.92820064384466], [69.81555775608564, 28.91733715278741], [69.82853347224199, 28.899558076643984], [69.84038086478512, 28.87337778215897], [69.84263751111229, 28.859049921816506], [69.84038086478512, 28.843731750519908], [69.8341750885096, 28.832365197595834], [69.82176353326048, 28.824951559866633], [69.8172502406062, 28.817043097161275], [69.81442943337169, 28.800235620677427], [69.80878781800345, 28.791830864402925], [69.79242713190666, 28.78639213339028], [69.77719477032247, 28.783919888092385], [69.76591153868662, 28.776502802362472], [69.76309073055285, 28.769085188730514], [69.75744911518456, 28.712199310150083], [69.75293582253022, 28.700323569177442], [69.73601097642546, 28.685971917270194], [69.73036936015791, 28.67755796542781], [69.72642022931018, 28.667163326926072], [69.7083670595922, 28.658252816214542], [69.70554625145837, 28.64835136052693], [69.69708382795636, 28.644885629668124], [69.64292431790301, 28.636468379112443], [69.63051276355327, 28.615669923628104], [69.63389773349365, 28.589418374058766], [69.6423601560964, 28.557709651978882], [69.64348847970962, 28.525991375501633], [69.64630928694407, 28.517564603823473], [69.65138674140502, 28.50963290803236], [69.67113239564361, 28.49426355182152], [69.67508152649128, 28.476412458867912], [69.69031388987418, 28.46897361224245], [69.70216128241731, 28.465997928261856], [69.71852196761478, 28.457566364096465], [69.72698439021747, 28.44863809447253], [69.72642022931018, 28.439709070317406], [69.71908612852206, 28.427802532061264], [69.71852196761478, 28.418375573973606], [69.71849382782796, 28.418298440920353], [69.73361979871481, 28.409429316110106], [69.74722724454176, 28.39878993340875], [69.76990632002071, 28.396129921358806], [69.77177459592093, 28.394865622050872]]]}}, {"type": "Feature", "properties": {"name": "Dera Ghazi Khan"}, "geometry": {"type": "Polygon", "coordinates": [[[69.96977380256934, 30.27252184496675], [69.98285980993234, 30.268876142819806], [70.00701211791494, 30.260852887950477], [70.02125578552614, 30.248549290017763], [70.02992584540152, 30.227683146160302], [70.02693583612, 30.20761327823027], [70.00123288468995, 30.1827841944351], [69.95889861058248, 30.137030024316232], [69.95738667215727, 30.05069300707669], [69.94982698093048, 30.025824441244993], [69.90598076929712, 30.00880551076574], [69.90144495402149, 29.962970801861047], [69.8938852627947, 29.9393904312235], [69.87423006416617, 29.926287808135896], [69.87423006416617, 29.889591289506484], [69.81980028355628, 29.830586434616293], [69.81375253075475, 29.805662803295775], [69.79107345527581, 29.78073295945859], [69.76385856542049, 29.737419001685623], [69.74117949174018, 29.695399717822795], [69.71698847783603, 29.677010752044623], [69.66558257407661, 29.667815006057708], [69.64592737544808, 29.661246102425764], [69.63534380737087, 29.65599067123253], [69.62173636244324, 29.634966199030885], [69.62173636244324, 29.620509328242974], [69.60812891751561, 29.6073649172572], [69.59452147258793, 29.599477449224935], [69.59340420793791, 29.581989107711195], [69.59300953416272, 29.57581134261943], [69.59391290046005, 29.56245215014667], [69.59603341101314, 29.53109355842105], [69.5899856573123, 29.486355994533596], [69.58393790451072, 29.473194125908208], [69.5718423980083, 29.462663400195822], [69.56730658273267, 29.444231999906947], [69.56881852025856, 29.42184651260652], [69.57335433643351, 29.406042023020973], [69.58696178046188, 29.398138855523825], [69.61871248559277, 29.398138855523825], [69.62324830086845, 29.38496554662271], [69.64139156107171, 29.374425670308483], [69.64743931387329, 29.307208313512888], [69.66558257407661, 29.276880107431055], [69.68372583338055, 29.26369112154805], [69.70791684728471, 29.265010096938454], [69.73210786118892, 29.26896691968767], [69.76234662699528, 29.250500435047115], [69.76385856542049, 29.225433444597854], [69.75327499734328, 29.204319640938706], [69.73361979871481, 29.183201486359565], [69.73664367556523, 29.155477310429603], [69.72606010748802, 29.115858360275183], [69.70489297043429, 29.094722010612372], [69.70035715605798, 29.06829547185862], [69.62778411614408, 29.011455470393685], [69.61871248559277, 28.987652688420894], [69.59603341101314, 28.97045838294804], [69.58847371888709, 28.944000025281014], [69.55672301465546, 28.91356455975665], [69.52043649424888, 28.888415480989693], [69.50229323404557, 28.864584418036486], [69.49170966596836, 28.836774604164702], [69.49170966596836, 28.82220459146879], [69.49926935809447, 28.804982856673575], [69.5143887414473, 28.79305844978768], [69.53706781602693, 28.77980750870961], [69.55369913780504, 28.759927940921784], [69.55521107623025, 28.73341596117774], [69.53555587760172, 28.713527561148055], [69.49019772754315, 28.688330157310986], [69.4735664057651, 28.66445333865073], [69.47205446733983, 28.631282063516494], [69.44786345433499, 28.60871960672455], [69.44786345433499, 28.58216933384773], [69.43274407098215, 28.562252229257012], [69.39192173619921, 28.543659531062588], [69.35865909264305, 28.535690226522775], [69.34051583243979, 28.52373513926534], [69.34051583243979, 28.505135642196194], [69.35865909264305, 28.49450588673733], [69.37075459914547, 28.475901236552886], [69.37226653757068, 28.451976157573654], [69.381338168122, 28.437352610934283], [69.40250530517574, 28.428045663776402], [69.40326124561005, 28.42006763041684], [69.41913662605452, 28.42006763041684], [69.43425600940736, 28.430704874530363], [69.44635151590978, 28.440011587864547], [69.47205446733983, 28.46659768343642], [69.50985292527236, 28.470585021081888], [69.55672301465546, 28.470585021081888], [69.58393790451072, 28.461280999418648], [69.59603341101314, 28.451976157573654], [69.61266473279125, 28.43336401873455], [69.62778411614408, 28.422727041719668], [69.65802288284982, 28.422727041719668], [69.71547653941082, 28.42006763041684], [69.71849382782796, 28.418298440920353], [69.71852196761478, 28.418375573973606], [69.71908612852206, 28.427802532061264], [69.72642022931018, 28.439709070317406], [69.72698439021747, 28.44863809447253], [69.71852196761478, 28.457566364096465], [69.70216128241731, 28.465997928261856], [69.69031388987418, 28.46897361224245], [69.67508152649128, 28.476412458867912], [69.67113239564361, 28.49426355182152], [69.65138674140502, 28.50963290803236], [69.64630928694407, 28.517564603823473], [69.64348847970962, 28.525991375501633], [69.6423601560964, 28.557709651978882], [69.63389773349365, 28.589418374058766], [69.63051276355327, 28.615669923628104], [69.64292431790301, 28.636468379112443], [69.69708382795636, 28.644885629668124], [69.70554625145837, 28.64835136052693], [69.7083670595922, 28.658252816214542], [69.72642022931018, 28.667163326926072], [69.73036936015791, 28.67755796542781], [69.73601097642546, 28.685971917270194], [69.75293582253022, 28.700323569177442], [69.75744911518456, 28.712199310150083], [69.76309073055285, 28.769085188730514], [69.76591153868662, 28.776502802362472], [69.77719477032247, 28.783919888092385], [69.79242713190666, 28.78639213339028], [69.80878781800345, 28.791830864402925], [69.81442943337169, 28.800235620677427], [69.8172502406062, 28.817043097161275], [69.82176353326048, 28.824951559866633], [69.8341750885096, 28.832365197595834], [69.84038086478512, 28.843731750519908], [69.84263751111229, 28.859049921816506], [69.84038086478512, 28.87337778215897], [69.82853347224199, 28.899558076643984], [69.81555775608564, 28.91733715278741], [69.81330111065779, 28.92820064384466], [69.81273694885118, 28.959797053191494], [69.80991614071735, 28.970162524880664], [69.81048030252401, 28.98102047791275], [69.81837856421942, 28.99829214486664], [69.84038086478512, 29.010133904955808], [69.84150918839839, 29.038252648540947], [69.84376583472556, 29.051076198507815], [69.86294732715749, 29.060446245697733], [69.86746062071114, 29.069815442129027], [69.86971726703831, 29.081155961478487], [69.8691531052317, 29.114677151129683], [69.87197391246616, 29.124041414779526], [69.8770513669271, 29.1299552468372], [69.93346752330763, 29.133897612085207], [69.94023746138981, 29.137839827146365], [69.94700740127058, 29.147694702448632], [69.95039236941238, 29.165431095868428], [69.95039236941238, 29.179716518102907], [69.97183050997012, 29.191537433705662], [69.98198541799269, 29.205326779107622], [69.98424206342054, 29.218621890387965], [69.97972877166552, 29.258004683069714], [69.9808570952788, 29.270308698287863], [69.98931951788148, 29.278674582266206], [70.00398771945777, 29.28310330267533], [70.0090651730194, 29.29196016702815], [70.01019349573329, 29.30180022689899], [70.0090651730194, 29.30967159167068], [70.01357846567373, 29.321969385378907], [70.02147672736913, 29.329839194323426], [70.03388828171887, 29.330331037147687], [70.04009405979309, 29.338692003633128], [70.04065821980106, 29.35688703151135], [70.03840157437321, 29.38786027723006], [70.04291486702755, 29.538658382078722], [70.03783741346592, 29.54896536366067], [70.01696343561412, 29.56221565362955], [70.00962933392668, 29.570557537400475], [70.0107576575399, 29.579880003259575], [70.01301430386707, 29.591654518341386], [70.01865591923536, 29.598031807022323], [70.03275995810566, 29.602446617617375], [70.04065821980106, 29.61814215523634], [70.04291486702755, 29.634325618232765], [70.03952989798648, 29.64854530362294], [70.04404318974144, 29.667174953161634], [70.04855648239578, 29.673057284666015], [70.05927555222502, 29.67795896393511], [70.06604549120652, 29.693152651973378], [70.07732872194305, 29.69805335188073], [70.0891761153855, 29.707854033137153], [70.09707437618158, 29.717653759313578], [70.10271599244913, 29.778880362338896], [70.11794835493271, 29.789162762751346], [70.13148823199634, 29.789162762751346], [70.14615643267331, 29.78426651358876], [70.15292637165476, 29.77398361135465], [70.17154370407872, 29.752924848902694], [70.17944196487485, 29.746557375422583], [70.19693097458486, 29.73725034013114], [70.21047085074923, 29.736760472218066], [70.22175408238508, 29.74018949724757], [70.23416563673482, 29.747537013222654], [70.24544886837066, 29.761250935182545], [70.26011706904757, 29.765658582677474], [70.28155520870598, 29.764189388129807], [70.29340260124911, 29.756843093434043], [70.2967875711895, 29.747537013222654], [70.30186502475112, 29.715693891060255], [70.31089160916048, 29.707854033137153], [70.31596906362142, 29.697563292412042], [70.31991819536847, 29.684820914353793], [70.32161067988903, 29.672076919314406], [70.32612397164405, 29.66521410015065], [70.339663849607, 29.657370304995652], [70.34981875762963, 29.648055003135937], [70.35151124304946, 29.63775813982636], [70.35038291943624, 29.625989007187002], [70.35263956576341, 29.61912304489266], [70.36505112011315, 29.608823224612195], [70.37577018994239, 29.60293714023686], [70.38931006790534, 29.59950343243753], [70.41018404575715, 29.597050712320595], [70.42428808372813, 29.597050712320595], [70.44572622428586, 29.602446617617375], [70.45080367784749, 29.610294691746674], [70.45983026315616, 29.61912304489266], [70.4716776556993, 29.625989007187002], [70.4778834328742, 29.636287072890127], [70.48973082631665, 29.645113148952703], [70.49311579535771, 29.64952589650295], [70.50327070338034, 29.655899524943152], [70.51906722677114, 29.670606355099267], [70.52188803490492, 29.675998321365512], [70.52132387399763, 29.71177403854108], [70.51737474225064, 29.721083437250854], [70.52245219671158, 29.73235155398106], [70.53542791286793, 29.736760472218066], [70.55291692077935, 29.747537013222654], [70.57548338405098, 29.755373769383993], [70.58563829207355, 29.752435057432024], [70.60030649275052, 29.74508790118574], [70.60707643083265, 29.71814372075613], [70.64374693297464, 29.67991956873317], [70.65503016461048, 29.67403763922573], [70.66744171896022, 29.670606355099267], [70.68549488867825, 29.669625966365288], [70.6855169148738, 29.66957094044659], [70.70695920580278, 29.67892964089026], [70.71760739826288, 29.69331951488374], [70.728255590723, 29.716955549059378], [70.73831221813441, 29.723634288691528], [70.74422788031251, 29.73596310361438], [70.75369294087659, 29.74572234051368], [70.7667073989274, 29.750858399295737], [70.77617245949148, 29.758561994640388], [70.7797218569782, 29.7739674082693], [70.79214474908099, 29.779102019142897], [70.79865197810636, 29.7893704521847], [70.80279294244042, 29.810930732367467], [70.80220137559309, 29.836591672867485], [70.79214474908099, 29.865837105997684], [70.79273631502895, 29.878661346643867], [70.79746884531102, 29.886355100707362], [70.8169905323872, 29.895586820475444], [70.82763872574662, 29.90276645640688], [70.83118812323335, 29.922764141152243], [70.82349776141263, 29.933017806426676], [70.8093001714658, 29.936093700963568], [70.80042667684972, 29.945833403688653], [70.79865197810636, 29.960184909905706], [70.7797218569782, 29.983245492185745], [70.7738061948001, 29.997591597074575], [70.7738061948001, 30.018082434956455], [70.77558089264414, 30.029350592156163], [70.78327125536418, 30.040105365070588], [70.79510258061964, 30.051883062853108], [70.80160980874575, 30.066731207079613], [70.80220137559309, 30.08823146740832], [70.80575077307975, 30.106144780856994], [70.80575077307975, 30.128148121039033], [70.80101824369706, 30.167025754634892], [70.78859535159427, 30.177765556535235], [70.77794715913416, 30.183390699920892], [70.76197486864532, 30.204865565193757], [70.76079173584998, 30.23655799425609], [70.76729896487541, 30.262108964756976], [70.77439776074812, 30.27845809816273], [70.78208812256884, 30.310126793216966], [70.7814965557215, 30.32799976667593], [70.77203149605674, 30.345358959248642], [70.76256643549266, 30.358631560498168], [70.76020017080128, 30.370371205266963], [70.7738061948001, 30.37955777097443], [70.78504595410755, 30.397418065791157], [70.796877279363, 30.402010184922176], [70.80515920713174, 30.412724290493657], [70.80634233992708, 30.425987744738677], [70.80160980874575, 30.43567912868889], [70.7838628213122, 30.455059006168256], [70.77676402633881, 30.476984221344765], [70.76729896487541, 30.496355883517253], [70.75724233926258, 30.509098294850503], [70.77203149605674, 30.52744443491281], [70.77617245949148, 30.546806046262077], [70.77321462795277, 30.581443505013794], [70.7667073989274, 30.615559490977773], [70.7667073989274, 30.629013310116193], [70.7667073989274, 30.629813357800288], [70.77498932759545, 30.654752573472535], [70.77617245949148, 30.666965352469106], [70.78267968851685, 30.690368866030383], [70.78090499067281, 30.70257714302079], [70.75724233926258, 30.723429375265482], [70.75132667618522, 30.72648054294274], [70.74600257905581, 30.732074100339503], [70.7436363143645, 30.742243373233123], [70.72943872351834, 30.7529199545923], [70.72115679574961, 30.769695046489232], [70.71997366295426, 30.781385048681102], [70.72352306134025, 30.793581798161483], [70.73594595254372, 30.802220226182556], [70.74777727869849, 30.80526889734182], [70.75191824213323, 30.823558894527423], [70.75191824213323, 30.91343403175523], [70.75546763961995, 30.927643844387944], [70.76079173584998, 30.93677760909941], [70.77498932759545, 30.946417859396718], [70.78267968851685, 30.959100917273588], [70.7797218569782, 30.970767842861733], [70.78090499067281, 31.003731880921634], [70.77794715913416, 31.033643219758858], [70.77143992920941, 31.049355584592604], [70.7566507724153, 31.06759894563487], [70.75310137492858, 31.087358638290596], [70.75310137492858, 31.104075169933196], [70.75014354338987, 31.1207887598934], [70.73476281974837, 31.132435885108066], [70.728255590723, 31.149144480233645], [70.73298812190438, 31.159775688996888], [70.75132667618522, 31.168381032758532], [70.75901703800594, 31.18002231237989], [70.76020017080128, 31.197734556304795], [70.7574599518154, 31.209765892581913], [70.75649056538737, 31.20928228664826], [70.74217808704913, 31.21963964195595], [70.7256636888282, 31.24599869918069], [70.71025025054865, 31.250704900011158], [70.68823105262106, 31.243174866626873], [70.66070705498663, 31.241292264526464], [70.58914466149696, 31.243174866626873], [70.57373122411673, 31.246939957513064], [70.5495101063064, 31.259175469572313], [70.53299570808554, 31.25541086611861], [70.5164813089653, 31.243174866626873], [70.50657267039247, 31.229995862319242], [70.48785635228887, 31.21963964195595], [70.45482755494777, 31.21399031580046], [70.43390931696149, 31.20269065175222], [70.4228997184473, 31.187622331905118], [70.42216899230522, 31.185871878884143], [70.41739491874057, 31.17443558443472], [70.41959683862325, 31.148056581146363], [70.4162939587992, 31.12544016323301], [70.39977956057834, 31.11978521541539], [70.35133732495763, 31.11978521541539], [70.32601524720593, 31.116015063144687], [70.30950084898507, 31.099990246852485], [70.2896835709401, 31.09433378277788], [70.26656341307114, 31.084905596216345], [70.24959919015055, 31.070376013442342], [70.24919077113725, 31.05323721322685], [70.24465495586156, 31.002708670069126], [70.22499975813241, 30.984563681368854], [70.22197588128194, 30.93918611494729], [70.22651169655762, 30.90027390331801], [70.22651169655762, 30.861345868117382], [70.2189520035322, 30.83927962845212], [70.2008087442282, 30.82240202193583], [70.18720129930057, 30.806820058798735], [70.18115354559973, 30.78214344876119], [70.16905803909731, 30.75616122905751], [70.15545059416962, 30.748365195097733], [70.13730733486568, 30.743167488688698], [70.10706856726063, 30.71847455325809], [70.08892530795663, 30.708075635781995], [70.05566266440047, 30.695075412200538], [70.04507909542394, 30.680773142966245], [70.05112684912484, 30.66516825161358], [70.06775817090295, 30.639154498980986], [70.07229398527926, 30.589709093000295], [70.06624623247768, 30.563675056158957], [70.04961491069963, 30.535029545477187], [70.036007465772, 30.527215667169344], [70.02693583612, 30.511586023776033], [70.0208880824191, 30.48943972826089], [70.01181645276716, 30.46598521414637], [69.99972094626469, 30.459469069242175], [69.99367319256385, 30.441221543439553], [69.99064931571343, 30.409932124867737], [69.98006574763622, 30.39167533065205], [69.96343442585811, 30.382545653359273], [69.95889861058248, 30.368197294769402], [69.95932679219777, 30.336780084333498], [69.94136738309828, 30.329296917318914], [69.93579377446315, 30.310586498767975], [69.94446383343922, 30.28599022876608], [69.96366182123614, 30.27422461517392], [69.96977380256934, 30.27252184496675]]]}}, {"type": "Feature", "properties": {"name": "Rahim Yar Khan"}, "geometry": {"type": "Polygon", "coordinates": [[[70.11141199147028, 27.833501127874797], [70.12521182746394, 27.852097122084558], [70.21895200443151, 27.932274848105806], [70.27640566099251, 27.989698993413867], [70.32176381105108, 28.00438398173543], [70.36258614583403, 28.015062716970874], [70.37619359076166, 28.020401687088224], [70.39584878939019, 28.031078833221613], [70.44120693944876, 28.032413401957], [70.46237407560318, 28.02974424829847], [70.48354121265692, 28.020401687088224], [70.58030526557559, 27.949638858346702], [70.59391271050322, 27.932274848105806], [70.59996046420412, 27.90555553865721], [70.60298434105454, 27.872147120393322], [70.60298434105454, 27.838728396798103], [70.61054403228133, 27.824020895747765], [70.63171116933506, 27.799949777660174], [70.65741412076511, 27.741086821399733], [70.67555738096843, 27.721012629529298], [70.70277227082369, 27.711643407916995], [70.86152579557904, 27.708966339325173], [70.89176456228478, 27.719674218890134], [70.90839588406283, 27.73841047676217], [70.92805108269135, 27.747777397009315], [70.97189729432472, 27.761157316157266], [71.0338867661614, 27.799949777660174], [71.06599275386253, 27.80657624239973], [71.06189897156037, 27.844336763331], [71.05542871546288, 27.854961195702685], [71.03786659176984, 27.869670230097086], [71.03047201337279, 27.880292180339893], [71.02862336787416, 27.969312136945632], [71.02307743497568, 28.001961613737535], [71.01753150027855, 28.012570563380848], [71.00643963268294, 28.02399441840771], [71.00274234348444, 28.053364478687797], [70.99534776508733, 28.078648937798278], [70.98148293059285, 28.08109550475382], [70.97501267449536, 28.086803945146016], [70.96946674069756, 28.103927444296176], [70.96761809519899, 28.116972086292776], [70.95745055080232, 28.12430900016028], [70.94543436000777, 28.13572097963953], [70.94266139400816, 28.250588096663364], [70.94451003770814, 28.286407865330773], [70.94358571540852, 28.331165633387343], [70.93896410480966, 28.393794850551956], [70.94543436000777, 28.431192063363085], [70.94358571540852, 28.442571202299177], [70.9214019802173, 28.44582215976493], [70.91261130596706, 28.450052156981485], [70.91185410108596, 28.46636200170508], [70.89822441412548, 28.488991900455915], [70.90087463075963, 28.50329948108623], [70.91147549819573, 28.517937787399035], [70.91791174013474, 28.54122181613394], [70.93570605349163, 28.55851519182272], [70.93987067988803, 28.570485865230523], [70.9400363179218, 28.630734184834807], [70.93589535448706, 28.644752543495144], [70.93648692133439, 28.666036097787753], [70.93885318602577, 28.686796377051223], [70.94417728225585, 28.700807238962966], [70.95837487310195, 28.70651483039518], [70.9702061983574, 28.71377858711213], [70.97257246304878, 28.722598185358038], [70.97138933115275, 28.73401067835016], [70.98203752361286, 28.740235148833108], [70.99386884976764, 28.742828568783466], [70.99741824725436, 28.749052514961647], [70.99564354761168, 28.772389008346124], [71.00037607879307, 28.781722143761954], [71.01220740404852, 28.785351471193508], [71.02403872930398, 28.79468344738325], [71.03054595922868, 28.815418182303347], [71.0317290911247, 28.849103321061477], [71.02640499489468, 29.050984853468265], [71.01989776586925, 29.059258762881655], [71.00629174097111, 29.052019127780568], [71.0015592106891, 29.04271027855657], [70.98854475263829, 29.035986699626562], [70.97907969207421, 29.034435041743848], [70.962515837436, 29.035986699626562], [70.94890981163854, 29.04064153208111], [70.93944475197378, 29.054604769494574], [70.92288089643625, 29.06339546892582], [70.91341583497285, 29.072185418322476], [70.91104957028148, 29.09028001171322], [70.91282426992416, 29.111989327545473], [70.91223270307682, 29.13111040622033], [70.9069086068468, 29.149711288245385], [70.90040137782137, 29.164176311387735], [70.89626041348737, 29.18122175927681], [70.87910499200183, 29.184320627894692], [70.87762980257338, 29.18427769695819], [70.86135800366901, 29.183804155337555], [70.83710378541144, 29.182771204827304], [70.83947005190146, 29.173990702808737], [70.84479414813148, 29.165209449856263], [70.84183631659278, 29.148677994194145], [70.8323712560287, 29.13421078749792], [70.8199483639259, 29.1280099332119], [70.80515920713174, 29.111472492561518], [70.79510258061964, 29.10785457303018], [70.7738061948001, 29.105787133269644], [70.76020017080128, 29.086144384855515], [70.76907366451803, 29.062361307928086], [70.77025679641406, 29.041158723196588], [70.76552426703137, 29.018399882348717], [70.75369294087659, 29.012192054719605], [70.74245318246847, 29.00960534910763], [70.69276161495662, 29.008570649416015], [70.6821134215972, 29.01426137136525], [70.6667326979557, 29.027193664655954], [70.6596339029823, 29.04219309643429], [70.64898570962288, 29.056673237180178], [70.63537968562406, 29.057707454835224], [70.6134917338565, 29.04943342131537], [70.60106884175372, 29.037021125024978], [70.60343510734441, 29.025641875472218], [70.60284354049708, 29.00960534910763], [70.59988570895837, 28.993048905782416], [70.58627968495955, 28.984252215967047], [70.55315197298523, 28.983734740665795], [70.54368691242115, 28.980629832201032], [70.54368691242115, 28.963551172348787], [70.52534835903958, 28.952681466076854], [70.51884112911489, 28.946469694021232], [70.50937606855081, 28.94439902029859], [70.49213706587295, 28.94439902029859], [70.48747417998948, 28.939062996360235], [70.46039442406345, 28.92968194056914], [70.43500715355736, 28.91338650928003], [70.39495168327363, 28.909435716485177], [70.36223031197937, 28.90844799557857], [70.35715285751843, 28.904003131439424], [70.37407770542183, 28.88967949521259], [70.37577018994239, 28.861520383758773], [70.37464186722843, 28.832365197595834], [70.37238522000195, 28.80814535862146], [70.3520754039568, 28.78836988646117], [70.33120142700432, 28.786886575255267], [70.31822571084791, 28.791336446819628], [70.31032744915251, 28.79924686015454], [70.30581415559885, 28.80616798056792], [70.28719682497353, 28.80814535862146], [70.27478526972448, 28.805673629534454], [70.2657586844158, 28.800729995992583], [70.26068123085417, 28.765623456257572], [70.25616793819984, 28.75622674416894], [70.24149973752293, 28.742377416684462], [70.23134482950036, 28.7374307830043], [70.21272749797572, 28.735452064061576], [70.18903271199014, 28.71962096353667], [70.1704153804655, 28.714673253368005], [70.14615643267331, 28.716652366213793], [70.13035990928245, 28.730505103028122], [70.11512754679887, 28.738914797479993], [70.08014953007682, 28.736936107315557], [70.06491716759325, 28.728526252784377], [70.04855648239578, 28.69834414786419], [70.05250561324351, 28.687456662894704], [70.0609680376449, 28.679042829762807], [70.06378884398003, 28.669143338194544], [70.07168710657476, 28.658252816214542], [70.07055878386086, 28.62904083156917], [70.07168710657476, 28.60427854671758], [70.06943046024759, 28.581492090387712], [70.06604549120652, 28.569106074086108], [70.05814722951106, 28.561178257970255], [70.04065821980106, 28.553249846503263], [70.03614492804604, 28.544329668979117], [70.03727325165931, 28.53590436319587], [70.03388828171887, 28.52153022733819], [70.02993915087114, 28.51558173540883], [69.9827526781936, 28.51472909087488], [69.96325525392689, 28.50394154936305], [69.95567292226758, 28.495374187568757], [69.95170122473178, 28.485536728537227], [69.94881271833236, 28.46236747847638], [69.94375782966017, 28.452209492973793], [69.93509230866317, 28.446812666771223], [69.91306744051002, 28.442368013972725], [69.88382130500929, 28.443002975806735], [69.86973983372638, 28.440145617426367], [69.86324069230415, 28.436653186595322], [69.85818580453133, 28.427762842281425], [69.84302114121277, 28.42141213845946], [69.8311060486053, 28.419189302144616], [69.79716608964338, 28.417919088894905], [69.78633418727298, 28.414108358314138], [69.78127930039943, 28.407756836109172], [69.77802972878902, 28.399499286263108], [69.77177459592093, 28.394865622050872], [69.78956151774992, 28.382828856566505], [69.78956151774992, 28.35489119147536], [69.80014508582713, 28.333600414727414], [69.80619283952797, 28.305649795801514], [69.80763980624913, 28.277618958227354], [69.80770477795318, 28.276360317474712], [69.81677640760518, 28.26171255658926], [69.83491966780849, 28.245730885272167], [69.8394554821848, 28.217757196037837], [69.84247935903522, 28.10312185229168], [69.85911068081333, 28.068440502127544], [69.9105165845728, 28.037751512322473], [69.92714790545153, 28.017732234854805], [69.94529116655417, 28.005718881421274], [69.95889861058248, 27.948303264384208], [69.98157768606143, 27.930939040104647], [70.00879257591669, 27.90555553865721], [70.03449552734679, 27.886848095063613], [70.05415072597526, 27.877493160081315], [70.08590143110621, 27.874820173512262], [70.10555662883542, 27.850760323929876], [70.11141199147028, 27.833501127874797]]]}}, {"type": "Feature", "properties": {"name": "Bahawalpur"}, "geometry": {"type": "Polygon", "coordinates": [[[71.06599275386253, 27.80657624239973], [71.10948368202634, 27.813323279245992], [71.13216275750528, 27.836054454249734], [71.16693733948671, 27.850760323929876], [71.18961641406634, 27.85744415102681], [71.2818446526087, 27.860117566572512], [71.34383412444532, 27.882838936267945], [71.44815786859084, 27.87882962908418], [71.57667262753978, 27.881502516727835], [71.65529342025519, 27.88952078485636], [71.68250831100983, 27.90956385658677], [71.72333064579271, 27.930939040104647], [71.76112910372524, 27.94563202699652], [71.7959036857066, 27.956316579946247], [71.82765439083755, 27.976347268012034], [71.84579765104081, 28.084448671069367], [71.8624289719196, 28.11379078311819], [71.89569161547576, 28.185778290635653], [71.93046619745712, 28.221753886632598], [71.96524077853917, 28.25239020584337], [72.00303923737096, 28.27103409165005], [72.0438615721539, 28.301656251035183], [72.09073166063769, 28.333600415626734], [72.13004205699536, 28.378838212113862], [72.15272113247437, 28.41075916340469], [72.17237633020352, 28.519749808906624], [72.20412703533447, 28.583497006581638], [72.214710604311, 28.628627908751014], [72.22227029553778, 28.66975976859851], [72.24192549416625, 28.704245012597312], [72.30996271880451, 28.7758318982236], [72.36590443694024, 28.807632540009763], [72.41882227912492, 28.823529221796207], [72.44754910740545, 28.84207228460832], [72.48081175006229, 28.853991079724608], [72.52092832837968, 28.87733868333362], [72.51741775372642, 28.89475720328238], [72.51741775372642, 28.926363805545236], [72.51164073912884, 28.960488116533384], [72.50441947178126, 28.971860389145718], [72.48564417523858, 28.971860389145718], [72.4813114133911, 28.987021474961125], [72.47986716064099, 29.002180338551852], [72.4813114133911, 29.042593105887192], [72.47842290699163, 29.061531143747345], [72.46831313234526, 29.07163000871799], [72.45531484950078, 29.072892298041154], [72.43365104475998, 29.091824770896494], [72.3975447044246, 29.093086812006845], [72.39321194437576, 29.08046570392912], [72.38454642247945, 29.072892298041154], [72.36721537868681, 29.06910538600482], [72.34410732119596, 29.079203509034755], [72.33544180019896, 29.089300642810485], [72.33688605384839, 29.109491939001828], [72.32677627830265, 29.133463958994582], [72.31377799545817, 29.14481717677137], [72.30944523540933, 29.172564204474497], [72.31377799545817, 29.187695785332266], [72.32533202465328, 29.20030373093249], [72.33688605384839, 29.206607123220238], [72.34121881479655, 29.215431220774292], [72.36288261863797, 29.234337441519756], [72.42931828381182, 29.239378511209395], [72.49719820353431, 29.239378511209395], [72.51741775372642, 29.240638739286453], [72.53330454386963, 29.244419331786787], [72.54630282671411, 29.257020298647888], [72.56218961595806, 29.26080028590451], [72.61995976013486, 29.269619712379892], [72.65317759317145, 29.272139408606847], [72.68639542620804, 29.272139408606847], [72.69794945450377, 29.270879568137616], [72.71239199099762, 29.25450022920228], [72.72394602019273, 29.245679498709933], [72.76582937422631, 29.244419331786787], [72.77738340342137, 29.2519800986027], [72.76620141386422, 29.299944669211186], [72.77093394414624, 29.307682681610515], [72.78453996814505, 29.313872669388218], [72.79104719717049, 29.322641175349986], [72.79992069178655, 29.35358282069069], [72.79755442709518, 29.370596720362414], [72.79341346276118, 29.379360347502086], [72.76738454665957, 29.39430832277094], [72.75732792014747, 29.40822342936781], [72.74194719650598, 29.413892000115766], [72.71296044976498, 29.413376688583355], [72.6910724970981, 29.415437919424505], [72.68042430373868, 29.426258694483238], [72.68338213527738, 29.437593508533666], [72.70408695514891, 29.45510845828875], [72.70881948543098, 29.467470133539905], [72.70822791858365, 29.48395002207593], [72.71650984635238, 29.494248591399412], [72.72834117160784, 29.49888260634725], [72.74194719650598, 29.50969448351367], [72.74904599147936, 29.52925589634259], [72.76324358232552, 29.538005831304133], [72.76738454665957, 29.546755007237834], [72.76797611260758, 29.56425108921644], [72.77744117317167, 29.57865735245491], [72.7857231009404, 29.595119135839525], [72.78453996814505, 29.61312113593175], [72.77921587191503, 29.63266252535533], [72.76797611260758, 29.646544893032456], [72.7626520163775, 29.655798741518765], [72.7555532205048, 29.656312820080643], [72.74076406371063, 29.663509633063143], [72.73662310027589, 29.676359803861885], [72.71296044976498, 29.691777841274416], [72.70881948543098, 29.70565205210056], [72.70704478668762, 29.731853666813322], [72.70231225550623, 29.740586018230204], [72.68219900248204, 29.752399165489123], [72.67864960499531, 29.763183867841292], [72.67332550876529, 29.771400003907104], [72.65912791791914, 29.779615466380733], [72.64670502581635, 29.781669226553618], [72.63014117027882, 29.795531006950455], [72.61771827817603, 29.821709129572696], [72.60707008571592, 29.83146001177016], [72.60292912138192, 29.8504458405032], [72.61002791725463, 29.879687214993055], [72.61061948320264, 29.889432435058893], [72.60350252821917, 29.896576611621356], [72.5993797238952, 29.90071518465811], [72.58518213304905, 29.90276645640688], [72.53989034036698, 29.904112579631885], [72.52602550497312, 29.912124847483767], [72.49552286908522, 29.940963671036627], [72.47703642399182, 29.945769328791528], [72.46409591089764, 29.94176462973394], [72.4520797210024, 29.929749565789905], [72.44006353110711, 29.92494313371867], [72.425274374313, 29.92494313371867], [72.40309063912173, 29.921738717068195], [72.3975447044246, 29.915329573501083], [72.39384741612542, 29.90571508518309], [72.37628529153301, 29.90251004979899], [72.34578265564511, 29.90010620513732], [72.33746375494837, 29.89449700942947], [72.33099349885094, 29.881674804848444], [72.3291448542517, 29.87446159003042], [72.31435569745753, 29.871255548304987], [72.30696111906047, 29.871255548304987], [72.30141518436335, 29.852818815036358], [72.29586925146486, 29.84560351469048], [72.28662602756918, 29.842396545764018], [72.28200441697032, 29.829567644831002], [72.27830712687245, 29.794279674967072], [72.26998822617577, 29.783049073456027], [72.25057745878274, 29.772619528668372], [72.24872881328417, 29.756571955931065], [72.24965313648312, 29.745337124908417], [72.24688016868487, 29.727679848446314], [72.24688016868487, 29.694764811746722], [72.24040991258744, 29.68111395024863], [72.18957218610757, 29.677098638291568], [72.17201006151521, 29.677098638291568], [72.1713533233987, 29.676020777576937], [72.16369116081847, 29.663445378301617], [72.16369116081847, 29.657822908600394], [72.15259929412218, 29.63693669906945], [72.14428039342545, 29.630509301063455], [72.12949123663134, 29.627295448726045], [72.11008046743967, 29.62649197012837], [72.09898859984406, 29.622474478214656], [72.0860480876492, 29.601580938309723], [72.07310757545429, 29.59997356292962], [72.01949688117617, 29.601580938309723], [71.99454017908607, 29.60077725376732], [71.97882669999228, 29.59675873662644], [71.96311322089849, 29.587113643479938], [71.96126457539987, 29.579075360939214], [71.94462677400645, 29.558976854997923], [71.93168626181159, 29.555760721979766], [71.87345395693461, 29.55495667321196], [71.85958912244013, 29.55093633224601], [71.84295132104671, 29.549328151073382], [71.83648106494923, 29.544503453771426], [71.83093513115142, 29.5348533684882], [71.82446487415467, 29.530832228024963], [71.79118927136784, 29.53002798050693], [71.7791730814726, 29.523593771035735], [71.767156890678, 29.513137308639955], [71.76161095777951, 29.49785284393363], [71.73757857798904, 29.49785284393363], [71.7237137434945, 29.47934751037934], [71.70337865200327, 29.477738190665036], [71.68027059451236, 29.480956804013374], [71.6562382147219, 29.480956804013374], [71.63682744642955, 29.475324164778442], [71.63128151173242, 29.46888647852819], [71.61741667813726, 29.439106867887688], [71.60447616594234, 29.431861857538763], [71.5712005622562, 29.428641686564617], [71.54901682706497, 29.42461633007963], [71.5443952155668, 29.41978569005761], [71.54347089326717, 29.40931851853486], [71.53422767027081, 29.40126611394004], [71.52128715807595, 29.3980449743961], [71.51574122427814, 29.39321307172594], [71.51111961188064, 29.385964788744047], [71.4963304559858, 29.378715988652004], [71.46397917459927, 29.38113231320574], [71.45011434010479, 29.38838094062794], [71.43717382790987, 29.39885026782565], [71.42515763801464, 29.40448715275994], [71.38356313453107, 29.40448715275994], [71.36969830003659, 29.4109289228316], [71.3687696043338, 29.4109289228316], [71.3493632085453, 29.4109289228316], [71.30314709356355, 29.4109289228316], [71.28558496987051, 29.418175426954463], [71.25785529998217, 29.449570970024297], [71.243066143188, 29.455205040080614], [71.23012563099314, 29.457619546205137], [71.21718511879823, 29.464057946517073], [71.20424460660337, 29.47371478211153], [71.18298519371177, 29.474519476592604], [71.16727171461798, 29.472910080435895], [71.15063391322457, 29.465667482968], [71.14323933482751, 29.456009882050466], [71.14139068932889, 29.44635136202578], [71.13214746633258, 29.43427691764566], [71.08408270675159, 29.42461633007963], [71.06097464926069, 29.42461633007963], [71.05450439316326, 29.412539301047957], [71.04362426463369, 29.40827416286773], [71.03601794627127, 29.405292396726793], [71.02677472327491, 29.39643436505395], [71.02492607867566, 29.36582795909311], [71.01938014487786, 29.35696649201003], [70.99812073198626, 29.355355234256706], [70.99349912048808, 29.340047006763996], [70.98795318669028, 29.328765787810937], [70.9519046161052, 29.3255423540964], [70.94173707170853, 29.311035638384055], [70.9306452032136, 29.304587546977757], [70.91493172411981, 29.302169407592146], [70.91031011352095, 29.29249627808082], [70.9098664383855, 29.261245810945468], [70.9069086068468, 29.25350428129758], [70.9009929446687, 29.244729838011665], [70.89330258194866, 29.240600429066603], [70.88797848571858, 29.233373560741313], [70.88502065417993, 29.209624546535622], [70.87762980257338, 29.18427769695819], [70.87910499200183, 29.184320627894692], [70.89626041348737, 29.18122175927681], [70.90040137782137, 29.164176311387735], [70.9069086068468, 29.149711288245385], [70.91223270307682, 29.13111040622033], [70.91282426992416, 29.111989327545473], [70.91104957028148, 29.09028001171322], [70.91341583497285, 29.072185418322476], [70.92288089643625, 29.06339546892582], [70.93944475197378, 29.054604769494574], [70.94890981163854, 29.04064153208111], [70.962515837436, 29.035986699626562], [70.97907969207421, 29.034435041743848], [70.98854475263829, 29.035986699626562], [71.0015592106891, 29.04271027855657], [71.00629174097111, 29.052019127780568], [71.01989776586925, 29.059258762881655], [71.02640499489468, 29.050984853468265], [71.0317290911247, 28.849103321061477], [71.03054595922868, 28.815418182303347], [71.02403872930398, 28.79468344738325], [71.01220740404852, 28.785351471193508], [71.00037607879307, 28.781722143761954], [70.99564354761168, 28.772389008346124], [70.99741824725436, 28.749052514961647], [70.99386884976764, 28.742828568783466], [70.98203752361286, 28.740235148833108], [70.97138933115275, 28.73401067835016], [70.97257246304878, 28.722598185358038], [70.9702061983574, 28.71377858711213], [70.95837487310195, 28.70651483039518], [70.94417728225585, 28.700807238962966], [70.93885318602577, 28.686796377051223], [70.93648692133439, 28.666036097787753], [70.93589535448706, 28.644752543495144], [70.9400363179218, 28.630734184834807], [70.93987067988803, 28.570485865230523], [70.93570605349163, 28.55851519182272], [70.91791174013474, 28.54122181613394], [70.91147549819573, 28.517937787399035], [70.90087463075963, 28.50329948108623], [70.89822441412548, 28.488991900455915], [70.91185410108596, 28.46636200170508], [70.91261130596706, 28.450052156981485], [70.9214019802173, 28.44582215976493], [70.94358571540852, 28.442571202299177], [70.94543436000777, 28.431192063363085], [70.93896410480966, 28.393794850551956], [70.94358571540852, 28.331165633387343], [70.94451003770814, 28.286407865330773], [70.94266139400816, 28.250588096663364], [70.94543436000777, 28.13572097963953], [70.95745055080232, 28.12430900016028], [70.96761809519899, 28.116972086292776], [70.96946674069756, 28.103927444296176], [70.97501267449536, 28.086803945146016], [70.98148293059285, 28.08109550475382], [70.99534776508733, 28.078648937798278], [71.00274234348444, 28.053364478687797], [71.00643963268294, 28.02399441840771], [71.01753150027855, 28.012570563380848], [71.02307743497568, 28.001961613737535], [71.02862336787416, 27.969312136945632], [71.03047201337279, 27.880292180339893], [71.03786659176984, 27.869670230097086], [71.05542871546288, 27.854961195702685], [71.06189897156037, 27.844336763331], [71.06599275386253, 27.80657624239973]]]}}, {"type": "Feature", "properties": {"name": "Bahawalnagar"}, "geometry": {"type": "Polygon", "coordinates": [[[72.52092832837968, 28.87733868333362], [72.6153742618128, 28.929445048350374], [72.64561302851848, 28.944000025281014], [72.67433985679901, 28.96516725226695], [72.75749646568937, 28.999554764241054], [72.84972470423179, 29.024676868742574], [72.87240377881142, 29.0378965745673], [72.89508285339105, 29.06829547185862], [72.90566642236757, 29.109253717585034], [72.92229774414562, 29.144913749569923], [72.99789466001062, 29.23730804792814], [73.01906179706435, 29.261053120405222], [73.04325281006919, 29.278198911950255], [73.06593188554814, 29.317755143385227], [73.09012289855298, 29.373108108652332], [73.12489748053434, 29.435015044308898], [73.14455267916287, 29.456081141631444], [73.19444664359776, 29.53109355842105], [73.20503021167497, 29.586330297105576], [73.2246854103035, 29.60867943560754], [73.2261973487287, 29.629709394572956], [73.2352689783807, 29.657304554661494], [73.24887642330833, 29.682265085165625], [73.25643611543444, 29.705906187920277], [73.26399580666123, 29.737419002584943], [73.27760325248818, 29.761047118229953], [73.2836510052897, 29.788606212806542], [73.28818682056539, 29.825339870738503], [73.30633008076865, 29.860748829994577], [73.32144946412154, 29.943320880454337], [73.32447334007264, 29.94856123990934], [73.36075986047922, 29.969519913213503], [73.37890312068254, 29.977378275587], [73.40460607211259, 29.97999759241503], [73.43635677724353, 29.987855126512954], [73.48625074167842, 30.00880551076574], [73.51648950838415, 30.025824441244993], [73.57545510337036, 30.034987270246404], [73.60266999322567, 30.048075557241248], [73.6707072187632, 30.058544941995535], [73.70850567669567, 30.066396253684218], [73.72664893689898, 30.07163011553746], [73.75991158045514, 30.08994645206718], [73.82492492824292, 30.135722450530693], [73.84911594214708, 30.156641553664826], [73.88540246165434, 30.18147722679265], [73.89749796905608, 30.19977319187933], [73.90808153713328, 30.24027358465827], [73.90052184500718, 30.258558617586175], [73.89900990658197, 30.285979784039853], [73.89296215378045, 30.326444644604692], [73.87481889357713, 30.34340880727069], [73.84609206529666, 30.355151505237814], [73.81736523701613, 30.369501778484334], [73.8157886328392, 30.385142444867995], [73.79434360257528, 30.382619768287725], [73.7736387827037, 30.374454230778156], [73.7635821561916, 30.36271507434128], [73.72039781860451, 30.325957306484554], [73.69732673314229, 30.310126793216966], [73.6872701066302, 30.3055303591388], [73.6748472145274, 30.302976691920833], [73.65355082870781, 30.30961608981073], [73.62988817729757, 30.325446684017322], [73.61273275581209, 30.32799976667593], [73.61242514180691, 30.32793604161509], [73.5979435981186, 30.324936059751394], [73.58137974348045, 30.31625503714031], [73.57664721319838, 30.309105382807218], [73.56244962145291, 30.300422957253716], [73.55120986304479, 30.298890685157062], [73.52813877848189, 30.28765328926795], [73.5003351627376, 30.266196503066226], [73.48495443999548, 30.256999301976236], [73.47371468068803, 30.256488321578843], [73.46070022263723, 30.246779180514807], [73.45951708984188, 30.234002531991337], [73.43467130653562, 30.217645999863066], [73.42816407751025, 30.210489160846123], [73.42106528163748, 30.205888060185885], [73.403909860152, 30.201798013667428], [73.38912070245851, 30.201286745486982], [73.37314841376832, 30.1982190833441], [73.36486648599958, 30.193617410714978], [73.35599299228284, 30.18287933641227], [73.34593636487142, 30.17520856632234], [73.33824600394996, 30.172651511358197], [73.29742793105424, 30.172140092091638], [73.27494841154004, 30.161399676853648], [73.23413033864426, 30.130194694729425], [73.22584841087553, 30.12610150597976], [73.20810142254265, 30.12354317667632], [73.18798816951846, 30.107168301076285], [73.15131106005742, 30.10205059475919], [73.140662866698, 30.095397182733848], [73.13178937298125, 30.085160288016937], [73.12291587836518, 30.07850573744986], [73.11226768590501, 30.07697000925856], [73.04956166034242, 30.076458093566202], [73.03299780480489, 30.073386549050042], [73.02471587613684, 30.061611408939427], [73.01998334675409, 30.039593258721936], [73.01229298493337, 30.032423502742517], [72.99809539498654, 30.02474104596257], [72.98034840665372, 30.023204483200402], [72.96200985147351, 30.02525322785425], [72.91527611550038, 30.04215376078747], [72.91192861041708, 30.04191227663034], [72.89397972968084, 30.04061746782196], [72.87919057288667, 30.029350592156163], [72.86558454888785, 30.027301931139277], [72.83482310160491, 30.029862750665473], [72.81234358388934, 30.036008445933078], [72.8011038245819, 30.036008445933078], [72.78335683624903, 30.028326267043667], [72.77448334253228, 30.021155695379093], [72.75437008860877, 29.985295062417265], [72.7395809318146, 29.97658409687864], [72.7265664737638, 29.975559225877646], [72.71355201481367, 29.971972098233778], [72.70231225550623, 29.948908900725257], [72.6940303277375, 29.94121997871912], [72.67924117094333, 29.93250514879361], [72.62600020594482, 29.921226000079912], [72.61357731384203, 29.902253642291782], [72.60350252821917, 29.896576611621356], [72.61061948320264, 29.889432435058893], [72.61002791725463, 29.879687214993055], [72.60292912138192, 29.8504458405032], [72.60707008571592, 29.83146001177016], [72.61771827817603, 29.821709129572696], [72.63014117027882, 29.795531006950455], [72.64670502581635, 29.781669226553618], [72.65912791791914, 29.779615466380733], [72.67332550876529, 29.771400003907104], [72.67864960499531, 29.763183867841292], [72.68219900248204, 29.752399165489123], [72.70231225550623, 29.740586018230204], [72.70704478668762, 29.731853666813322], [72.70881948543098, 29.70565205210056], [72.71296044976498, 29.691777841274416], [72.73662310027589, 29.676359803861885], [72.74076406371063, 29.663509633063143], [72.7555532205048, 29.656312820080643], [72.7626520163775, 29.655798741518765], [72.76797611260758, 29.646544893032456], [72.77921587191503, 29.63266252535533], [72.78453996814505, 29.61312113593175], [72.7857231009404, 29.595119135839525], [72.77744117317167, 29.57865735245491], [72.76797611260758, 29.56425108921644], [72.76738454665957, 29.546755007237834], [72.76324358232552, 29.538005831304133], [72.74904599147936, 29.52925589634259], [72.74194719650598, 29.50969448351367], [72.72834117160784, 29.49888260634725], [72.71650984635238, 29.494248591399412], [72.70822791858365, 29.48395002207593], [72.70881948543098, 29.467470133539905], [72.70408695514891, 29.45510845828875], [72.68338213527738, 29.437593508533666], [72.68042430373868, 29.426258694483238], [72.6910724970981, 29.415437919424505], [72.71296044976498, 29.413376688583355], [72.74194719650598, 29.413892000115766], [72.75732792014747, 29.40822342936781], [72.76738454665957, 29.39430832277094], [72.79341346276118, 29.379360347502086], [72.79755442709518, 29.370596720362414], [72.79992069178655, 29.35358282069069], [72.79104719717049, 29.322641175349986], [72.78453996814505, 29.313872669388218], [72.77093394414624, 29.307682681610515], [72.76620141386422, 29.299944669211186], [72.77738340342137, 29.2519800986027], [72.76582937422631, 29.244419331786787], [72.72394602019273, 29.245679498709933], [72.71239199099762, 29.25450022920228], [72.69794945450377, 29.270879568137616], [72.68639542620804, 29.272139408606847], [72.65317759317145, 29.272139408606847], [72.61995976013486, 29.269619712379892], [72.56218961595806, 29.26080028590451], [72.54630282671411, 29.257020298647888], [72.53330454386963, 29.244419331786787], [72.51741775372642, 29.240638739286453], [72.49719820353431, 29.239378511209395], [72.42931828381182, 29.239378511209395], [72.36288261863797, 29.234337441519756], [72.34121881479655, 29.215431220774292], [72.33688605384839, 29.206607123220238], [72.32533202465328, 29.20030373093249], [72.31377799545817, 29.187695785332266], [72.30944523540933, 29.172564204474497], [72.31377799545817, 29.14481717677137], [72.32677627830265, 29.133463958994582], [72.33688605384839, 29.109491939001828], [72.33544180019896, 29.089300642810485], [72.34410732119596, 29.079203509034755], [72.36721537868681, 29.06910538600482], [72.38454642247945, 29.072892298041154], [72.39321194437576, 29.08046570392912], [72.3975447044246, 29.093086812006845], [72.43365104475998, 29.091824770896494], [72.45531484950078, 29.072892298041154], [72.46831313234526, 29.07163000871799], [72.47842290699163, 29.061531143747345], [72.4813114133911, 29.042593105887192], [72.47986716064099, 29.002180338551852], [72.4813114133911, 28.987021474961125], [72.48564417523858, 28.971860389145718], [72.50441947178126, 28.971860389145718], [72.51164073912884, 28.960488116533384], [72.51741775372642, 28.926363805545236], [72.51741775372642, 28.89475720328238], [72.52092832837968, 28.87733868333362]]]}}, {"type": "Feature", "properties": {"name": "Muzaffargarh"}, "geometry": {"type": "Polygon", "coordinates": [[[70.49213706587295, 28.94439902029859], [70.50937606855081, 28.94439902029859], [70.51884112911489, 28.946469694021232], [70.52534835903958, 28.952681466076854], [70.54368691242115, 28.963551172348787], [70.54368691242115, 28.980629832201032], [70.55315197298523, 28.983734740665795], [70.58627968495955, 28.984252215967047], [70.59988570895837, 28.993048905782416], [70.60284354049708, 29.00960534910763], [70.60343510734441, 29.025641875472218], [70.60106884175372, 29.037021125024978], [70.6134917338565, 29.04943342131537], [70.63537968562406, 29.057707454835224], [70.64898570962288, 29.056673237180178], [70.6596339029823, 29.04219309643429], [70.6667326979557, 29.027193664655954], [70.6821134215972, 29.01426137136525], [70.69276161495662, 29.008570649416015], [70.74245318246847, 29.00960534910763], [70.75369294087659, 29.012192054719605], [70.76552426703137, 29.018399882348717], [70.77025679641406, 29.041158723196588], [70.76907366451803, 29.062361307928086], [70.76020017080128, 29.086144384855515], [70.7738061948001, 29.105787133269644], [70.79510258061964, 29.10785457303018], [70.80515920713174, 29.111472492561518], [70.8199483639259, 29.1280099332119], [70.8323712560287, 29.13421078749792], [70.84183631659278, 29.148677994194145], [70.84479414813148, 29.165209449856263], [70.83947005190146, 29.173990702808737], [70.83710378541144, 29.182771204827304], [70.86135800366901, 29.183804155337555], [70.87762980257338, 29.18427769695819], [70.88502065417993, 29.209624546535622], [70.88797848571858, 29.233373560741313], [70.89330258194866, 29.240600429066603], [70.9009929446687, 29.244729838011665], [70.9069086068468, 29.25350428129758], [70.9098664383855, 29.261245810945468], [70.91031011352095, 29.29249627808082], [70.91493172411981, 29.302169407592146], [70.9306452032136, 29.304587546977757], [70.94173707170853, 29.311035638384055], [70.9519046161052, 29.3255423540964], [70.98795318669028, 29.328765787810937], [70.99349912048808, 29.340047006763996], [70.99812073198626, 29.355355234256706], [71.01938014487786, 29.35696649201003], [71.02492607867566, 29.36582795909311], [71.02677472327491, 29.39643436505395], [71.03601794627127, 29.405292396726793], [71.04362426463369, 29.40827416286773], [71.03792870524563, 29.426135035003938], [71.03187106709612, 29.451193614094052], [71.02584250492771, 29.46942815008913], [71.00847404304272, 29.48724811750668], [71.00847404304272, 29.49642687709877], [71.02025978526092, 29.516941097353822], [71.02522220294236, 29.531514464520967], [71.02894401575378, 29.588708117185888], [71.03576734029059, 29.593562690865554], [71.04569217565341, 29.59679894261717], [71.056857614987, 29.60434979440754], [71.0580982189577, 29.617292795925835], [71.07918849455342, 29.622145992743413], [71.11392541742413, 29.62645975011742], [71.13253448327981, 29.641017316196212], [71.14494052748341, 29.6561118278986], [71.1480420392088, 29.66527524865387], [71.16106838449838, 29.671743043306833], [71.16913231300589, 29.683599586451805], [71.16975261499124, 29.697071232851158], [71.1647901973098, 29.71161858263156], [71.15238415310625, 29.71969953350674], [71.14307962152736, 29.729395814265445], [71.1381172029466, 29.744477057370375], [71.1381172029466, 29.759556031485715], [71.14369992351271, 29.771940634952387], [71.15548566483164, 29.777324767224286], [71.16665110416517, 29.78863050349497], [71.17285412671663, 29.80262631165499], [71.17409473068733, 29.8193110639545], [71.16913231300589, 29.829535825917674], [71.15672626880234, 29.836531112520902], [71.14494052748341, 29.845678055897622], [71.14059841178732, 29.854286179463656], [71.141218714672, 29.868810703551162], [71.14866234119415, 29.87795468995705], [71.16230898846908, 29.88602221755133], [71.16727140615052, 29.896777904176986], [71.16975261499124, 29.92688765324266], [71.17967745035412, 29.932800997867787], [71.19146319257231, 29.93710139221554], [71.21813618693551, 29.941401600403594], [71.22868132428374, 29.952151306537644], [71.2224783026316, 29.97203520006451], [71.22433920858765, 30.00695672946955], [71.23550464882055, 30.014476682353063], [71.25101220385017, 30.02038481630626], [71.25659492351696, 30.034348096887186], [71.25225280872019, 30.054215527424674], [71.24232797335736, 30.066026706067703], [71.24294827534271, 30.08052031595986], [71.25039190186482, 30.096621837228042], [71.25969643434303, 30.10842795268792], [71.27768519821336, 30.110574368212554], [71.28512882473552, 30.121305743465314], [71.2869897315909, 30.157247352283548], [71.29567396208375, 30.166901076223724], [71.3080800062873, 30.176017613522106], [71.31304242306942, 30.185669499248036], [71.31862514273621, 30.19103124919286], [71.33041088495446, 30.197464964036897], [71.34343723114335, 30.218907642573697], [71.3539823693909, 30.224267582183245], [71.36514780782511, 30.2328428777966], [71.36700871468048, 30.244096818513412], [71.36638841269513, 30.270886728339917], [71.37011022550655, 30.305702682732658], [71.37631324805801, 30.31373537868484], [71.39244110507298, 30.326050899829227], [71.41291107778409, 30.338900228862542], [71.42531712108831, 30.356565302446825], [71.44454648982872, 30.35924154995763], [71.45136981436548, 30.365664246307972], [71.45757283601762, 30.390815746949215], [71.45460734855033, 30.393126034239117], [71.43834346817658, 30.405796542076814], [71.42779832992903, 30.405796542076814], [71.4172531925808, 30.41168122530837], [71.41601258861016, 30.42505418730093], [71.42593742397298, 30.44858614833214], [71.4340013524805, 30.457141816241858], [71.43958407214728, 30.46623139096596], [71.44826830353941, 30.473716286477497], [71.45757283601762, 30.491356977642454], [71.45447132519155, 30.50418456286735], [71.45447132519155, 30.528766038122228], [71.4814420643998, 30.55020028371615], [71.49017591948314, 30.553960940045386], [71.49007562169265, 30.55537155545295], [71.48898493920365, 30.570711181875595], [71.47231121618972, 30.579256110081474], [71.43142089535809, 30.57652181403057], [71.41435017831816, 30.582673870202996], [71.39847044245698, 30.599419153171425], [71.3714748909535, 30.606936503416932], [71.36035907531112, 30.618894720315154], [71.3471590448541, 30.6286310343948], [71.34405753402802, 30.644642579391586], [71.31614393389549, 30.65798350843221], [71.31428302793944, 30.669722002968115], [71.30870030827265, 30.67399019259335], [71.29443335811305, 30.67612421725886], [71.2882303355616, 30.684659842877522], [71.28512882473552, 30.6953283141504], [71.27086187367661, 30.69959537242852], [71.2640385491398, 30.70599560551284], [71.25721522640163, 30.717728265247274], [71.24667008815408, 30.724660529160133], [71.23302343997983, 30.725193758784997], [71.22185799974693, 30.727326651204066], [71.21007225842806, 30.73319186141532], [71.2001474239645, 30.74652055697817], [71.17223382383196, 30.75238459897014], [71.156105966817, 30.75078535076335], [71.14307962152736, 30.729992700402875], [71.12695176361308, 30.727326651204066], [71.1182675322209, 30.721461084861232], [71.12198934593164, 30.702795542480374], [71.11950813709092, 30.68305947141755], [71.1170269282502, 30.676657716680324], [71.10834269685802, 30.669188465775107], [71.09779756040916, 30.6558490835684], [71.08787272504628, 30.65478185270041], [71.07918849455342, 30.64997917170149], [71.0661621474652, 30.62969855394516], [71.02646280691306, 30.626495962019078], [70.99234618692702, 30.6286310343948], [70.97063560934595, 30.632367299311454], [70.95388744944631, 30.639305692104074], [70.94272201011273, 30.648911876981572], [70.93155657077915, 30.652113726067682], [70.90798508724203, 30.65424823366908], [70.87076695553066, 30.65424823366908], [70.85029698192022, 30.647310912868363], [70.84347365828273, 30.631833556173717], [70.83603003176063, 30.6286310343948], [70.81680066391954, 30.627563504052546], [70.7667073989274, 30.629013310116193], [70.7667073989274, 30.615559490977773], [70.77321462795277, 30.581443505013794], [70.77617245949148, 30.546806046262077], [70.77203149605674, 30.52744443491281], [70.75724233926258, 30.509098294850503], [70.76729896487541, 30.496355883517253], [70.77676402633881, 30.476984221344765], [70.7838628213122, 30.455059006168256], [70.80160980874575, 30.43567912868889], [70.80634233992708, 30.425987744738677], [70.80515920713174, 30.412724290493657], [70.796877279363, 30.402010184922176], [70.78504595410755, 30.397418065791157], [70.7738061948001, 30.37955777097443], [70.76020017080128, 30.370371205266963], [70.76256643549266, 30.358631560498168], [70.77203149605674, 30.345358959248642], [70.7814965557215, 30.32799976667593], [70.78208812256884, 30.310126793216966], [70.77439776074812, 30.27845809816273], [70.76729896487541, 30.262108964756976], [70.76079173584998, 30.23655799425609], [70.76197486864532, 30.204865565193757], [70.77794715913416, 30.183390699920892], [70.78859535159427, 30.177765556535235], [70.80101824369706, 30.167025754634892], [70.80575077307975, 30.128148121039033], [70.80575077307975, 30.106144780856994], [70.80220137559309, 30.08823146740832], [70.80160980874575, 30.066731207079613], [70.79510258061964, 30.051883062853108], [70.78327125536418, 30.040105365070588], [70.77558089264414, 30.029350592156163], [70.7738061948001, 30.018082434956455], [70.7738061948001, 29.997591597074575], [70.7797218569782, 29.983245492185745], [70.79865197810636, 29.960184909905706], [70.80042667684972, 29.945833403688653], [70.8093001714658, 29.936093700963568], [70.82349776141263, 29.933017806426676], [70.83118812323335, 29.922764141152243], [70.82763872574662, 29.90276645640688], [70.8169905323872, 29.895586820475444], [70.79746884531102, 29.886355100707362], [70.79273631502895, 29.878661346643867], [70.79214474908099, 29.865837105997684], [70.80220137559309, 29.836591672867485], [70.80279294244042, 29.810930732367467], [70.79865197810636, 29.7893704521847], [70.79214474908099, 29.779102019142897], [70.7797218569782, 29.7739674082693], [70.77617245949148, 29.758561994640388], [70.7667073989274, 29.750858399295737], [70.75369294087659, 29.74572234051368], [70.74422788031251, 29.73596310361438], [70.73831221813441, 29.723634288691528], [70.728255590723, 29.716955549059378], [70.71760739826288, 29.69331951488374], [70.70695920580278, 29.67892964089026], [70.6855169148738, 29.66957094044659], [70.69000818133259, 29.65835081244012], [70.68775153500542, 29.639719528833268], [70.66180010269267, 29.615199427811376], [70.661235940886, 29.59999396944619], [70.6533376791906, 29.589201607568214], [70.63697699489245, 29.57791744963066], [70.62907873229773, 29.569085489303916], [70.62851457049106, 29.52933211208733], [70.63472034856528, 29.515586568165645], [70.6403619630342, 29.493982655575167], [70.64656774110841, 29.47974119220231], [70.64092612484086, 29.469918328268307], [70.6318995404315, 29.46304175667177], [70.63077121681823, 29.43454813698696], [70.6240012787361, 29.417349842121553], [70.60538394631214, 29.39277579886408], [70.60369146179158, 29.380486550513922], [70.59635736100347, 29.369670782880405], [70.58056083851193, 29.359837270973344], [70.57548338405098, 29.35492015843863], [70.57435506043777, 29.345085221106103], [70.58281748393978, 29.334265695205715], [70.60425562269887, 29.31901804964332], [70.60199897727102, 29.2860556762285], [70.59635736100347, 29.268340155174087], [70.58845910020739, 29.258989059397607], [70.56645679874231, 29.24865264210581], [70.54840362812502, 29.23142296000168], [70.52922213569309, 29.193014951478858], [70.53655623558188, 29.179716518102907], [70.55235275987201, 29.15705595876551], [70.55348108258596, 29.13931811833652], [70.54671114450377, 29.118620101836257], [70.54332617456333, 29.094467151737717], [70.53937704371566, 29.08312809828317], [70.51737474225064, 29.06537750816551], [70.51568225773008, 29.010133904955808], [70.50496318790084, 29.000265865377457], [70.4919874717445, 28.99237075490646], [70.48973082631665, 28.98644902680121], [70.49029498812325, 28.973617452183703], [70.49480827987827, 28.958809811623553], [70.49480827987827, 28.947455852805433], [70.49213706587295, 28.94439902029859]]]}}, {"type": "Feature", "properties": {"name": "Dera Ismail Khan"}, "geometry": {"type": "Polygon", "coordinates": [[[70.7574599518154, 31.209765892581913], [70.78291360308037, 31.222464178678933], [70.79172128261115, 31.248822447198222], [70.80273088112534, 31.2610577155412], [70.81263952059743, 31.284582617793603], [70.81263952059743, 31.318448168648104], [70.82364911911162, 31.332555222945246], [70.85667791645272, 31.351361338355105], [70.85788750640336, 31.35342713505429], [70.86548559508418, 31.366403523903557], [70.86768751496692, 31.424669252084357], [70.85887983633546, 31.444396217511496], [70.85227407668737, 31.481020992724666], [70.85227407668737, 31.50730686581926], [70.84566831703927, 31.537338815434055], [70.8445673570979, 31.576741092827206], [70.85337503662868, 31.596435989329507], [70.86768751496692, 31.612376426730748], [70.87649519449769, 31.644249114105378], [70.89300959271861, 31.655495690273938], [70.90401919213207, 31.67423696006773], [70.95136046781141, 31.722010078502365], [70.96347102626692, 31.74261049427895], [70.97337966573906, 31.765078448511645], [70.99319694378397, 31.781925836907874], [71.01631710165299, 31.79877015591802], [71.01961998057772, 31.83806162694259], [71.01851902063635, 31.880141071853018], [71.02402382034307, 31.89509802325523], [71.040538218564, 31.90444488502345], [71.04494205832941, 31.92407020277767], [71.04384109838804, 31.9558356495956], [71.05044685803614, 31.965176338417336], [71.066961256257, 31.978251706651008], [71.07466797584647, 32.00066228953307], [71.0735670159051, 32.0380010895787], [71.07686989572915, 32.063196175862856], [71.0856775743606, 32.080921891632045], [71.09999005359816, 32.08745155334657], [71.14953324826087, 32.101442112163795], [71.15944188773301, 32.10797030708403], [71.16164380761569, 32.130349144797265], [71.16325713830634, 32.146285682738096], [71.16494668743974, 32.16297511061293], [71.1660476473811, 32.21142640780255], [71.1737543660712, 32.23005465349951], [71.19467260405747, 32.25333459301709], [71.21448988210244, 32.26916154317075], [71.23650908003009, 32.29057008164398], [71.2629321177231, 32.298945960687604], [71.29596091506426, 32.313834500661756], [71.30807147351976, 32.339883557979874], [71.30807147351976, 32.36685503643082], [71.31137435334381, 32.40590291438804], [71.30807147351976, 32.448650263299044], [71.30476859369571, 32.46258523502064], [71.28385035570943, 32.466300863194306], [71.24861963938491, 32.46815861972459], [71.23954169818816, 32.46992604623813], [71.23465156721613, 32.45507298303181], [71.22163248035474, 32.431878033944145], [71.20861339439267, 32.42333102200911], [71.18980804880249, 32.418446651991474], [71.15653705144382, 32.418446651991474], [71.12037292427107, 32.407455851106704], [71.1116935339295, 32.39768512626762], [71.10735383920837, 32.37447541840589], [71.09433475234698, 32.36836660973131], [71.07986910147793, 32.35859165717926], [71.07986910147793, 32.345149371846105], [71.07263627604334, 32.341482946480824], [71.06251032079473, 32.34026077231687], [71.04659810501857, 32.3280381187642], [71.02779275852902, 32.31948127993718], [71.00175458660493, 32.31948127993718], [70.99018206554996, 32.31336875616324], [70.97282328486676, 32.298697018452685], [70.95691106819129, 32.29380591071424], [70.93955228750809, 32.29380591071424], [70.92364007083268, 32.28157698798765], [70.89904846471495, 32.27423884294831], [70.87011716297673, 32.273015760469036], [70.84986525158013, 32.26934641590441], [70.8426324261456, 32.25466755286533], [70.822380514749, 32.24732723146661], [70.8050217340658, 32.2461037874599], [70.79344921301083, 32.23386843458064], [70.77898356214172, 32.225302707753826], [70.74860569459719, 32.219183836564866], [70.72690721829355, 32.19960068352475], [70.69652935074902, 32.19592837209677], [70.67772400515878, 32.191031728131804], [70.67042028506407, 32.18562287275287], [70.65457896304878, 32.17389139637089], [70.60684231572037, 32.17389139637089], [70.58948353413786, 32.1677690672887], [70.57646444817578, 32.14572527650034], [70.57212475255534, 32.13347642209925], [70.57212475255534, 32.10774847491223], [70.56199879730673, 32.09671999153443], [70.55187284205806, 32.09304353513107], [70.54174688591013, 32.07465903088962], [70.54030032100309, 32.05381878930575], [70.53451406047554, 32.03420010854825], [70.51426214907895, 32.02929478072957], [70.48243771662737, 32.02929478072957], [70.4535064148892, 32.026842018344496], [70.41878885262349, 32.026842018344496], [70.40432320175444, 32.02438919030891], [70.38696442107124, 32.003537502154074], [70.32910181669553, 32.003537502154074], [70.28570486408825, 32.01825683378593], [70.26979264741283, 32.0108974638469], [70.2480941720085, 32.008444208633364], [70.22784225971259, 32.00231078461508], [70.22494913079782, 31.982681070075387], [70.20903691412235, 31.975318844788887], [70.20759034921531, 31.9630471557017], [70.1931246983462, 31.953228622902657], [70.17865904747714, 31.934816046323533], [70.1728727869496, 31.90657626478287], [70.16774997853487, 31.88265430746185], [70.16708652642211, 31.87955618786782], [70.17431935185664, 31.778775184427275], [70.17721248167072, 31.70988594208262], [70.17721248167072, 31.64956584218993], [70.1844453071053, 31.623702377962445], [70.20180408868782, 31.612615835252655], [70.22205600008436, 31.612615835252655], [70.23218195533303, 31.592903163650135], [70.24954073691555, 31.585509836210008], [70.25677356235008, 31.54113755535394], [70.25822012725712, 31.512777550643477], [70.27123921321919, 31.493043771952557], [70.2842582991812, 31.481941692555097], [70.28570486408825, 31.469604502246057], [70.30884990619825, 31.43505172096019], [70.31029647110529, 31.391842827384608], [70.3074033412912, 31.365907941698197], [70.31029647110529, 31.338730383600364], [70.31318960091943, 31.330081331887982], [70.33199494740893, 31.31772416493834], [70.33633464302943, 31.307837263878696], [70.33633464302943, 31.26827928416168], [70.3392277719442, 31.23983673607654], [70.345014033371, 31.22004556355199], [70.35658655352665, 31.22004556355199], [70.36671250967464, 31.200250246052065], [70.38551785526488, 31.1903510332736], [70.42216899230522, 31.185871878884143], [70.4228997184473, 31.187622331905118], [70.43390931696149, 31.20269065175222], [70.45482755494777, 31.21399031580046], [70.48785635228887, 31.21963964195595], [70.50657267039247, 31.229995862319242], [70.5164813089653, 31.243174866626873], [70.53299570808554, 31.25541086611861], [70.5495101063064, 31.259175469572313], [70.57373122411673, 31.246939957513064], [70.58914466149696, 31.243174866626873], [70.66070705498663, 31.241292264526464], [70.68823105262106, 31.243174866626873], [70.71025025054865, 31.250704900011158], [70.7256636888282, 31.24599869918069], [70.74217808704913, 31.21963964195595], [70.75649056538737, 31.20928228664826], [70.7574599518154, 31.209765892581913]]]}}, {"type": "Feature", "properties": {"name": "Charsadda"}, "geometry": {"type": "Polygon", "coordinates": [[[71.48053844269504, 34.13937380965365], [71.49880940213228, 34.135394244848555], [71.52375288598694, 34.13483624159932], [71.54734807295523, 34.13204616779643], [71.55948274043618, 34.12311731361319], [71.57026911103071, 34.10916409194931], [71.59251600201196, 34.10246572731154], [71.59184185401841, 34.09074231440633], [71.60195407661939, 34.085159164863626], [71.66464985890394, 34.07845890085764], [71.67678452638484, 34.0756669681561], [71.70037971335313, 34.058354927937614], [71.70037971335313, 34.04798678526197], [71.71876868542654, 34.05157181478745], [71.77637412236788, 34.05293546310122], [71.78789520939642, 34.04475324766429], [71.79467619205269, 34.02871381379151], [71.80520975872344, 34.02871381379151], [71.81468996656878, 34.02172971115732], [71.81574332359554, 34.011252479818154], [71.82311681918594, 34.00077395615318], [71.84629066388311, 33.997280827448265], [71.87262457786204, 34.0103793190504], [71.8768380032713, 34.03133270434091], [71.88421149976097, 34.04704434791836], [71.89579842165989, 34.05140817594662], [71.90317191814955, 34.074968971041244], [71.90729925775457, 34.10829457073788], [71.90738534445813, 34.108989662143244], [71.90843870058563, 34.149099052179565], [71.90106520499529, 34.17088965053699], [71.87999807345238, 34.184832681982755], [71.87789136029812, 34.199644627597536], [71.86103765596312, 34.21096965432616], [71.85050408929231, 34.23100251155671], [71.81995674990412, 34.24928922172023], [71.82417017531338, 34.27192440398812], [71.83786381126595, 34.29368325807593], [71.84945073316487, 34.30412550668683], [71.84629066388311, 34.32065641196391], [71.84318853162551, 34.32168119483134], [71.83049031477628, 34.32587602226067], [71.82417017531338, 34.339793394249796], [71.8094231841327, 34.34849057857741], [71.79467619205269, 34.35109955859781], [71.79151612277093, 34.36936014165724], [71.7736090614091, 34.37718488737272], [71.75991542635592, 34.37718488737272], [71.74622179130267, 34.39370139450381], [71.7083009545255, 34.39891645692899], [71.68157491185275, 34.39891645692899], [71.6801936161425, 34.38067929671223], [71.6709355992985, 34.36081117819339], [71.65519697156304, 34.35316833924753], [71.65056796314104, 34.33788057133137], [71.62742292193036, 34.32717747615965], [71.62094231013958, 34.31647301491773], [71.59409406219129, 34.30500243291601], [71.57835543355645, 34.29429514510491], [71.56817161502806, 34.278231651669444], [71.567245814243, 34.260634779971156], [71.55891359818406, 34.25068709283511], [71.5431749704486, 34.25068709283511], [71.53669435955709, 34.239972883841574], [71.52465893765992, 34.226195468845845], [71.51169771407831, 34.220836976245494], [71.50521710228747, 34.18714721946867], [71.48762687118324, 34.171829244224284], [71.48207206107679, 34.15650848737687], [71.48053844269504, 34.13937380965365]]]}}, {"type": "Feature", "properties": {"name": "Nowshera"}, "geometry": {"type": "Polygon", "coordinates": [[[72.27557503324464, 33.89381867519521], [72.25203044215124, 33.89870455876843], [72.22075891918882, 33.90826681266333], [72.21088370122192, 33.924656750108966], [72.21088370122192, 33.94377436099802], [72.24050935422338, 33.97926710379386], [72.24544696320686, 34.00928785594982], [72.24709283316776, 34.05157181478745], [72.24050935422338, 34.077477372682665], [72.20594609313775, 34.08429330838953], [72.18223059936275, 34.08429330838953], [72.17961217915882, 34.08429330838953], [72.1631534831468, 34.08020381315549], [72.14834065619641, 34.054299088931884], [72.12529848213927, 34.05157181478745], [72.10225630628355, 34.05293546310122], [72.07263065328209, 34.05838983512285], [72.05123434828658, 34.07338754829675], [72.02490043430765, 34.08020381315549], [72.01502521724007, 34.10064931531372], [72.00021239028962, 34.103375009349236], [71.96729499826563, 34.10610061525125], [71.92121064925215, 34.10610061525125], [71.90729925775457, 34.10829457073788], [71.90317191814955, 34.074968971041244], [71.89579842165989, 34.05140817594662], [71.88421149976097, 34.04704434791836], [71.8768380032713, 34.03133270434091], [71.87262457786204, 34.0103793190504], [71.84629066388311, 33.997280827448265], [71.82311681918594, 34.00077395615318], [71.81574332359554, 34.011252479818154], [71.81468996656878, 34.02172971115732], [71.80520975872344, 34.02871381379151], [71.79467619205269, 34.02871381379151], [71.78789520939642, 34.04475324766429], [71.77637412236788, 34.05293546310122], [71.71876868542654, 34.05157181478745], [71.70037971335313, 34.04798678526197], [71.70037971335313, 34.04662540773643], [71.70375045511946, 34.00863297053519], [71.69768312047967, 33.96726893721171], [71.72127830744796, 33.9588818822931], [71.73880616067584, 33.93203774874314], [71.75363742103019, 33.92364722154207], [71.75991542635592, 33.89733843552045], [71.75991542635592, 33.87547748050139], [71.74839433842806, 33.859078087583725], [71.72699803343255, 33.85224407730237], [71.70889346835895, 33.83584022284805], [71.71383107644306, 33.81806582677655], [71.7302897733544, 33.79344902615168], [71.7467484684671, 33.77976996551155], [71.75239968140022, 33.76097884629678], [71.75425774909593, 33.76104320987628], [71.77184798109948, 33.75796444740138], [71.78203179962793, 33.746418103812516], [71.79962203073217, 33.736410014610556], [71.81813806352085, 33.736410014610556], [71.8422089073153, 33.73333036720271], [71.84961531989114, 33.71716040752682], [71.84868951910607, 33.70021718197739], [71.83572829552446, 33.671714221034506], [71.82647027868046, 33.66400909594307], [71.81165745262939, 33.657073893945096], [71.80899629933981, 33.63935148318444], [71.83259702882987, 33.63935148318444], [71.8599842989363, 33.643736184477405], [71.8747312910163, 33.65425855548801], [71.90949205671308, 33.663026215187756], [71.92002562248456, 33.67354622727663], [71.92845247510172, 33.68669443340144], [71.95583974610747, 33.689323832528885], [71.98954715567675, 33.687570909070246], [72.01798778281, 33.69545878629401], [72.02343041303648, 33.69545878629401], [72.0402098048387, 33.70418362927114], [72.06663284163238, 33.72707816522518], [72.08645012057667, 33.736234269096315], [72.19544515027354, 33.737149826603286], [72.20755570872905, 33.74355845036223], [72.21526242831845, 33.752712796058745], [72.22627202683265, 33.75637426076355], [72.23618066630479, 33.77101855566184], [72.2372816262461, 33.79389525716044], [72.23618066630479, 33.837801388823095], [72.24058450517083, 33.868887927535866], [72.25159410458434, 33.87620076205559], [72.26370466303985, 33.88168497717999], [72.27361330251193, 33.88991063886493], [72.27557503324464, 33.89381867519521]]]}}, {"type": "Feature", "properties": {"name": "Larkana"}, "geometry": {"type": "MultiPolygon", "coordinates": [[[[67.2122, 27.5549], [67.2353, 27.5788], [67.2624, 27.6035], [67.2778, 27.6266], [67.2808, 27.6675], [67.2911, 27.6907], [67.3472, 27.7267], [67.3704, 27.7437], [67.3926, 27.781], [67.4102, 27.8376], [67.4145, 27.8681], [67.4241, 27.8918], [67.4373, 27.9026], [67.468, 27.9027], [67.5469, 27.9094], [67.6605, 27.9299], [67.7105, 27.9335], [67.7592, 27.9437], [67.8114, 27.9623], [67.8398, 27.9826], [67.9237, 28.011], [67.9392, 28.0252], [67.9518, 28.0464], [67.9614, 28.0717], [67.9931, 28.1036], [68.0396, 28.1224], [68.0861, 28.1554], [68.1089, 28.1772], [68.1579, 28.211], [68.198, 28.2516], [68.2579, 28.2752], [68.3168, 28.2888], [68.3674, 28.3156], [68.3857, 28.3483], [68.4073, 28.3964], [68.4306, 28.4194], [68.4657, 28.4393], [68.5039, 28.4457], [68.5477, 28.4447], [68.6569, 28.4474], [68.7382, 28.4461], [69.0087, 28.4549], [69.08, 28.4604], [69.1902, 28.4543], [69.3241, 28.4536], [69.3576, 28.4576], [69.3901, 28.456], [69.3949, 28.4683], [69.4022, 28.48], [69.4239, 28.4886], [69.4489, 28.4946], [69.4738, 28.4956], [69.5084, 28.4929], [69.5916, 28.4785], [69.5714, 28.4454], [69.6608, 28.4378], [69.6917, 28.4333], [69.6799, 28.4132], [69.6691, 28.4008], [69.6544, 28.3881], [69.6292, 28.3701], [69.6151, 28.3631], [69.5924, 28.3592], [69.5674, 28.3625], [69.552, 28.3867], [69.5339, 28.4079], [69.5172, 28.4079], [69.5058, 28.3966], [69.5277, 28.3621], [69.5555, 28.2974], [69.5652, 28.2655], [69.5686, 28.2427], [69.5679, 28.2307], [69.5609, 28.2228], [69.5581, 28.2172], [69.5419, 28.2139], [69.5198, 28.2221], [69.4979, 28.2566], [69.4832, 28.2642], [69.4725, 28.2763], [69.465, 28.2803], [69.4591, 28.2728], [69.4603, 28.2528], [69.4442, 28.2368], [69.4508, 28.2182], [69.4793, 28.1981], [69.497, 28.1898], [69.5047, 28.1791], [69.5029, 28.1666], [69.4669, 28.1457], [69.4307, 28.1482], [69.3707, 28.1786], [69.3621, 28.1771], [69.3784, 28.146], [69.4004, 28.1117], [69.4054, 28.0935], [69.3849, 28.0706], [69.3643, 28.061], [69.3476, 28.0698], [69.3515, 28.0954], [69.3457, 28.1113], [69.3232, 28.1186], [69.2603, 28.1033], [69.1993, 28.0825], [69.1896, 28.0661], [69.1936, 28.0073], [69.1873, 27.9867], [69.1688, 27.9832], [69.1401, 27.9906], [69.1167, 28.0041], [69.103, 28.002], [69.079, 27.9679], [69.0664, 27.9714], [69.0625, 27.9859], [69.0662, 28.019], [69.0399, 28.0029], [69.0125, 27.9819], [68.9743, 27.9561], [68.9408, 27.9249], [68.9064, 27.8881], [68.8778, 27.8539], [68.874, 27.8218], [68.8755, 27.7537], [68.845, 27.7216], [68.8024, 27.6881], [68.7858, 27.6516], [68.7771, 27.6439], [68.7238, 27.65], [68.7093, 27.6498], [68.6757, 27.6319], [68.6485, 27.6326], [68.6236, 27.6547], [68.6223, 27.7264], [68.6121, 27.7344], [68.5907, 27.7299], [68.5548, 27.7187], [68.5364, 27.7253], [68.5008, 27.7269], [68.4727, 27.7126], [68.4631, 27.7], [68.475, 27.6789], [68.4901, 27.6648], [68.4901, 27.6473], [68.487, 27.6382], [68.4703, 27.6266], [68.4201, 27.6113], [68.3674, 27.6137], [68.3399, 27.6041], [68.3376, 27.5763], [68.3448, 27.5538], [68.3314, 27.5312], [68.2965, 27.5131], [68.2809, 27.4953], [68.2768, 27.4669], [68.3183, 27.4146], [68.3456, 27.389], [68.3436, 27.3802], [68.3139, 27.3688], [68.2821, 27.3681], [68.2541, 27.3704], [68.2273, 27.3543], [68.1953, 27.2829], [68.1812, 27.2294], [68.1451, 27.2203], [68.0995, 27.1725], [68.0843, 27.1411], [68.0558, 27.1323], [68.0405, 27.1339], [68.0287, 27.1334], [68.0347, 27.1435], [68.0314, 27.1603], [68.0188, 27.1701], [67.9873, 27.186], [67.9725, 27.1987], [67.9547, 27.221], [67.9525, 27.2286], [67.9516, 27.2528], [67.9528, 27.2572], [67.9619, 27.2692], [67.9688, 27.2755], [67.9796, 27.2895], [67.9811, 27.2937], [67.9774, 27.3066], [67.9743, 27.3088], [67.9613, 27.3116], [67.9176, 27.3119], [67.8958, 27.3171], [67.8598, 27.3135], [67.8216, 27.3067], [67.7896, 27.3073], [67.7325, 27.315], [67.6752, 27.3183], [67.6496, 27.3269], [67.6113, 27.333], [67.5331, 27.3412], [67.4598, 27.3754], [67.4383, 27.3887], [67.4145, 27.4151], [67.4059, 27.4161], [67.3955, 27.404], [67.3816, 27.3917], [67.3611, 27.3986], [67.3331, 27.3993], [67.3113, 27.4177], [67.3069, 27.4194], [67.2875, 27.4138], [67.2757, 27.4194], [67.2672, 27.4322], [67.257, 27.4431], [67.2288, 27.4619], [67.2048, 27.4728], [67.2122, 27.5549]]]]}}]}