{"type": "FeatureCollection", "features": [{"type": "Feature", "properties": {"name": "Khairpur"}, "geometry": {"type": "Polygon", "coordinates": [[[68.69130953760515, 27.678411798165996], [68.6814916388281, 27.67765575880628], [68.66463290548427, 27.681607659565884], [68.64281571956985, 27.68072947158788], [68.63736142309125, 27.672825464123946], [68.63339466193418, 27.662285898975085], [68.62694867494145, 27.654380557816523], [68.61058578640495, 27.64076446410877], [68.59769381331887, 27.63988594787827], [68.57438909208298, 27.65262373849481], [68.55207606136122, 27.66096838228509], [68.53372979179653, 27.653062945798354], [68.52282119883932, 27.637250358717154], [68.5211251673926, 27.618495071190637], [68.52812054392803, 27.610643818857227], [68.54361570360192, 27.599658841982034], [68.54361570360192, 27.583866009408837], [68.53586812331531, 27.567384106391444], [68.51804869009504, 27.55914222633271], [68.50255353042115, 27.544030506103013], [68.46226611329053, 27.538534820125903], [68.41035732662937, 27.537160855688967], [68.3878893445177, 27.534412874654492], [68.3816912799287, 27.526855572926422], [68.3816912799287, 27.497995645882384], [68.37936700638227, 27.479438837832163], [68.36464660455721, 27.46500360383328], [68.355349508573, 27.460191439483424], [68.35379999197613, 27.44987894955392], [68.34605241168953, 27.44162826423303], [68.32978249326749, 27.43612746381143], [68.31506209234175, 27.409994920629117], [68.31351257574482, 27.39211119667442], [68.3181611237369, 27.381792347638793], [68.33210676771324, 27.361839844833014], [68.3452776538407, 27.348077401750743], [68.35612426642183, 27.342571945538907], [68.3785922485335, 27.32261237496118], [68.3801417642311, 27.312287049008148], [68.37626797498712, 27.30264921069255], [68.3669708790029, 27.2964530157941], [68.3452776538407, 27.2930105360075], [68.31661160803935, 27.293699040778165], [68.30266596406307, 27.291633513875638], [68.29491838287714, 27.28681380331443], [68.28639604564103, 27.27304204775237], [68.27322515951357, 27.266844201698575], [68.26857661152144, 27.260646009405832], [68.26625233797506, 27.24687101088847], [68.25927951553729, 27.23860519447419], [68.2476581460067, 27.231027656201434], [68.24146008051838, 27.217248991148097], [68.22519016299566, 27.19313222886933], [68.22596492084449, 27.181416490778474], [68.23127564055841, 27.171967510092543], [68.2321336198707, 27.172211768658258], [68.24469435556011, 27.170897112711657], [68.26094942527584, 27.159064514915485], [68.26907696013365, 27.14986051585015], [68.28089882901781, 27.14723066346437], [68.2971538996328, 27.14591571343948], [68.31193123483865, 27.146573189800904], [68.36808511293765, 27.13999824812072], [68.37842924821132, 27.132765365129558], [68.38212358313689, 27.121586352328336], [68.38138471543232, 27.107117736394457], [68.39246771841056, 27.1005404744634], [68.4035507195901, 27.09133165772988], [68.40798392132098, 27.078832768417556], [68.41463372256828, 27.068964238708702], [68.42571672374788, 27.065016583648458], [68.43827746033656, 27.063700668650995], [68.44862159561018, 27.05975282743111], [68.4597045976891, 27.049224573954973], [68.46930986615746, 27.034746612266417], [68.46857099935221, 26.94520506596109], [68.45896573088385, 26.928737472056753], [68.44640499519443, 26.920832173166332], [68.43162765908926, 26.918855761883947], [68.41980579020509, 26.907655443244153], [68.41241712215253, 26.897112952600708], [68.40724505451573, 26.87009332804473], [68.38877338438425, 26.8542739663705], [68.37916811591589, 26.829881449469383], [68.35478551044298, 26.81009987720762], [68.35404664363773, 26.7164202884656], [68.35700211085879, 26.660967862676785], [68.34591910877992, 26.63125011280249], [68.33261950628525, 26.624645118477474], [68.32005877059584, 26.615397485205847], [68.31710330337478, 26.598881993409293], [68.33275773658033, 26.582939605378556], [68.33779157392206, 26.58434638877486], [68.37842924821132, 26.581703354126546], [68.41315598805846, 26.582364118409373], [68.47004873386203, 26.57707789442935], [68.51068640725197, 26.558574191345883], [68.5276803446722, 26.55328687019295], [68.6998363129955, 26.55394779815242], [68.72348005076378, 26.549982170141107], [68.75968452422148, 26.530151972435647], [68.78997806323707, 26.524863340970455], [68.81066633468367, 26.50635121213878], [68.82174933586322, 26.502383939267418], [68.8328323388414, 26.501061483500735], [68.84317647411507, 26.483206854412856], [68.85721494431431, 26.473286418533462], [68.86017041063599, 26.461380766109528], [68.86017041063599, 26.450796930034358], [68.87347001402998, 26.433596120664504], [68.88676961652465, 26.43094961463305], [68.89711375089894, 26.422348049822688], [68.89711375089894, 26.403168975667768], [68.90589148930087, 26.404666511450387], [68.93142672616256, 26.404666511450387], [68.94135709685258, 26.402548780701693], [68.94892309232688, 26.388994380486338], [68.94986884277296, 26.381369331029873], [68.95270609051374, 26.37543839026955], [68.97162108054846, 26.366117723054515], [68.97729557872805, 26.357220021386922], [68.98249720078525, 26.33603226377801], [68.99573769353981, 26.3288275421574], [69.00283081469041, 26.319503119373508], [69.00330368991342, 26.30933016645406], [69.01976564237054, 26.300534080083764], [69.02863204403366, 26.290597938444137], [69.03675957979084, 26.26409740077446], [69.05597011672756, 26.254158139386675], [69.06631425200118, 26.243555323119722], [69.07000858602748, 26.23228877031056], [69.08848025615896, 26.227649284786708], [69.09660779191614, 26.20113438674258], [69.10547419267988, 26.189200711443732], [69.11507946114824, 26.18190730767617], [69.13059566405872, 26.1739503472308], [69.14611186696914, 26.169971662861997], [69.16162807077887, 26.169971662861997], [69.18822727666753, 26.183896463251244], [69.20004914465238, 26.187211645800858], [69.21260988034174, 26.18787467187866], [69.22590948373573, 26.191189742013023], [69.25176982191982, 26.194504717718587], [69.29831843155046, 26.193178738408108], [69.31605123487662, 26.191189742013023], [69.34856137520734, 26.183896463251244], [69.36407757811781, 26.18257036343158], [69.37146624617037, 26.178591973141124], [69.37737718061243, 26.169971662861997], [69.3943711171334, 26.16135071586291], [69.42097032212274, 26.158697988321535], [69.45274159564815, 26.16002435973644], [69.47416873300068, 26.165329694310003], [69.48377400146904, 26.17461344885163], [69.49633473715846, 26.17991811882615], [69.51628414090044, 26.183896463251244], [69.53918901186347, 26.18323341558971], [69.54362221359435, 26.17461344885163], [69.55766068289427, 26.16201388853017], [69.57243801899943, 26.157371602517514], [69.5857376214941, 26.159361176277287], [69.61159795967814, 26.175939638603495], [69.62563642987737, 26.18124424832348], [69.6396748991773, 26.18323341558971], [69.65075790125621, 26.189200711443732], [69.66701297097188, 26.18787467187866], [69.67957370756062, 26.18257036343158], [69.70321744442958, 26.18124424832348], [69.71356158060252, 26.1739503472308], [69.72242798136631, 26.165329694310003], [69.7372053183708, 26.160687539598314], [69.76971545780219, 26.160687539598314], [69.78744826202774, 26.16267705670083], [69.81183086660127, 26.168645405660982], [69.82365273638476, 26.177265813966187], [69.84434100603266, 26.18257036343158], [69.86650701019045, 26.183896463251244], [69.87980661268506, 26.180581186272775], [69.89532281649485, 26.16201388853017], [69.91305561982108, 26.158697988321535], [69.96403743028321, 26.159361176277287], [69.99654757061393, 26.155381993684102], [70.00910830630335, 26.1480864756104], [70.02314677560327, 26.13747399702737], [70.03718524400387, 26.133494068896198], [70.05491804822941, 26.131504053569245], [70.07043425113983, 26.133494068896198], [70.09039385049584, 26.139040262598087], [70.10404469130953, 26.156195769519172], [70.11765213623715, 26.184691581751167], [70.12521182746394, 26.215893287645144], [70.11916407376305, 26.248442670792656], [70.11916407376305, 26.274204468461505], [70.14486702609241, 26.32842113942411], [70.13730733396636, 26.52339078475694], [70.12823570431436, 26.546386251624256], [70.10555662883542, 26.566672541404728], [70.07531786212968, 26.573433839699987], [70.03751940419721, 26.597771210173278], [70.01181645276716, 26.60453067205293], [69.96948217955901, 26.596419269233934], [69.94377922722958, 26.58289898749831], [69.91958821422475, 26.573433839699987], [69.85608680396291, 26.57749042784104], [69.82282416130607, 26.57749042784104], [69.76990631912139, 26.580194739595584], [69.73361979961413, 26.60047504258921], [69.6549990059994, 26.66399671097946], [69.63383186894566, 26.672103317714004], [69.59452147258793, 26.68426214728032], [69.56428270588225, 26.705874641201774], [69.53404393917651, 26.712627705304385], [69.48566191226752, 26.73423481768276], [69.45693508398699, 26.75988793318163], [69.45542314556178, 26.91907748253982], [69.46600671453831, 26.99858821827172], [69.48263803631636, 27.024181417338582], [69.49300147194043, 27.051872641209457], [69.47564958725872, 27.058672000612376], [69.44930781500369, 27.06488141374632], [69.42451555934565, 27.066951142281425], [69.38810193235832, 27.088336093336068], [69.35788636996006, 27.092474644789093], [69.33076983985626, 27.111785863526848], [69.32069798602328, 27.115233944291163], [69.28350960118718, 27.116613148178317], [69.26414065137004, 27.12006108055448], [69.24477170155285, 27.12764615784397], [69.23160081452602, 27.136609677294814], [69.21533089700335, 27.141435889954437], [69.19518718843807, 27.142125330919328], [69.15722404665246, 27.165563827208928], [69.14017936948238, 27.166253119785722], [69.12313469411089, 27.15867066222131], [69.1130628402779, 27.145572478187376], [69.09291913171262, 27.14005699273605], [69.06115405361675, 27.14005699273605], [69.04023558720263, 27.142125330919328], [69.01931712078857, 27.146951306157916], [69.00614623556038, 27.157291978142325], [68.991425832836, 27.165563827208928], [68.97825494580917, 27.167631693248097], [68.96275978613528, 27.172456565917855], [68.948814142159, 27.184173245598856], [68.92789567574488, 27.208980974992073], [68.91937333850882, 27.21242605651736], [68.90232866133869, 27.21518204511534], [68.88683350166485, 27.22207171803541], [68.88218495367272, 27.235160922338764], [68.86668979309951, 27.244115806499337], [68.85661793926653, 27.25306997120225], [68.85661793926653, 27.275107919994582], [68.86126648725866, 27.286125255376305], [68.87366261553734, 27.290256474656644], [68.88141019582395, 27.28956794920157], [68.8883830173624, 27.2950760368297], [68.8883830173624, 27.30953346609664], [68.89690535549784, 27.31641729432272], [68.91007624252461, 27.320547386752537], [68.91937333850882, 27.330183669240967], [68.9216976120552, 27.346012887484846], [68.91859857976073, 27.38935959856667], [68.91007624252461, 27.40724376678645], [68.8806354370758, 27.419623419485276], [68.86668979309951, 27.42925107837459], [68.85816745586345, 27.43819029634517], [68.84577132668545, 27.44781633645482], [68.83414995715486, 27.455379063792805], [68.82640237686826, 27.47050296354098], [68.82562761901949, 27.485624787653876], [68.82950140916273, 27.493184922246428], [68.84112277869332, 27.501431748576408], [68.85661793926653, 27.508303632007085], [68.86668979309951, 27.524794400541225], [68.86281600385553, 27.542656610913923], [68.86746455184766, 27.55433417728051], [68.87753640478132, 27.56051591557707], [68.8883830173624, 27.57768558592113], [68.89303156535453, 27.59691242666719], [68.88915777611055, 27.60927075733963], [68.86436551955313, 27.61888182823384], [68.85816745586345, 27.627119218876885], [68.84809560113115, 27.633296854466323], [68.7380799641191, 27.63398323683697], [68.72103528784834, 27.637415084838324], [68.72103528784834, 27.644278457085193], [68.71018867616652, 27.660062579724354], [68.70017508311366, 27.664481725950964], [68.69130953760515, 27.678411798165996]]]}}, {"type": "Feature", "properties": {"name": "Tando Muhammad Khan"}, "geometry": {"type": "Polygon", "coordinates": [[[68.37770243861672, 24.70388963909562], [68.38969985336558, 24.70388963909562], [68.40138895713471, 24.706839413608122], [68.40918169328057, 24.71627822296165], [68.42476716557229, 24.72689602822919], [68.44295021538016, 24.730435095203518], [68.45788629261835, 24.73633331772851], [68.47477055411781, 24.756974889179844], [68.48451147362567, 24.76582022782128], [68.48645965788694, 24.78174024881349], [68.50594149780193, 24.798837258432798], [68.5189293907788, 24.819468439117202], [68.53061849454792, 24.831256142756843], [68.54230759921637, 24.834792235673206], [68.56243883328557, 24.834792235673206], [68.57607612131602, 24.82830932251727], [68.58516764666962, 24.815342477273532], [68.5942591711239, 24.80650066847113], [68.60594827489302, 24.80473223170719], [68.62088435213121, 24.81062692439309], [68.6273782999686, 24.82595181542399], [68.6436131655152, 24.8430427258412], [68.6689395582141, 24.851292664724724], [68.68972018643751, 24.850703401940507], [68.72868386626749, 24.845399907379885], [68.74686691697468, 24.852471183098658], [68.75595844232828, 24.866612522250136], [68.75401025806701, 24.894890346912007], [68.748815101236, 24.920805997898526], [68.7384247857753, 24.933761781481053], [68.72154052517516, 24.94671620438936], [68.70595505288344, 24.951426565483644], [68.68712260802198, 24.95260412787826], [68.67283592583738, 24.95554798395233], [68.65335408592239, 24.97203227736776], [68.65140590166106, 24.98380542008414], [68.64621074483006, 24.992045949361113], [68.60984464341561, 25.01970654412179], [68.59945432885422, 25.030886717947737], [68.5942591711239, 25.04736090658065], [68.5928892581328, 25.053566104592107], [68.59231098776195, 25.056185455594346], [68.58062188399282, 25.067950530492624], [68.56114004407783, 25.07383264526044], [68.54035941405579, 25.076773596524333], [68.52282575930138, 25.076773596524333], [68.49490178818701, 25.066185841203662], [68.43970324281048, 25.06089162045197], [68.39814198456497, 25.063244636330978], [68.34943738522719, 25.063244636330978], [68.28788718724394, 25.06565990777858], [68.28625089866011, 25.062880932509074], [68.28625089866011, 25.04069098300249], [68.2801273393053, 25.021826368492157], [68.26543079919207, 25.010728181360548], [68.26053195188814, 24.995189034046746], [68.26910493444524, 24.95633257408906], [68.28502618660929, 24.941897048709905], [68.29462792613793, 24.915197975805995], [68.30560134402685, 24.907378184455695], [68.31422331355515, 24.896714033525882], [68.31735857593759, 24.883204787371085], [68.3150071293756, 24.86756065589958], [68.29306029539634, 24.851914545020293], [68.28835740227237, 24.837689090479216], [68.28835740227237, 24.828441667648917], [68.29306029539634, 24.810656221607417], [68.30168226492464, 24.794291357260363], [68.31735857593759, 24.782905829540425], [68.31971002249958, 24.766537304053372], [68.32833199292719, 24.753013850408934], [68.34008922483793, 24.745895652562353], [68.34714356452395, 24.733081868333613], [68.36830658268269, 24.716706778694913], [68.37379329162718, 24.70816239907549], [68.37770243861672, 24.70388963909562]]]}}, {"type": "Feature", "properties": {"name": "Hyderabad"}, "geometry": {"type": "Polygon", "coordinates": [[[68.28788718724394, 25.06565990777858], [68.34943738522719, 25.063244636330978], [68.39814198456497, 25.063244636330978], [68.43970324281048, 25.06089162045197], [68.49490178818701, 25.066185841203662], [68.52282575930138, 25.076773596524333], [68.54035941405579, 25.076773596524333], [68.56114004407783, 25.07383264526044], [68.58062188399282, 25.067950530492624], [68.59231098776195, 25.056185455594346], [68.5928892581328, 25.053566104592107], [68.60493810600883, 25.05278644543813], [68.61763737956147, 25.051740577066028], [68.65919863780692, 25.054878154303424], [68.66843447287266, 25.065336167130454], [68.69960541655678, 25.07788460369153], [68.71230469010942, 25.08938620690799], [68.71345916960507, 25.168822281822884], [68.70884125162252, 25.198075173030873], [68.70690644747464, 25.20551506826581], [68.70422333453934, 25.215832429822854], [68.69036958149104, 25.225232281444676], [68.67074343186397, 25.225232281444676], [68.64765384374994, 25.233587095667986], [68.6384180086842, 25.248206637626254], [68.62802769322354, 25.269088648222578], [68.63149113171039, 25.289967066027316], [68.64534488475869, 25.30144866382483], [68.6522717617325, 25.341103995153333], [68.64534488475869, 25.355710580578886], [68.62110081804838, 25.375530979271332], [68.61856096351772, 25.404900916344275], [68.61856096351772, 25.440936069044426], [68.62447189795978, 25.458949602941857], [68.64516016760768, 25.48496439429141], [68.65993750461223, 25.50030381117199], [68.6710205066911, 25.506305658979045], [68.67693144113315, 25.518975241414296], [68.67693144113315, 25.585635201103685], [68.67175937349634, 25.612288797090343], [68.66757411845089, 25.6183266762352], [68.65698203739117, 25.63360739526513], [68.61486662949142, 25.665578156406866], [68.60378362651323, 25.686221386208047], [68.57201235388709, 25.694211353571177], [68.55575728417136, 25.702866545854476], [68.5601904841036, 25.724168955333084], [68.55871275139242, 25.737481023330588], [68.53876334675113, 25.74746409699054], [68.53433014591957, 25.768758515992772], [68.52694147876628, 25.786722709485502], [68.51252497847108, 25.78822049362021], [68.50773094093023, 25.788718564110468], [68.48408720316195, 25.783396213464528], [68.48187060184688, 25.770089289589066], [68.47374306788834, 25.749460610818574], [68.46044346539367, 25.744136499300055], [68.45674913046804, 25.73282196945837], [68.47226533337852, 25.721506363128185], [68.49812567156255, 25.698206135804583], [68.50551434051448, 25.688218927961202], [68.50773094093023, 25.666244123267745], [68.50699207412498, 25.64160088886996], [68.50920867454073, 25.62827810185297], [68.48778153628894, 25.61961749385233], [68.46937652660546, 25.61578769584554], [68.47429111834049, 25.602492502726875], [68.467442033623, 25.58602044009126], [68.45374386508735, 25.57778355846449], [68.42235222867248, 25.57109067429525], [68.40922481667201, 25.566456920150813], [68.39495589160117, 25.55564412927322], [68.38924832175269, 25.544315398237075], [68.38582377894431, 25.527320292597494], [68.3926728636618, 25.51341341569662], [68.40351724682353, 25.50517154373182], [68.41778617189436, 25.497959441375144], [68.42063995816761, 25.485079610036053], [68.42006920073311, 25.466014926947366], [68.41264935948038, 25.454677736888073], [68.39666816210604, 25.449008740760803], [68.35557365739845, 25.44333947843421], [68.33559716068049, 25.42529914024317], [68.32646504802358, 25.401584874942102], [68.32703580545814, 25.391272870646503], [68.33388489017563, 25.38044431735142], [68.33559716068049, 25.36342605866571], [68.3310311048017, 25.351047638038096], [68.32418202098353, 25.345889588134014], [68.31562066576117, 25.33402523977304], [68.32075747817515, 25.32267564446545], [68.33331413274107, 25.31390477328671], [68.3367386755495, 25.300489272462016], [68.33730943208468, 25.287588351121542], [68.36071046981237, 25.275718292065562], [68.36185198468138, 25.267976322649247], [68.36870106849955, 25.257652929339258], [68.37783318025714, 25.25197468997999], [68.38068696653033, 25.239584879438667], [68.37383788181285, 25.23132430517262], [68.35956895584269, 25.226161161508458], [68.31733293626604, 25.2266774856775], [68.29849795441714, 25.23029169370676], [68.27929796472932, 25.23116010785276], [68.28130306348567, 25.229709081409055], [68.29001909130807, 25.2105917448132], [68.29102237498267, 25.198336915316418], [68.30256013903926, 25.177909460753085], [68.30908148472281, 25.16292715116714], [68.31058640933537, 25.144764308226286], [68.3082957092796, 25.09504922164433], [68.2960485914694, 25.07952075737711], [68.28788718724394, 25.06565990777858]]]}}, {"type": "Feature", "properties": {"name": "Matiari"}, "geometry": {"type": "Polygon", "coordinates": [[[68.46937652660546, 25.61578769584554], [68.48778153628894, 25.61961749385233], [68.50920867454073, 25.62827810185297], [68.50699207412498, 25.64160088886996], [68.50773094093023, 25.666244123267745], [68.50551434051448, 25.688218927961202], [68.49812567156255, 25.698206135804583], [68.47226533337852, 25.721506363128185], [68.45674913046804, 25.73282196945837], [68.46044346539367, 25.744136499300055], [68.47374306788834, 25.749460610818574], [68.48187060184688, 25.770089289589066], [68.48408720316195, 25.783396213464528], [68.50773094093023, 25.788718564110468], [68.51252497847108, 25.78822049362021], [68.50625320731973, 25.800027767267693], [68.50477547370917, 25.80867525326039], [68.49886453926712, 25.82530325923807], [68.49295360482506, 25.836608971227065], [68.49221473801981, 25.853233054362022], [68.50329774009867, 25.883150513985072], [68.51216414176179, 25.918376915362387], [68.52324714384065, 25.925022225395423], [68.53506901272482, 25.947613481177257], [68.53876334675113, 25.960900430210756], [68.53433014591957, 25.981492236777342], [68.52066111002227, 25.99009320533719], [68.5195528098144, 25.990790581020576], [68.49960340607237, 25.993447115392087], [68.47743740191464, 25.993447115392087], [68.4597045976891, 25.998095907100492], [68.44566612838918, 26.00938506167131], [68.4271944582577, 26.02067313165975], [68.40724505451573, 26.027312665347267], [68.38507905035794, 26.025320844181692], [68.37769038140601, 26.020009157696506], [68.3606964448851, 25.989462291351742], [68.34813570919567, 25.974185880074344], [68.33188063948, 25.962893344052645], [68.31636443656953, 25.9489422429902], [68.2838329184545, 25.931434949163645], [68.29221962713416, 25.92426960795609], [68.29221962713416, 25.910409064127066], [68.28137524397238, 25.8914123410068], [68.27680918719432, 25.878061462766368], [68.27509691668939, 25.846732324737047], [68.277950701164, 25.834403831771453], [68.28651205638636, 25.82310158397098], [68.29792719698258, 25.817450055375787], [68.31390839345767, 25.813853487548442], [68.32475277751871, 25.808715344137852], [68.33274337620588, 25.798952258140275], [68.35614441303431, 25.78970227673875], [68.36584728312567, 25.775825951606407], [68.36870106849955, 25.75783570655267], [68.36527652659049, 25.74498386301491], [68.33788018861986, 25.726988946882443], [68.33445564761013, 25.713105293174806], [68.33445564761013, 25.69613418234667], [68.34644154474154, 25.67864626531292], [68.38582377894431, 25.647264451293438], [68.39895119094479, 25.644691805682328], [68.43376736926871, 25.642633649623292], [68.45374386508735, 25.639031789285696], [68.46173446377452, 25.630798559805726], [68.4680127910575, 25.619476941507685], [68.46937652660546, 25.61578769584554]]]}}, {"type": "Feature", "properties": {"name": "Ghotki"}, "geometry": {"type": "Polygon", "coordinates": [[[69.19523935361332, 27.92638818186913], [69.19596194628684, 27.9246206264408], [69.19596194628684, 27.904766891678776], [69.20138525212775, 27.89381154836434], [69.21223186560815, 27.8869638953675], [69.22075420284426, 27.879430976058757], [69.22230371854181, 27.845183834766203], [69.22695226653394, 27.828056206828535], [69.25019500649444, 27.806814194919184], [69.25329403878891, 27.77597162429106], [69.27033871595904, 27.767745461683774], [69.2788610531951, 27.759518676745586], [69.2796358119432, 27.74580598685685], [69.2788610531951, 27.72249045217268], [69.2811853276408, 27.701913779397444], [69.2804105688927, 27.6861357029004], [69.26491540921882, 27.68064714045323], [69.24244742710715, 27.68064714045323], [69.21610565485213, 27.68270538374651], [69.19983573643015, 27.678588859388412], [69.19673670413562, 27.66623835551576], [69.19673670413562, 27.653886454995927], [69.20835807456552, 27.637415084838324], [69.247870732948, 27.6284920564633], [69.24942024954493, 27.619568301436004], [69.25639307108344, 27.60927075733963], [69.26878919936212, 27.605838027103346], [69.27808629534633, 27.598972244673405], [69.2796358119432, 27.585926072929965], [69.29125718147378, 27.563263243703773], [69.30752709989582, 27.55433417728051], [69.3160494380312, 27.52960374281855], [69.34394072598377, 27.499370099550504], [69.38577765791263, 27.484937478082202], [69.45240684729822, 27.48356284275104], [69.46402821772813, 27.48081352352534], [69.47797386170441, 27.46706589587444], [69.50121660166491, 27.4588164956848], [69.51593700438929, 27.462253821456727], [69.5267836160711, 27.473939924188187], [69.53763022865218, 27.479438837832163], [69.55995294327374, 27.463671686299335], [69.55995294327374, 27.44755850622016], [69.5647951809529, 27.404578520682207], [69.57811133457051, 27.39275609331912], [69.59748028348832, 27.39060642494661], [69.61321755594548, 27.379857457155993], [69.62653370956309, 27.365882237175583], [69.6713244071957, 27.358356387437368], [69.68827223817328, 27.345453741197275], [69.7167740497826, 27.33369876118894], [69.73966755241565, 27.356361135358156], [69.79863314740192, 27.387242416404433], [69.82735997568238, 27.41677296609953], [69.85155098958654, 27.446295622445064], [69.89690913964512, 27.49727069428718], [69.93621953600285, 27.548222171516045], [69.96041054900769, 27.56966835920747], [69.98308962448664, 27.596470200339525], [70.00274482221585, 27.629963288874706], [70.03298358892152, 27.71030488216462], [70.04356715789805, 27.74510121604834], [70.06927010932816, 27.77453558954585], [70.11141199147028, 27.833501127874797], [70.10555662883542, 27.850760323929876], [70.08590143110621, 27.874820173512262], [70.05415072597526, 27.877493160081315], [70.03449552734679, 27.886848095063613], [70.00879257591669, 27.90555553865721], [69.98157768606143, 27.930939040104647], [69.95889861058248, 27.948303264384208], [69.94529116655417, 28.005718881421274], [69.92714790545153, 28.017732234854805], [69.9105165845728, 28.037751512322473], [69.85911068081333, 28.068440502127544], [69.84247935903522, 28.10312185229168], [69.8394554821848, 28.217757196037837], [69.83491966780849, 28.245730885272167], [69.81677640760518, 28.26171255658926], [69.80770477795318, 28.276360317474712], [69.80763980624913, 28.277618958227354], [69.790311526256, 28.275628459985512], [69.7717999756884, 28.269417713156997], [69.75945894077756, 28.258548036562672], [69.75240692134241, 28.242241442888314], [69.74006588643158, 28.22670903599328], [69.72684335044033, 28.217388506374505], [69.71097630581193, 28.214281481805017], [69.69510926298216, 28.201852482406196], [69.67483470575712, 28.197191234188153], [69.64927113485504, 28.177767181110596], [69.61841855027592, 28.172327813377933], [69.61577404253808, 28.158339599093267], [69.60255150564751, 28.15445366000847], [69.59461798333331, 28.148235862495085], [69.59109197361573, 28.13968580275764], [69.58756596479748, 28.122583634627063], [69.58668446191842, 28.08992646593373], [69.57786943672517, 28.0790385340012], [69.55935788615756, 28.07748302522151], [69.54260933954941, 28.08759343119192], [69.53908332983184, 28.101590881514028], [69.5302683055379, 28.119473856333457], [69.51969027548586, 28.12491590944171], [69.50470473463582, 28.135799185584005], [69.49941572005952, 28.145904095797448], [69.4853116802899, 28.145904095797448], [69.4729706471777, 28.12724813299502], [69.4615111142466, 28.118696397820543], [69.45534059769051, 28.11092150152615], [69.43859205108237, 28.106256293593106], [69.39363542673362, 28.10081329349873], [69.38129439182279, 28.092259450313406], [69.37336087040791, 28.0790385340012], [69.36101983549707, 28.074371939313608], [69.34867880148556, 28.06659383243948], [69.34427128978825, 28.05570353439066], [69.31077419657197, 28.05492561452553], [69.29402564996383, 28.051035927066437], [69.28256611883137, 28.046368116495444], [69.28080311307326, 28.0362538326483], [69.27110658679959, 28.028472966654135], [69.24906902561509, 28.026138597318436], [69.24349792968576, 28.017703319852387], [69.23108637533602, 28.00674581186979], [69.22375227544723, 27.99180195819389], [69.22488059816112, 27.958419872079503], [69.21923898279289, 27.944964470134266], [69.20795575115704, 27.932005832103528], [69.19523935361332, 27.92638818186913]]]}}, {"type": "Feature", "properties": {"name": "Sukkur"}, "geometry": {"type": "Polygon", "coordinates": [[[69.49300147194043, 27.051872641209457], [69.49624548124405, 27.060540671314982], [69.49775741966926, 27.102271949091232], [69.5219484326741, 27.148023858314446], [69.56125882903177, 27.185687840621426], [69.59300953416272, 27.23006121325443], [69.68674971113035, 27.303977542629525], [69.7167740497826, 27.33369876118894], [69.68827223817328, 27.345453741197275], [69.6713244071957, 27.358356387437368], [69.62653370956309, 27.365882237175583], [69.61321755594548, 27.379857457155993], [69.59748028348832, 27.39060642494661], [69.57811133457051, 27.39275609331912], [69.5647951809529, 27.404578520682207], [69.55995294327374, 27.44755850622016], [69.55995294327374, 27.463671686299335], [69.53763022865218, 27.479438837832163], [69.5267836160711, 27.473939924188187], [69.51593700438929, 27.462253821456727], [69.50121660166491, 27.4588164956848], [69.47797386170441, 27.46706589587444], [69.46402821772813, 27.48081352352534], [69.45240684729822, 27.48356284275104], [69.38577765791263, 27.484937478082202], [69.34394072598377, 27.499370099550504], [69.3160494380312, 27.52960374281855], [69.30752709989582, 27.55433417728051], [69.29125718147378, 27.563263243703773], [69.2796358119432, 27.585926072929965], [69.27808629534633, 27.598972244673405], [69.26878919936212, 27.605838027103346], [69.25639307108344, 27.60927075733963], [69.24942024954493, 27.619568301436004], [69.247870732948, 27.6284920564633], [69.20835807456552, 27.637415084838324], [69.19673670413562, 27.653886454995927], [69.19673670413562, 27.66623835551576], [69.19983573643015, 27.678588859388412], [69.21610565485213, 27.68270538374651], [69.24244742710715, 27.68064714045323], [69.26491540921882, 27.68064714045323], [69.2804105688927, 27.6861357029004], [69.2811853276408, 27.701913779397444], [69.2788610531951, 27.72249045217268], [69.2796358119432, 27.74580598685685], [69.2788610531951, 27.759518676745586], [69.27033871595904, 27.767745461683774], [69.25329403878891, 27.77597162429106], [69.25019500649444, 27.806814194919184], [69.22695226653394, 27.828056206828535], [69.22230371854181, 27.845183834766203], [69.22075420284426, 27.879430976058757], [69.21223186560815, 27.8869638953675], [69.20138525212775, 27.89381154836434], [69.19596194628684, 27.904766891678776], [69.19596194628684, 27.9246206264408], [69.19523935361332, 27.92638818186913], [69.19221211779507, 27.933793188804657], [69.18179937054458, 27.942992350416716], [69.16989908707325, 27.95087672118376], [69.16196556565836, 27.951314726093813], [69.14857774686556, 27.947372627045127], [69.1346940832654, 27.946058562852443], [69.11329756513061, 27.954246684137217], [69.10760265863587, 27.958829971026375], [69.0936938895614, 27.954052208442704], [69.07355018189543, 27.949261567567362], [69.05185695673322, 27.93488836790391], [69.03868607150503, 27.920513256281822], [69.02551518447825, 27.91435190831396], [69.00847050910676, 27.910244148748518], [68.99529962207993, 27.904082215322035], [68.96895784982496, 27.88217028043414], [68.95346269015107, 27.873267289853572], [68.94416559416692, 27.86573341816279], [68.94106656187239, 27.852034129071853], [68.92867043449303, 27.836277806275803], [68.91472479051674, 27.83079680982496], [68.91240051607099, 27.818463554949176], [68.91240051607099, 27.806814194919184], [68.8883830173624, 27.798590365153302], [68.88528398506793, 27.783511728283656], [68.88528398506793, 27.773229639936005], [68.87366261553734, 27.757461883159408], [68.86204124510743, 27.75471943205622], [68.76209746282768, 27.751291269476553], [68.74272851211123, 27.736891812307363], [68.73265665737887, 27.732777332108242], [68.72103528784834, 27.731405804834083], [68.70321585372875, 27.721118794496817], [68.69701779003901, 27.712202600969306], [68.69391875774454, 27.70259973099286], [68.69289607659272, 27.678533971965294], [68.69130953760515, 27.678411798165996], [68.70017508311366, 27.664481725950964], [68.71018867616652, 27.660062579724354], [68.72103528784834, 27.644278457085193], [68.72103528784834, 27.637415084838324], [68.7380799641191, 27.63398323683697], [68.84809560113115, 27.633296854466323], [68.85816745586345, 27.627119218876885], [68.86436551955313, 27.61888182823384], [68.88915777611055, 27.60927075733963], [68.89303156535453, 27.59691242666719], [68.8883830173624, 27.57768558592113], [68.87753640478132, 27.56051591557707], [68.86746455184766, 27.55433417728051], [68.86281600385553, 27.542656610913923], [68.86668979309951, 27.524794400541225], [68.85661793926653, 27.508303632007085], [68.84112277869332, 27.501431748576408], [68.82950140916273, 27.493184922246428], [68.82562761901949, 27.485624787653876], [68.82640237686826, 27.47050296354098], [68.83414995715486, 27.455379063792805], [68.84577132668545, 27.44781633645482], [68.85816745586345, 27.43819029634517], [68.86668979309951, 27.42925107837459], [68.8806354370758, 27.419623419485276], [68.91007624252461, 27.40724376678645], [68.91859857976073, 27.38935959856667], [68.9216976120552, 27.346012887484846], [68.91937333850882, 27.330183669240967], [68.91007624252461, 27.320547386752537], [68.89690535549784, 27.31641729432272], [68.8883830173624, 27.30953346609664], [68.8883830173624, 27.2950760368297], [68.88141019582395, 27.28956794920157], [68.87366261553734, 27.290256474656644], [68.86126648725866, 27.286125255376305], [68.85661793926653, 27.275107919994582], [68.85661793926653, 27.25306997120225], [68.86668979309951, 27.244115806499337], [68.88218495367272, 27.235160922338764], [68.88683350166485, 27.22207171803541], [68.90232866133869, 27.21518204511534], [68.91937333850882, 27.21242605651736], [68.92789567574488, 27.208980974992073], [68.948814142159, 27.184173245598856], [68.96275978613528, 27.172456565917855], [68.97825494580917, 27.167631693248097], [68.991425832836, 27.165563827208928], [69.00614623556038, 27.157291978142325], [69.01931712078857, 27.146951306157916], [69.04023558720263, 27.142125330919328], [69.06115405361675, 27.14005699273605], [69.09291913171262, 27.14005699273605], [69.1130628402779, 27.145572478187376], [69.12313469411089, 27.15867066222131], [69.14017936948238, 27.166253119785722], [69.15722404665246, 27.165563827208928], [69.19518718843807, 27.142125330919328], [69.21533089700335, 27.141435889954437], [69.23160081452602, 27.136609677294814], [69.24477170155285, 27.12764615784397], [69.26414065137004, 27.12006108055448], [69.28350960118718, 27.116613148178317], [69.32069798602328, 27.115233944291163], [69.33076983985626, 27.111785863526848], [69.35788636996006, 27.092474644789093], [69.38810193235832, 27.088336093336068], [69.42451555934565, 27.066951142281425], [69.44930781500369, 27.06488141374632], [69.47564958725872, 27.058672000612376], [69.49300147194043, 27.051872641209457]]]}}, {"type": "Feature", "properties": {"name": "Kashmore"}, "geometry": {"type": "Polygon", "coordinates": [[[69.14626225340032, 28.400119914702373], [69.08046243949002, 28.400119914702373], [69.00209993926086, 28.396218065711196], [69.00430618488258, 28.351571414289367], [69.00067450572391, 28.31640894301836], [68.98251611532652, 28.29509269297347], [68.97041052202803, 28.250314670385762], [68.96677884376868, 28.210851779585994], [68.96314716461, 28.194849154065253], [68.94983101189172, 28.18951441256013], [68.94619933363242, 28.173508592647465], [68.94619933363242, 28.10091884512866], [68.94498900983501, 28.029362483391935], [68.94512433891714, 28.029213163556676], [68.96114828916228, 28.02487412623998], [69.00227244451776, 28.02178279663883], [69.02551518447825, 28.023834573806596], [69.04565889304354, 28.021098861323424], [69.06425308591122, 28.015627228613766], [69.08052300343394, 28.002630986330985], [69.08672106712362, 27.980739034378985], [69.10376574339438, 27.967738585067707], [69.10763953353768, 27.958842637977398], [69.10760265863587, 27.958829971026375], [69.11329756513061, 27.954246684137217], [69.1346940832654, 27.946058562852443], [69.14857774686556, 27.947372627045127], [69.16196556565836, 27.951314726093813], [69.16989908707325, 27.95087672118376], [69.18179937054458, 27.942992350416716], [69.19221211779507, 27.933793188804657], [69.19523935361332, 27.92638818186913], [69.20795575115704, 27.932005832103528], [69.21923898279289, 27.944964470134266], [69.22488059816112, 27.958419872079503], [69.22375227544723, 27.99180195819389], [69.23108637533602, 28.00674581186979], [69.24349792968576, 28.017703319852387], [69.24906902561509, 28.026138597318436], [69.27110658679959, 28.028472966654135], [69.28080311307326, 28.0362538326483], [69.28256611883137, 28.046368116495444], [69.29402564996383, 28.051035927066437], [69.31077419657197, 28.05492561452553], [69.34427128978825, 28.05570353439066], [69.34867880148556, 28.06659383243948], [69.36101983549707, 28.074371939313608], [69.37336087040791, 28.0790385340012], [69.38129439182279, 28.092259450313406], [69.39363542673362, 28.10081329349873], [69.43859205108237, 28.106256293593106], [69.45534059769051, 28.11092150152615], [69.4615111142466, 28.118696397820543], [69.4729706471777, 28.12724813299502], [69.4853116802899, 28.145904095797448], [69.49941572005952, 28.145904095797448], [69.50470473463582, 28.135799185584005], [69.51969027548586, 28.12491590944171], [69.5302683055379, 28.119473856333457], [69.53908332983184, 28.101590881514028], [69.54260933954941, 28.08759343119192], [69.55935788615756, 28.07748302522151], [69.57786943672517, 28.0790385340012], [69.58668446191842, 28.08992646593373], [69.58756596479748, 28.122583634627063], [69.59109197361573, 28.13968580275764], [69.59461798333331, 28.148235862495085], [69.60255150564751, 28.15445366000847], [69.61577404253808, 28.158339599093267], [69.61841855027592, 28.172327813377933], [69.64927113485504, 28.177767181110596], [69.67483470575712, 28.197191234188153], [69.69510926298216, 28.201852482406196], [69.71097630581193, 28.214281481805017], [69.72684335044033, 28.217388506374505], [69.74006588643158, 28.22670903599328], [69.75240692134241, 28.242241442888314], [69.75945894077756, 28.258548036562672], [69.7717999756884, 28.269417713156997], [69.790311526256, 28.275628459985512], [69.80763980624913, 28.277618958227354], [69.80619283952797, 28.305649795801514], [69.80014508582713, 28.333600414727414], [69.78956151774992, 28.35489119147536], [69.78956151774992, 28.382828856566505], [69.77177459592093, 28.394865622050872], [69.76990632002071, 28.396129921358806], [69.74722724454176, 28.39878993340875], [69.73361979871481, 28.409429316110106], [69.71849382782796, 28.418298440920353], [69.71547653941082, 28.42006763041684], [69.65802288284982, 28.422727041719668], [69.62778411614408, 28.422727041719668], [69.61266473279125, 28.43336401873455], [69.59603341101314, 28.451976157573654], [69.58393790451072, 28.461280999418648], [69.55672301465546, 28.470585021081888], [69.50985292527236, 28.470585021081888], [69.47205446733983, 28.46659768343642], [69.44635151590978, 28.440011587864547], [69.43425600940736, 28.430704874530363], [69.41913662605452, 28.42006763041684], [69.40326124561005, 28.42006763041684], [69.40401724270163, 28.41208899541084], [69.36621878386984, 28.400119914702373], [69.25282340917306, 28.400119914702373], [69.14626225340032, 28.400119914702373]]]}}, {"type": "Feature", "properties": {"name": "Rajanpur"}, "geometry": {"type": "Polygon", "coordinates": [[[69.77177459592093, 28.394865622050872], [69.77802972878902, 28.399499286263108], [69.78127930039943, 28.407756836109172], [69.78633418727298, 28.414108358314138], [69.79716608964338, 28.417919088894905], [69.8311060486053, 28.419189302144616], [69.84302114121277, 28.42141213845946], [69.85818580453133, 28.427762842281425], [69.86324069230415, 28.436653186595322], [69.86973983372638, 28.440145617426367], [69.88382130500929, 28.443002975806735], [69.91306744051002, 28.442368013972725], [69.93509230866317, 28.446812666771223], [69.94375782966017, 28.452209492973793], [69.94881271833236, 28.46236747847638], [69.95170122473178, 28.485536728537227], [69.95567292226758, 28.495374187568757], [69.96325525392689, 28.50394154936305], [69.9827526781936, 28.51472909087488], [70.02993915087114, 28.51558173540883], [70.03388828171887, 28.52153022733819], [70.03727325165931, 28.53590436319587], [70.03614492804604, 28.544329668979117], [70.04065821980106, 28.553249846503263], [70.05814722951106, 28.561178257970255], [70.06604549120652, 28.569106074086108], [70.06943046024759, 28.581492090387712], [70.07168710657476, 28.60427854671758], [70.07055878386086, 28.62904083156917], [70.07168710657476, 28.658252816214542], [70.06378884398003, 28.669143338194544], [70.0609680376449, 28.679042829762807], [70.05250561324351, 28.687456662894704], [70.04855648239578, 28.69834414786419], [70.06491716759325, 28.728526252784377], [70.08014953007682, 28.736936107315557], [70.11512754679887, 28.738914797479993], [70.13035990928245, 28.730505103028122], [70.14615643267331, 28.716652366213793], [70.1704153804655, 28.714673253368005], [70.18903271199014, 28.71962096353667], [70.21272749797572, 28.735452064061576], [70.23134482950036, 28.7374307830043], [70.24149973752293, 28.742377416684462], [70.25616793819984, 28.75622674416894], [70.26068123085417, 28.765623456257572], [70.2657586844158, 28.800729995992583], [70.27478526972448, 28.805673629534454], [70.28719682497353, 28.80814535862146], [70.30581415559885, 28.80616798056792], [70.31032744915251, 28.79924686015454], [70.31822571084791, 28.791336446819628], [70.33120142700432, 28.786886575255267], [70.3520754039568, 28.78836988646117], [70.37238522000195, 28.80814535862146], [70.37464186722843, 28.832365197595834], [70.37577018994239, 28.861520383758773], [70.37407770542183, 28.88967949521259], [70.35715285751843, 28.904003131439424], [70.36223031197937, 28.90844799557857], [70.39495168327363, 28.909435716485177], [70.43500715355736, 28.91338650928003], [70.46039442406345, 28.92968194056914], [70.48747417998948, 28.939062996360235], [70.49213706587295, 28.94439902029859], [70.49480827987827, 28.947455852805433], [70.49480827987827, 28.958809811623553], [70.49029498812325, 28.973617452183703], [70.48973082631665, 28.98644902680121], [70.4919874717445, 28.99237075490646], [70.50496318790084, 29.000265865377457], [70.51568225773008, 29.010133904955808], [70.51737474225064, 29.06537750816551], [70.53937704371566, 29.08312809828317], [70.54332617456333, 29.094467151737717], [70.54671114450377, 29.118620101836257], [70.55348108258596, 29.13931811833652], [70.55235275987201, 29.15705595876551], [70.53655623558188, 29.179716518102907], [70.52922213569309, 29.193014951478858], [70.54840362812502, 29.23142296000168], [70.56645679874231, 29.24865264210581], [70.58845910020739, 29.258989059397607], [70.59635736100347, 29.268340155174087], [70.60199897727102, 29.2860556762285], [70.60425562269887, 29.31901804964332], [70.58281748393978, 29.334265695205715], [70.57435506043777, 29.345085221106103], [70.57548338405098, 29.35492015843863], [70.58056083851193, 29.359837270973344], [70.59635736100347, 29.369670782880405], [70.60369146179158, 29.380486550513922], [70.60538394631214, 29.39277579886408], [70.6240012787361, 29.417349842121553], [70.63077121681823, 29.43454813698696], [70.6318995404315, 29.46304175667177], [70.64092612484086, 29.469918328268307], [70.64656774110841, 29.47974119220231], [70.6403619630342, 29.493982655575167], [70.63472034856528, 29.515586568165645], [70.62851457049106, 29.52933211208733], [70.62907873229773, 29.569085489303916], [70.63697699489245, 29.57791744963066], [70.6533376791906, 29.589201607568214], [70.661235940886, 29.59999396944619], [70.66180010269267, 29.615199427811376], [70.68775153500542, 29.639719528833268], [70.69000818133259, 29.65835081244012], [70.6855169148738, 29.66957094044659], [70.68549488867825, 29.669625966365288], [70.66744171896022, 29.670606355099267], [70.65503016461048, 29.67403763922573], [70.64374693297464, 29.67991956873317], [70.60707643083265, 29.71814372075613], [70.60030649275052, 29.74508790118574], [70.58563829207355, 29.752435057432024], [70.57548338405098, 29.755373769383993], [70.55291692077935, 29.747537013222654], [70.53542791286793, 29.736760472218066], [70.52245219671158, 29.73235155398106], [70.51737474225064, 29.721083437250854], [70.52132387399763, 29.71177403854108], [70.52188803490492, 29.675998321365512], [70.51906722677114, 29.670606355099267], [70.50327070338034, 29.655899524943152], [70.49311579535771, 29.64952589650295], [70.48973082631665, 29.645113148952703], [70.4778834328742, 29.636287072890127], [70.4716776556993, 29.625989007187002], [70.45983026315616, 29.61912304489266], [70.45080367784749, 29.610294691746674], [70.44572622428586, 29.602446617617375], [70.42428808372813, 29.597050712320595], [70.41018404575715, 29.597050712320595], [70.38931006790534, 29.59950343243753], [70.37577018994239, 29.60293714023686], [70.36505112011315, 29.608823224612195], [70.35263956576341, 29.61912304489266], [70.35038291943624, 29.625989007187002], [70.35151124304946, 29.63775813982636], [70.34981875762963, 29.648055003135937], [70.339663849607, 29.657370304995652], [70.32612397164405, 29.66521410015065], [70.32161067988903, 29.672076919314406], [70.31991819536847, 29.684820914353793], [70.31596906362142, 29.697563292412042], [70.31089160916048, 29.707854033137153], [70.30186502475112, 29.715693891060255], [70.2967875711895, 29.747537013222654], [70.29340260124911, 29.756843093434043], [70.28155520870598, 29.764189388129807], [70.26011706904757, 29.765658582677474], [70.24544886837066, 29.761250935182545], [70.23416563673482, 29.747537013222654], [70.22175408238508, 29.74018949724757], [70.21047085074923, 29.736760472218066], [70.19693097458486, 29.73725034013114], [70.17944196487485, 29.746557375422583], [70.17154370407872, 29.752924848902694], [70.15292637165476, 29.77398361135465], [70.14615643267331, 29.78426651358876], [70.13148823199634, 29.789162762751346], [70.11794835493271, 29.789162762751346], [70.10271599244913, 29.778880362338896], [70.09707437618158, 29.717653759313578], [70.0891761153855, 29.707854033137153], [70.07732872194305, 29.69805335188073], [70.06604549120652, 29.693152651973378], [70.05927555222502, 29.67795896393511], [70.04855648239578, 29.673057284666015], [70.04404318974144, 29.667174953161634], [70.03952989798648, 29.64854530362294], [70.04291486702755, 29.634325618232765], [70.04065821980106, 29.61814215523634], [70.03275995810566, 29.602446617617375], [70.01865591923536, 29.598031807022323], [70.01301430386707, 29.591654518341386], [70.0107576575399, 29.579880003259575], [70.00962933392668, 29.570557537400475], [70.01696343561412, 29.56221565362955], [70.03783741346592, 29.54896536366067], [70.04291486702755, 29.538658382078722], [70.03840157437321, 29.38786027723006], [70.04065821980106, 29.35688703151135], [70.04009405979309, 29.338692003633128], [70.03388828171887, 29.330331037147687], [70.02147672736913, 29.329839194323426], [70.01357846567373, 29.321969385378907], [70.0090651730194, 29.30967159167068], [70.01019349573329, 29.30180022689899], [70.0090651730194, 29.29196016702815], [70.00398771945777, 29.28310330267533], [69.98931951788148, 29.278674582266206], [69.9808570952788, 29.270308698287863], [69.97972877166552, 29.258004683069714], [69.98424206342054, 29.218621890387965], [69.98198541799269, 29.205326779107622], [69.97183050997012, 29.191537433705662], [69.95039236941238, 29.179716518102907], [69.95039236941238, 29.165431095868428], [69.94700740127058, 29.147694702448632], [69.94023746138981, 29.137839827146365], [69.93346752330763, 29.133897612085207], [69.8770513669271, 29.1299552468372], [69.87197391246616, 29.124041414779526], [69.8691531052317, 29.114677151129683], [69.86971726703831, 29.081155961478487], [69.86746062071114, 29.069815442129027], [69.86294732715749, 29.060446245697733], [69.84376583472556, 29.051076198507815], [69.84150918839839, 29.038252648540947], [69.84038086478512, 29.010133904955808], [69.81837856421942, 28.99829214486664], [69.81048030252401, 28.98102047791275], [69.80991614071735, 28.970162524880664], [69.81273694885118, 28.959797053191494], [69.81330111065779, 28.92820064384466], [69.81555775608564, 28.91733715278741], [69.82853347224199, 28.899558076643984], [69.84038086478512, 28.87337778215897], [69.84263751111229, 28.859049921816506], [69.84038086478512, 28.843731750519908], [69.8341750885096, 28.832365197595834], [69.82176353326048, 28.824951559866633], [69.8172502406062, 28.817043097161275], [69.81442943337169, 28.800235620677427], [69.80878781800345, 28.791830864402925], [69.79242713190666, 28.78639213339028], [69.77719477032247, 28.783919888092385], [69.76591153868662, 28.776502802362472], [69.76309073055285, 28.769085188730514], [69.75744911518456, 28.712199310150083], [69.75293582253022, 28.700323569177442], [69.73601097642546, 28.685971917270194], [69.73036936015791, 28.67755796542781], [69.72642022931018, 28.667163326926072], [69.7083670595922, 28.658252816214542], [69.70554625145837, 28.64835136052693], [69.69708382795636, 28.644885629668124], [69.64292431790301, 28.636468379112443], [69.63051276355327, 28.615669923628104], [69.63389773349365, 28.589418374058766], [69.6423601560964, 28.557709651978882], [69.64348847970962, 28.525991375501633], [69.64630928694407, 28.517564603823473], [69.65138674140502, 28.50963290803236], [69.67113239564361, 28.49426355182152], [69.67508152649128, 28.476412458867912], [69.69031388987418, 28.46897361224245], [69.70216128241731, 28.465997928261856], [69.71852196761478, 28.457566364096465], [69.72698439021747, 28.44863809447253], [69.72642022931018, 28.439709070317406], [69.71908612852206, 28.427802532061264], [69.71852196761478, 28.418375573973606], [69.71849382782796, 28.418298440920353], [69.73361979871481, 28.409429316110106], [69.74722724454176, 28.39878993340875], [69.76990632002071, 28.396129921358806], [69.77177459592093, 28.394865622050872]]]}}, {"type": "Feature", "properties": {"name": "Dera Ghazi Khan"}, "geometry": {"type": "Polygon", "coordinates": [[[69.96977380256934, 30.27252184496675], [69.98285980993234, 30.268876142819806], [70.00701211791494, 30.260852887950477], [70.02125578552614, 30.248549290017763], [70.02992584540152, 30.227683146160302], [70.02693583612, 30.20761327823027], [70.00123288468995, 30.1827841944351], [69.95889861058248, 30.137030024316232], [69.95738667215727, 30.05069300707669], [69.94982698093048, 30.025824441244993], [69.90598076929712, 30.00880551076574], [69.90144495402149, 29.962970801861047], [69.8938852627947, 29.9393904312235], [69.87423006416617, 29.926287808135896], [69.87423006416617, 29.889591289506484], [69.81980028355628, 29.830586434616293], [69.81375253075475, 29.805662803295775], [69.79107345527581, 29.78073295945859], [69.76385856542049, 29.737419001685623], [69.74117949174018, 29.695399717822795], [69.71698847783603, 29.677010752044623], [69.66558257407661, 29.667815006057708], [69.64592737544808, 29.661246102425764], [69.63534380737087, 29.65599067123253], [69.62173636244324, 29.634966199030885], [69.62173636244324, 29.620509328242974], [69.60812891751561, 29.6073649172572], [69.59452147258793, 29.599477449224935], [69.59340420793791, 29.581989107711195], [69.59300953416272, 29.57581134261943], [69.59391290046005, 29.56245215014667], [69.59603341101314, 29.53109355842105], [69.5899856573123, 29.486355994533596], [69.58393790451072, 29.473194125908208], [69.5718423980083, 29.462663400195822], [69.56730658273267, 29.444231999906947], [69.56881852025856, 29.42184651260652], [69.57335433643351, 29.406042023020973], [69.58696178046188, 29.398138855523825], [69.61871248559277, 29.398138855523825], [69.62324830086845, 29.38496554662271], [69.64139156107171, 29.374425670308483], [69.64743931387329, 29.307208313512888], [69.66558257407661, 29.276880107431055], [69.68372583338055, 29.26369112154805], [69.70791684728471, 29.265010096938454], [69.73210786118892, 29.26896691968767], [69.76234662699528, 29.250500435047115], [69.76385856542049, 29.225433444597854], [69.75327499734328, 29.204319640938706], [69.73361979871481, 29.183201486359565], [69.73664367556523, 29.155477310429603], [69.72606010748802, 29.115858360275183], [69.70489297043429, 29.094722010612372], [69.70035715605798, 29.06829547185862], [69.62778411614408, 29.011455470393685], [69.61871248559277, 28.987652688420894], [69.59603341101314, 28.97045838294804], [69.58847371888709, 28.944000025281014], [69.55672301465546, 28.91356455975665], [69.52043649424888, 28.888415480989693], [69.50229323404557, 28.864584418036486], [69.49170966596836, 28.836774604164702], [69.49170966596836, 28.82220459146879], [69.49926935809447, 28.804982856673575], [69.5143887414473, 28.79305844978768], [69.53706781602693, 28.77980750870961], [69.55369913780504, 28.759927940921784], [69.55521107623025, 28.73341596117774], [69.53555587760172, 28.713527561148055], [69.49019772754315, 28.688330157310986], [69.4735664057651, 28.66445333865073], [69.47205446733983, 28.631282063516494], [69.44786345433499, 28.60871960672455], [69.44786345433499, 28.58216933384773], [69.43274407098215, 28.562252229257012], [69.39192173619921, 28.543659531062588], [69.35865909264305, 28.535690226522775], [69.34051583243979, 28.52373513926534], [69.34051583243979, 28.505135642196194], [69.35865909264305, 28.49450588673733], [69.37075459914547, 28.475901236552886], [69.37226653757068, 28.451976157573654], [69.381338168122, 28.437352610934283], [69.40250530517574, 28.428045663776402], [69.40326124561005, 28.42006763041684], [69.41913662605452, 28.42006763041684], [69.43425600940736, 28.430704874530363], [69.44635151590978, 28.440011587864547], [69.47205446733983, 28.46659768343642], [69.50985292527236, 28.470585021081888], [69.55672301465546, 28.470585021081888], [69.58393790451072, 28.461280999418648], [69.59603341101314, 28.451976157573654], [69.61266473279125, 28.43336401873455], [69.62778411614408, 28.422727041719668], [69.65802288284982, 28.422727041719668], [69.71547653941082, 28.42006763041684], [69.71849382782796, 28.418298440920353], [69.71852196761478, 28.418375573973606], [69.71908612852206, 28.427802532061264], [69.72642022931018, 28.439709070317406], [69.72698439021747, 28.44863809447253], [69.71852196761478, 28.457566364096465], [69.70216128241731, 28.465997928261856], [69.69031388987418, 28.46897361224245], [69.67508152649128, 28.476412458867912], [69.67113239564361, 28.49426355182152], [69.65138674140502, 28.50963290803236], [69.64630928694407, 28.517564603823473], [69.64348847970962, 28.525991375501633], [69.6423601560964, 28.557709651978882], [69.63389773349365, 28.589418374058766], [69.63051276355327, 28.615669923628104], [69.64292431790301, 28.636468379112443], [69.69708382795636, 28.644885629668124], [69.70554625145837, 28.64835136052693], [69.7083670595922, 28.658252816214542], [69.72642022931018, 28.667163326926072], [69.73036936015791, 28.67755796542781], [69.73601097642546, 28.685971917270194], [69.75293582253022, 28.700323569177442], [69.75744911518456, 28.712199310150083], [69.76309073055285, 28.769085188730514], [69.76591153868662, 28.776502802362472], [69.77719477032247, 28.783919888092385], [69.79242713190666, 28.78639213339028], [69.80878781800345, 28.791830864402925], [69.81442943337169, 28.800235620677427], [69.8172502406062, 28.817043097161275], [69.82176353326048, 28.824951559866633], [69.8341750885096, 28.832365197595834], [69.84038086478512, 28.843731750519908], [69.84263751111229, 28.859049921816506], [69.84038086478512, 28.87337778215897], [69.82853347224199, 28.899558076643984], [69.81555775608564, 28.91733715278741], [69.81330111065779, 28.92820064384466], [69.81273694885118, 28.959797053191494], [69.80991614071735, 28.970162524880664], [69.81048030252401, 28.98102047791275], [69.81837856421942, 28.99829214486664], [69.84038086478512, 29.010133904955808], [69.84150918839839, 29.038252648540947], [69.84376583472556, 29.051076198507815], [69.86294732715749, 29.060446245697733], [69.86746062071114, 29.069815442129027], [69.86971726703831, 29.081155961478487], [69.8691531052317, 29.114677151129683], [69.87197391246616, 29.124041414779526], [69.8770513669271, 29.1299552468372], [69.93346752330763, 29.133897612085207], [69.94023746138981, 29.137839827146365], [69.94700740127058, 29.147694702448632], [69.95039236941238, 29.165431095868428], [69.95039236941238, 29.179716518102907], [69.97183050997012, 29.191537433705662], [69.98198541799269, 29.205326779107622], [69.98424206342054, 29.218621890387965], [69.97972877166552, 29.258004683069714], [69.9808570952788, 29.270308698287863], [69.98931951788148, 29.278674582266206], [70.00398771945777, 29.28310330267533], [70.0090651730194, 29.29196016702815], [70.01019349573329, 29.30180022689899], [70.0090651730194, 29.30967159167068], [70.01357846567373, 29.321969385378907], [70.02147672736913, 29.329839194323426], [70.03388828171887, 29.330331037147687], [70.04009405979309, 29.338692003633128], [70.04065821980106, 29.35688703151135], [70.03840157437321, 29.38786027723006], [70.04291486702755, 29.538658382078722], [70.03783741346592, 29.54896536366067], [70.01696343561412, 29.56221565362955], [70.00962933392668, 29.570557537400475], [70.0107576575399, 29.579880003259575], [70.01301430386707, 29.591654518341386], [70.01865591923536, 29.598031807022323], [70.03275995810566, 29.602446617617375], [70.04065821980106, 29.61814215523634], [70.04291486702755, 29.634325618232765], [70.03952989798648, 29.64854530362294], [70.04404318974144, 29.667174953161634], [70.04855648239578, 29.673057284666015], [70.05927555222502, 29.67795896393511], [70.06604549120652, 29.693152651973378], [70.07732872194305, 29.69805335188073], [70.0891761153855, 29.707854033137153], [70.09707437618158, 29.717653759313578], [70.10271599244913, 29.778880362338896], [70.11794835493271, 29.789162762751346], [70.13148823199634, 29.789162762751346], [70.14615643267331, 29.78426651358876], [70.15292637165476, 29.77398361135465], [70.17154370407872, 29.752924848902694], [70.17944196487485, 29.746557375422583], [70.19693097458486, 29.73725034013114], [70.21047085074923, 29.736760472218066], [70.22175408238508, 29.74018949724757], [70.23416563673482, 29.747537013222654], [70.24544886837066, 29.761250935182545], [70.26011706904757, 29.765658582677474], [70.28155520870598, 29.764189388129807], [70.29340260124911, 29.756843093434043], [70.2967875711895, 29.747537013222654], [70.30186502475112, 29.715693891060255], [70.31089160916048, 29.707854033137153], [70.31596906362142, 29.697563292412042], [70.31991819536847, 29.684820914353793], [70.32161067988903, 29.672076919314406], [70.32612397164405, 29.66521410015065], [70.339663849607, 29.657370304995652], [70.34981875762963, 29.648055003135937], [70.35151124304946, 29.63775813982636], [70.35038291943624, 29.625989007187002], [70.35263956576341, 29.61912304489266], [70.36505112011315, 29.608823224612195], [70.37577018994239, 29.60293714023686], [70.38931006790534, 29.59950343243753], [70.41018404575715, 29.597050712320595], [70.42428808372813, 29.597050712320595], [70.44572622428586, 29.602446617617375], [70.45080367784749, 29.610294691746674], [70.45983026315616, 29.61912304489266], [70.4716776556993, 29.625989007187002], [70.4778834328742, 29.636287072890127], [70.48973082631665, 29.645113148952703], [70.49311579535771, 29.64952589650295], [70.50327070338034, 29.655899524943152], [70.51906722677114, 29.670606355099267], [70.52188803490492, 29.675998321365512], [70.52132387399763, 29.71177403854108], [70.51737474225064, 29.721083437250854], [70.52245219671158, 29.73235155398106], [70.53542791286793, 29.736760472218066], [70.55291692077935, 29.747537013222654], [70.57548338405098, 29.755373769383993], [70.58563829207355, 29.752435057432024], [70.60030649275052, 29.74508790118574], [70.60707643083265, 29.71814372075613], [70.64374693297464, 29.67991956873317], [70.65503016461048, 29.67403763922573], [70.66744171896022, 29.670606355099267], [70.68549488867825, 29.669625966365288], [70.6855169148738, 29.66957094044659], [70.70695920580278, 29.67892964089026], [70.71760739826288, 29.69331951488374], [70.728255590723, 29.716955549059378], [70.73831221813441, 29.723634288691528], [70.74422788031251, 29.73596310361438], [70.75369294087659, 29.74572234051368], [70.7667073989274, 29.750858399295737], [70.77617245949148, 29.758561994640388], [70.7797218569782, 29.7739674082693], [70.79214474908099, 29.779102019142897], [70.79865197810636, 29.7893704521847], [70.80279294244042, 29.810930732367467], [70.80220137559309, 29.836591672867485], [70.79214474908099, 29.865837105997684], [70.79273631502895, 29.878661346643867], [70.79746884531102, 29.886355100707362], [70.8169905323872, 29.895586820475444], [70.82763872574662, 29.90276645640688], [70.83118812323335, 29.922764141152243], [70.82349776141263, 29.933017806426676], [70.8093001714658, 29.936093700963568], [70.80042667684972, 29.945833403688653], [70.79865197810636, 29.960184909905706], [70.7797218569782, 29.983245492185745], [70.7738061948001, 29.997591597074575], [70.7738061948001, 30.018082434956455], [70.77558089264414, 30.029350592156163], [70.78327125536418, 30.040105365070588], [70.79510258061964, 30.051883062853108], [70.80160980874575, 30.066731207079613], [70.80220137559309, 30.08823146740832], [70.80575077307975, 30.106144780856994], [70.80575077307975, 30.128148121039033], [70.80101824369706, 30.167025754634892], [70.78859535159427, 30.177765556535235], [70.77794715913416, 30.183390699920892], [70.76197486864532, 30.204865565193757], [70.76079173584998, 30.23655799425609], [70.76729896487541, 30.262108964756976], [70.77439776074812, 30.27845809816273], [70.78208812256884, 30.310126793216966], [70.7814965557215, 30.32799976667593], [70.77203149605674, 30.345358959248642], [70.76256643549266, 30.358631560498168], [70.76020017080128, 30.370371205266963], [70.7738061948001, 30.37955777097443], [70.78504595410755, 30.397418065791157], [70.796877279363, 30.402010184922176], [70.80515920713174, 30.412724290493657], [70.80634233992708, 30.425987744738677], [70.80160980874575, 30.43567912868889], [70.7838628213122, 30.455059006168256], [70.77676402633881, 30.476984221344765], [70.76729896487541, 30.496355883517253], [70.75724233926258, 30.509098294850503], [70.77203149605674, 30.52744443491281], [70.77617245949148, 30.546806046262077], [70.77321462795277, 30.581443505013794], [70.7667073989274, 30.615559490977773], [70.7667073989274, 30.629013310116193], [70.7667073989274, 30.629813357800288], [70.77498932759545, 30.654752573472535], [70.77617245949148, 30.666965352469106], [70.78267968851685, 30.690368866030383], [70.78090499067281, 30.70257714302079], [70.75724233926258, 30.723429375265482], [70.75132667618522, 30.72648054294274], [70.74600257905581, 30.732074100339503], [70.7436363143645, 30.742243373233123], [70.72943872351834, 30.7529199545923], [70.72115679574961, 30.769695046489232], [70.71997366295426, 30.781385048681102], [70.72352306134025, 30.793581798161483], [70.73594595254372, 30.802220226182556], [70.74777727869849, 30.80526889734182], [70.75191824213323, 30.823558894527423], [70.75191824213323, 30.91343403175523], [70.75546763961995, 30.927643844387944], [70.76079173584998, 30.93677760909941], [70.77498932759545, 30.946417859396718], [70.78267968851685, 30.959100917273588], [70.7797218569782, 30.970767842861733], [70.78090499067281, 31.003731880921634], [70.77794715913416, 31.033643219758858], [70.77143992920941, 31.049355584592604], [70.7566507724153, 31.06759894563487], [70.75310137492858, 31.087358638290596], [70.75310137492858, 31.104075169933196], [70.75014354338987, 31.1207887598934], [70.73476281974837, 31.132435885108066], [70.728255590723, 31.149144480233645], [70.73298812190438, 31.159775688996888], [70.75132667618522, 31.168381032758532], [70.75901703800594, 31.18002231237989], [70.76020017080128, 31.197734556304795], [70.7574599518154, 31.209765892581913], [70.75649056538737, 31.20928228664826], [70.74217808704913, 31.21963964195595], [70.7256636888282, 31.24599869918069], [70.71025025054865, 31.250704900011158], [70.68823105262106, 31.243174866626873], [70.66070705498663, 31.241292264526464], [70.58914466149696, 31.243174866626873], [70.57373122411673, 31.246939957513064], [70.5495101063064, 31.259175469572313], [70.53299570808554, 31.25541086611861], [70.5164813089653, 31.243174866626873], [70.50657267039247, 31.229995862319242], [70.48785635228887, 31.21963964195595], [70.45482755494777, 31.21399031580046], [70.43390931696149, 31.20269065175222], [70.4228997184473, 31.187622331905118], [70.42216899230522, 31.185871878884143], [70.41739491874057, 31.17443558443472], [70.41959683862325, 31.148056581146363], [70.4162939587992, 31.12544016323301], [70.39977956057834, 31.11978521541539], [70.35133732495763, 31.11978521541539], [70.32601524720593, 31.116015063144687], [70.30950084898507, 31.099990246852485], [70.2896835709401, 31.09433378277788], [70.26656341307114, 31.084905596216345], [70.24959919015055, 31.070376013442342], [70.24919077113725, 31.05323721322685], [70.24465495586156, 31.002708670069126], [70.22499975813241, 30.984563681368854], [70.22197588128194, 30.93918611494729], [70.22651169655762, 30.90027390331801], [70.22651169655762, 30.861345868117382], [70.2189520035322, 30.83927962845212], [70.2008087442282, 30.82240202193583], [70.18720129930057, 30.806820058798735], [70.18115354559973, 30.78214344876119], [70.16905803909731, 30.75616122905751], [70.15545059416962, 30.748365195097733], [70.13730733486568, 30.743167488688698], [70.10706856726063, 30.71847455325809], [70.08892530795663, 30.708075635781995], [70.05566266440047, 30.695075412200538], [70.04507909542394, 30.680773142966245], [70.05112684912484, 30.66516825161358], [70.06775817090295, 30.639154498980986], [70.07229398527926, 30.589709093000295], [70.06624623247768, 30.563675056158957], [70.04961491069963, 30.535029545477187], [70.036007465772, 30.527215667169344], [70.02693583612, 30.511586023776033], [70.0208880824191, 30.48943972826089], [70.01181645276716, 30.46598521414637], [69.99972094626469, 30.459469069242175], [69.99367319256385, 30.441221543439553], [69.99064931571343, 30.409932124867737], [69.98006574763622, 30.39167533065205], [69.96343442585811, 30.382545653359273], [69.95889861058248, 30.368197294769402], [69.95932679219777, 30.336780084333498], [69.94136738309828, 30.329296917318914], [69.93579377446315, 30.310586498767975], [69.94446383343922, 30.28599022876608], [69.96366182123614, 30.27422461517392], [69.96977380256934, 30.27252184496675]]]}}, {"type": "Feature", "properties": {"name": "Rahim Yar Khan"}, "geometry": {"type": "Polygon", "coordinates": [[[70.11141199147028, 27.833501127874797], [70.12521182746394, 27.852097122084558], [70.21895200443151, 27.932274848105806], [70.27640566099251, 27.989698993413867], [70.32176381105108, 28.00438398173543], [70.36258614583403, 28.015062716970874], [70.37619359076166, 28.020401687088224], [70.39584878939019, 28.031078833221613], [70.44120693944876, 28.032413401957], [70.46237407560318, 28.02974424829847], [70.48354121265692, 28.020401687088224], [70.58030526557559, 27.949638858346702], [70.59391271050322, 27.932274848105806], [70.59996046420412, 27.90555553865721], [70.60298434105454, 27.872147120393322], [70.60298434105454, 27.838728396798103], [70.61054403228133, 27.824020895747765], [70.63171116933506, 27.799949777660174], [70.65741412076511, 27.741086821399733], [70.67555738096843, 27.721012629529298], [70.70277227082369, 27.711643407916995], [70.86152579557904, 27.708966339325173], [70.89176456228478, 27.719674218890134], [70.90839588406283, 27.73841047676217], [70.92805108269135, 27.747777397009315], [70.97189729432472, 27.761157316157266], [71.0338867661614, 27.799949777660174], [71.06599275386253, 27.80657624239973], [71.06189897156037, 27.844336763331], [71.05542871546288, 27.854961195702685], [71.03786659176984, 27.869670230097086], [71.03047201337279, 27.880292180339893], [71.02862336787416, 27.969312136945632], [71.02307743497568, 28.001961613737535], [71.01753150027855, 28.012570563380848], [71.00643963268294, 28.02399441840771], [71.00274234348444, 28.053364478687797], [70.99534776508733, 28.078648937798278], [70.98148293059285, 28.08109550475382], [70.97501267449536, 28.086803945146016], [70.96946674069756, 28.103927444296176], [70.96761809519899, 28.116972086292776], [70.95745055080232, 28.12430900016028], [70.94543436000777, 28.13572097963953], [70.94266139400816, 28.250588096663364], [70.94451003770814, 28.286407865330773], [70.94358571540852, 28.331165633387343], [70.93896410480966, 28.393794850551956], [70.94543436000777, 28.431192063363085], [70.94358571540852, 28.442571202299177], [70.9214019802173, 28.44582215976493], [70.91261130596706, 28.450052156981485], [70.91185410108596, 28.46636200170508], [70.89822441412548, 28.488991900455915], [70.90087463075963, 28.50329948108623], [70.91147549819573, 28.517937787399035], [70.91791174013474, 28.54122181613394], [70.93570605349163, 28.55851519182272], [70.93987067988803, 28.570485865230523], [70.9400363179218, 28.630734184834807], [70.93589535448706, 28.644752543495144], [70.93648692133439, 28.666036097787753], [70.93885318602577, 28.686796377051223], [70.94417728225585, 28.700807238962966], [70.95837487310195, 28.70651483039518], [70.9702061983574, 28.71377858711213], [70.97257246304878, 28.722598185358038], [70.97138933115275, 28.73401067835016], [70.98203752361286, 28.740235148833108], [70.99386884976764, 28.742828568783466], [70.99741824725436, 28.749052514961647], [70.99564354761168, 28.772389008346124], [71.00037607879307, 28.781722143761954], [71.01220740404852, 28.785351471193508], [71.02403872930398, 28.79468344738325], [71.03054595922868, 28.815418182303347], [71.0317290911247, 28.849103321061477], [71.02640499489468, 29.050984853468265], [71.01989776586925, 29.059258762881655], [71.00629174097111, 29.052019127780568], [71.0015592106891, 29.04271027855657], [70.98854475263829, 29.035986699626562], [70.97907969207421, 29.034435041743848], [70.962515837436, 29.035986699626562], [70.94890981163854, 29.04064153208111], [70.93944475197378, 29.054604769494574], [70.92288089643625, 29.06339546892582], [70.91341583497285, 29.072185418322476], [70.91104957028148, 29.09028001171322], [70.91282426992416, 29.111989327545473], [70.91223270307682, 29.13111040622033], [70.9069086068468, 29.149711288245385], [70.90040137782137, 29.164176311387735], [70.89626041348737, 29.18122175927681], [70.87910499200183, 29.184320627894692], [70.87762980257338, 29.18427769695819], [70.86135800366901, 29.183804155337555], [70.83710378541144, 29.182771204827304], [70.83947005190146, 29.173990702808737], [70.84479414813148, 29.165209449856263], [70.84183631659278, 29.148677994194145], [70.8323712560287, 29.13421078749792], [70.8199483639259, 29.1280099332119], [70.80515920713174, 29.111472492561518], [70.79510258061964, 29.10785457303018], [70.7738061948001, 29.105787133269644], [70.76020017080128, 29.086144384855515], [70.76907366451803, 29.062361307928086], [70.77025679641406, 29.041158723196588], [70.76552426703137, 29.018399882348717], [70.75369294087659, 29.012192054719605], [70.74245318246847, 29.00960534910763], [70.69276161495662, 29.008570649416015], [70.6821134215972, 29.01426137136525], [70.6667326979557, 29.027193664655954], [70.6596339029823, 29.04219309643429], [70.64898570962288, 29.056673237180178], [70.63537968562406, 29.057707454835224], [70.6134917338565, 29.04943342131537], [70.60106884175372, 29.037021125024978], [70.60343510734441, 29.025641875472218], [70.60284354049708, 29.00960534910763], [70.59988570895837, 28.993048905782416], [70.58627968495955, 28.984252215967047], [70.55315197298523, 28.983734740665795], [70.54368691242115, 28.980629832201032], [70.54368691242115, 28.963551172348787], [70.52534835903958, 28.952681466076854], [70.51884112911489, 28.946469694021232], [70.50937606855081, 28.94439902029859], [70.49213706587295, 28.94439902029859], [70.48747417998948, 28.939062996360235], [70.46039442406345, 28.92968194056914], [70.43500715355736, 28.91338650928003], [70.39495168327363, 28.909435716485177], [70.36223031197937, 28.90844799557857], [70.35715285751843, 28.904003131439424], [70.37407770542183, 28.88967949521259], [70.37577018994239, 28.861520383758773], [70.37464186722843, 28.832365197595834], [70.37238522000195, 28.80814535862146], [70.3520754039568, 28.78836988646117], [70.33120142700432, 28.786886575255267], [70.31822571084791, 28.791336446819628], [70.31032744915251, 28.79924686015454], [70.30581415559885, 28.80616798056792], [70.28719682497353, 28.80814535862146], [70.27478526972448, 28.805673629534454], [70.2657586844158, 28.800729995992583], [70.26068123085417, 28.765623456257572], [70.25616793819984, 28.75622674416894], [70.24149973752293, 28.742377416684462], [70.23134482950036, 28.7374307830043], [70.21272749797572, 28.735452064061576], [70.18903271199014, 28.71962096353667], [70.1704153804655, 28.714673253368005], [70.14615643267331, 28.716652366213793], [70.13035990928245, 28.730505103028122], [70.11512754679887, 28.738914797479993], [70.08014953007682, 28.736936107315557], [70.06491716759325, 28.728526252784377], [70.04855648239578, 28.69834414786419], [70.05250561324351, 28.687456662894704], [70.0609680376449, 28.679042829762807], [70.06378884398003, 28.669143338194544], [70.07168710657476, 28.658252816214542], [70.07055878386086, 28.62904083156917], [70.07168710657476, 28.60427854671758], [70.06943046024759, 28.581492090387712], [70.06604549120652, 28.569106074086108], [70.05814722951106, 28.561178257970255], [70.04065821980106, 28.553249846503263], [70.03614492804604, 28.544329668979117], [70.03727325165931, 28.53590436319587], [70.03388828171887, 28.52153022733819], [70.02993915087114, 28.51558173540883], [69.9827526781936, 28.51472909087488], [69.96325525392689, 28.50394154936305], [69.95567292226758, 28.495374187568757], [69.95170122473178, 28.485536728537227], [69.94881271833236, 28.46236747847638], [69.94375782966017, 28.452209492973793], [69.93509230866317, 28.446812666771223], [69.91306744051002, 28.442368013972725], [69.88382130500929, 28.443002975806735], [69.86973983372638, 28.440145617426367], [69.86324069230415, 28.436653186595322], [69.85818580453133, 28.427762842281425], [69.84302114121277, 28.42141213845946], [69.8311060486053, 28.419189302144616], [69.79716608964338, 28.417919088894905], [69.78633418727298, 28.414108358314138], [69.78127930039943, 28.407756836109172], [69.77802972878902, 28.399499286263108], [69.77177459592093, 28.394865622050872], [69.78956151774992, 28.382828856566505], [69.78956151774992, 28.35489119147536], [69.80014508582713, 28.333600414727414], [69.80619283952797, 28.305649795801514], [69.80763980624913, 28.277618958227354], [69.80770477795318, 28.276360317474712], [69.81677640760518, 28.26171255658926], [69.83491966780849, 28.245730885272167], [69.8394554821848, 28.217757196037837], [69.84247935903522, 28.10312185229168], [69.85911068081333, 28.068440502127544], [69.9105165845728, 28.037751512322473], [69.92714790545153, 28.017732234854805], [69.94529116655417, 28.005718881421274], [69.95889861058248, 27.948303264384208], [69.98157768606143, 27.930939040104647], [70.00879257591669, 27.90555553865721], [70.03449552734679, 27.886848095063613], [70.05415072597526, 27.877493160081315], [70.08590143110621, 27.874820173512262], [70.10555662883542, 27.850760323929876], [70.11141199147028, 27.833501127874797]]]}}, {"type": "Feature", "properties": {"name": "Muzaffargarh"}, "geometry": {"type": "Polygon", "coordinates": [[[70.49213706587295, 28.94439902029859], [70.50937606855081, 28.94439902029859], [70.51884112911489, 28.946469694021232], [70.52534835903958, 28.952681466076854], [70.54368691242115, 28.963551172348787], [70.54368691242115, 28.980629832201032], [70.55315197298523, 28.983734740665795], [70.58627968495955, 28.984252215967047], [70.59988570895837, 28.993048905782416], [70.60284354049708, 29.00960534910763], [70.60343510734441, 29.025641875472218], [70.60106884175372, 29.037021125024978], [70.6134917338565, 29.04943342131537], [70.63537968562406, 29.057707454835224], [70.64898570962288, 29.056673237180178], [70.6596339029823, 29.04219309643429], [70.6667326979557, 29.027193664655954], [70.6821134215972, 29.01426137136525], [70.69276161495662, 29.008570649416015], [70.74245318246847, 29.00960534910763], [70.75369294087659, 29.012192054719605], [70.76552426703137, 29.018399882348717], [70.77025679641406, 29.041158723196588], [70.76907366451803, 29.062361307928086], [70.76020017080128, 29.086144384855515], [70.7738061948001, 29.105787133269644], [70.79510258061964, 29.10785457303018], [70.80515920713174, 29.111472492561518], [70.8199483639259, 29.1280099332119], [70.8323712560287, 29.13421078749792], [70.84183631659278, 29.148677994194145], [70.84479414813148, 29.165209449856263], [70.83947005190146, 29.173990702808737], [70.83710378541144, 29.182771204827304], [70.86135800366901, 29.183804155337555], [70.87762980257338, 29.18427769695819], [70.88502065417993, 29.209624546535622], [70.88797848571858, 29.233373560741313], [70.89330258194866, 29.240600429066603], [70.9009929446687, 29.244729838011665], [70.9069086068468, 29.25350428129758], [70.9098664383855, 29.261245810945468], [70.91031011352095, 29.29249627808082], [70.91493172411981, 29.302169407592146], [70.9306452032136, 29.304587546977757], [70.94173707170853, 29.311035638384055], [70.9519046161052, 29.3255423540964], [70.98795318669028, 29.328765787810937], [70.99349912048808, 29.340047006763996], [70.99812073198626, 29.355355234256706], [71.01938014487786, 29.35696649201003], [71.02492607867566, 29.36582795909311], [71.02677472327491, 29.39643436505395], [71.03601794627127, 29.405292396726793], [71.04362426463369, 29.40827416286773], [71.03792870524563, 29.426135035003938], [71.03187106709612, 29.451193614094052], [71.02584250492771, 29.46942815008913], [71.00847404304272, 29.48724811750668], [71.00847404304272, 29.49642687709877], [71.02025978526092, 29.516941097353822], [71.02522220294236, 29.531514464520967], [71.02894401575378, 29.588708117185888], [71.03576734029059, 29.593562690865554], [71.04569217565341, 29.59679894261717], [71.056857614987, 29.60434979440754], [71.0580982189577, 29.617292795925835], [71.07918849455342, 29.622145992743413], [71.11392541742413, 29.62645975011742], [71.13253448327981, 29.641017316196212], [71.14494052748341, 29.6561118278986], [71.1480420392088, 29.66527524865387], [71.16106838449838, 29.671743043306833], [71.16913231300589, 29.683599586451805], [71.16975261499124, 29.697071232851158], [71.1647901973098, 29.71161858263156], [71.15238415310625, 29.71969953350674], [71.14307962152736, 29.729395814265445], [71.1381172029466, 29.744477057370375], [71.1381172029466, 29.759556031485715], [71.14369992351271, 29.771940634952387], [71.15548566483164, 29.777324767224286], [71.16665110416517, 29.78863050349497], [71.17285412671663, 29.80262631165499], [71.17409473068733, 29.8193110639545], [71.16913231300589, 29.829535825917674], [71.15672626880234, 29.836531112520902], [71.14494052748341, 29.845678055897622], [71.14059841178732, 29.854286179463656], [71.141218714672, 29.868810703551162], [71.14866234119415, 29.87795468995705], [71.16230898846908, 29.88602221755133], [71.16727140615052, 29.896777904176986], [71.16975261499124, 29.92688765324266], [71.17967745035412, 29.932800997867787], [71.19146319257231, 29.93710139221554], [71.21813618693551, 29.941401600403594], [71.22868132428374, 29.952151306537644], [71.2224783026316, 29.97203520006451], [71.22433920858765, 30.00695672946955], [71.23550464882055, 30.014476682353063], [71.25101220385017, 30.02038481630626], [71.25659492351696, 30.034348096887186], [71.25225280872019, 30.054215527424674], [71.24232797335736, 30.066026706067703], [71.24294827534271, 30.08052031595986], [71.25039190186482, 30.096621837228042], [71.25969643434303, 30.10842795268792], [71.27768519821336, 30.110574368212554], [71.28512882473552, 30.121305743465314], [71.2869897315909, 30.157247352283548], [71.29567396208375, 30.166901076223724], [71.3080800062873, 30.176017613522106], [71.31304242306942, 30.185669499248036], [71.31862514273621, 30.19103124919286], [71.33041088495446, 30.197464964036897], [71.34343723114335, 30.218907642573697], [71.3539823693909, 30.224267582183245], [71.36514780782511, 30.2328428777966], [71.36700871468048, 30.244096818513412], [71.36638841269513, 30.270886728339917], [71.37011022550655, 30.305702682732658], [71.37631324805801, 30.31373537868484], [71.39244110507298, 30.326050899829227], [71.41291107778409, 30.338900228862542], [71.42531712108831, 30.356565302446825], [71.44454648982872, 30.35924154995763], [71.45136981436548, 30.365664246307972], [71.45757283601762, 30.390815746949215], [71.45460734855033, 30.393126034239117], [71.43834346817658, 30.405796542076814], [71.42779832992903, 30.405796542076814], [71.4172531925808, 30.41168122530837], [71.41601258861016, 30.42505418730093], [71.42593742397298, 30.44858614833214], [71.4340013524805, 30.457141816241858], [71.43958407214728, 30.46623139096596], [71.44826830353941, 30.473716286477497], [71.45757283601762, 30.491356977642454], [71.45447132519155, 30.50418456286735], [71.45447132519155, 30.528766038122228], [71.4814420643998, 30.55020028371615], [71.49017591948314, 30.553960940045386], [71.49007562169265, 30.55537155545295], [71.48898493920365, 30.570711181875595], [71.47231121618972, 30.579256110081474], [71.43142089535809, 30.57652181403057], [71.41435017831816, 30.582673870202996], [71.39847044245698, 30.599419153171425], [71.3714748909535, 30.606936503416932], [71.36035907531112, 30.618894720315154], [71.3471590448541, 30.6286310343948], [71.34405753402802, 30.644642579391586], [71.31614393389549, 30.65798350843221], [71.31428302793944, 30.669722002968115], [71.30870030827265, 30.67399019259335], [71.29443335811305, 30.67612421725886], [71.2882303355616, 30.684659842877522], [71.28512882473552, 30.6953283141504], [71.27086187367661, 30.69959537242852], [71.2640385491398, 30.70599560551284], [71.25721522640163, 30.717728265247274], [71.24667008815408, 30.724660529160133], [71.23302343997983, 30.725193758784997], [71.22185799974693, 30.727326651204066], [71.21007225842806, 30.73319186141532], [71.2001474239645, 30.74652055697817], [71.17223382383196, 30.75238459897014], [71.156105966817, 30.75078535076335], [71.14307962152736, 30.729992700402875], [71.12695176361308, 30.727326651204066], [71.1182675322209, 30.721461084861232], [71.12198934593164, 30.702795542480374], [71.11950813709092, 30.68305947141755], [71.1170269282502, 30.676657716680324], [71.10834269685802, 30.669188465775107], [71.09779756040916, 30.6558490835684], [71.08787272504628, 30.65478185270041], [71.07918849455342, 30.64997917170149], [71.0661621474652, 30.62969855394516], [71.02646280691306, 30.626495962019078], [70.99234618692702, 30.6286310343948], [70.97063560934595, 30.632367299311454], [70.95388744944631, 30.639305692104074], [70.94272201011273, 30.648911876981572], [70.93155657077915, 30.652113726067682], [70.90798508724203, 30.65424823366908], [70.87076695553066, 30.65424823366908], [70.85029698192022, 30.647310912868363], [70.84347365828273, 30.631833556173717], [70.83603003176063, 30.6286310343948], [70.81680066391954, 30.627563504052546], [70.7667073989274, 30.629013310116193], [70.7667073989274, 30.615559490977773], [70.77321462795277, 30.581443505013794], [70.77617245949148, 30.546806046262077], [70.77203149605674, 30.52744443491281], [70.75724233926258, 30.509098294850503], [70.76729896487541, 30.496355883517253], [70.77676402633881, 30.476984221344765], [70.7838628213122, 30.455059006168256], [70.80160980874575, 30.43567912868889], [70.80634233992708, 30.425987744738677], [70.80515920713174, 30.412724290493657], [70.796877279363, 30.402010184922176], [70.78504595410755, 30.397418065791157], [70.7738061948001, 30.37955777097443], [70.76020017080128, 30.370371205266963], [70.76256643549266, 30.358631560498168], [70.77203149605674, 30.345358959248642], [70.7814965557215, 30.32799976667593], [70.78208812256884, 30.310126793216966], [70.77439776074812, 30.27845809816273], [70.76729896487541, 30.262108964756976], [70.76079173584998, 30.23655799425609], [70.76197486864532, 30.204865565193757], [70.77794715913416, 30.183390699920892], [70.78859535159427, 30.177765556535235], [70.80101824369706, 30.167025754634892], [70.80575077307975, 30.128148121039033], [70.80575077307975, 30.106144780856994], [70.80220137559309, 30.08823146740832], [70.80160980874575, 30.066731207079613], [70.79510258061964, 30.051883062853108], [70.78327125536418, 30.040105365070588], [70.77558089264414, 30.029350592156163], [70.7738061948001, 30.018082434956455], [70.7738061948001, 29.997591597074575], [70.7797218569782, 29.983245492185745], [70.79865197810636, 29.960184909905706], [70.80042667684972, 29.945833403688653], [70.8093001714658, 29.936093700963568], [70.82349776141263, 29.933017806426676], [70.83118812323335, 29.922764141152243], [70.82763872574662, 29.90276645640688], [70.8169905323872, 29.895586820475444], [70.79746884531102, 29.886355100707362], [70.79273631502895, 29.878661346643867], [70.79214474908099, 29.865837105997684], [70.80220137559309, 29.836591672867485], [70.80279294244042, 29.810930732367467], [70.79865197810636, 29.7893704521847], [70.79214474908099, 29.779102019142897], [70.7797218569782, 29.7739674082693], [70.77617245949148, 29.758561994640388], [70.7667073989274, 29.750858399295737], [70.75369294087659, 29.74572234051368], [70.74422788031251, 29.73596310361438], [70.73831221813441, 29.723634288691528], [70.728255590723, 29.716955549059378], [70.71760739826288, 29.69331951488374], [70.70695920580278, 29.67892964089026], [70.6855169148738, 29.66957094044659], [70.69000818133259, 29.65835081244012], [70.68775153500542, 29.639719528833268], [70.66180010269267, 29.615199427811376], [70.661235940886, 29.59999396944619], [70.6533376791906, 29.589201607568214], [70.63697699489245, 29.57791744963066], [70.62907873229773, 29.569085489303916], [70.62851457049106, 29.52933211208733], [70.63472034856528, 29.515586568165645], [70.6403619630342, 29.493982655575167], [70.64656774110841, 29.47974119220231], [70.64092612484086, 29.469918328268307], [70.6318995404315, 29.46304175667177], [70.63077121681823, 29.43454813698696], [70.6240012787361, 29.417349842121553], [70.60538394631214, 29.39277579886408], [70.60369146179158, 29.380486550513922], [70.59635736100347, 29.369670782880405], [70.58056083851193, 29.359837270973344], [70.57548338405098, 29.35492015843863], [70.57435506043777, 29.345085221106103], [70.58281748393978, 29.334265695205715], [70.60425562269887, 29.31901804964332], [70.60199897727102, 29.2860556762285], [70.59635736100347, 29.268340155174087], [70.58845910020739, 29.258989059397607], [70.56645679874231, 29.24865264210581], [70.54840362812502, 29.23142296000168], [70.52922213569309, 29.193014951478858], [70.53655623558188, 29.179716518102907], [70.55235275987201, 29.15705595876551], [70.55348108258596, 29.13931811833652], [70.54671114450377, 29.118620101836257], [70.54332617456333, 29.094467151737717], [70.53937704371566, 29.08312809828317], [70.51737474225064, 29.06537750816551], [70.51568225773008, 29.010133904955808], [70.50496318790084, 29.000265865377457], [70.4919874717445, 28.99237075490646], [70.48973082631665, 28.98644902680121], [70.49029498812325, 28.973617452183703], [70.49480827987827, 28.958809811623553], [70.49480827987827, 28.947455852805433], [70.49213706587295, 28.94439902029859]]]}}, {"type": "Feature", "properties": {"name": "Bhakkar"}, "geometry": {"type": "Polygon", "coordinates": [[[71.71357855850374, 31.157629063930187], [71.71542997931016, 31.16185395929284], [71.71136476757005, 31.183592957249232], [71.7174625856299, 31.21228079182515], [71.75709840706588, 31.2209723571886], [71.7621799237645, 31.226186912396145], [71.7621799237645, 31.23487719982296], [71.7652288323448, 31.240090988808163], [71.77640816710328, 31.242697774482735], [71.80994616958014, 31.244435592028992], [71.8323048390971, 31.253124200421553], [71.83840265715696, 31.252255375285415], [71.85161459733587, 31.24356668775249], [71.86381023525422, 31.242697774482735], [71.87295696369296, 31.23487719982296], [71.89226672283104, 31.2340082074129], [71.89938084495009, 31.23922204316284], [71.912592785129, 31.244435592028992], [71.91360908918818, 31.257468204693964], [71.91970690724804, 31.282659487745207], [71.92377211988747, 31.291344577090626], [71.93901666638612, 31.29829207192165], [71.94816339482486, 31.306975720553112], [71.94714709166499, 31.321736087350587], [71.94308187902556, 31.336494140192485], [71.92377211988747, 31.3469101969481], [71.91564169550787, 31.35558936155985], [71.91932579434996, 31.378422588931357], [71.91614984663818, 31.405533229375067], [71.91970690724804, 31.45534216021258], [71.91678503060473, 31.480263686220212], [71.91665799776843, 31.481347183126047], [71.89429932915078, 31.492613782699948], [71.8882015101916, 31.509077909717803], [71.86177762893448, 31.515142910616873], [71.85872872035424, 31.527271729806557], [71.8404352634767, 31.53506799579145], [71.83535374857667, 31.544595882094313], [71.82519071697806, 31.552390702868706], [71.80994616958014, 31.558452890688386], [71.80588095783997, 31.568844295228075], [71.79368531992162, 31.580100343955735], [71.78047337974272, 31.587892197866665], [71.77437556078354, 31.60001156338302], [71.7621799237645, 31.610398335514844], [71.7520168921659, 31.616456750678537], [71.7428701637271, 31.619918525419678], [71.72965822354826, 31.630303076226028], [71.72356040458908, 31.63895598423136], [71.6991691296517, 31.65798954538127], [71.67376155065512, 31.670964739930866], [71.66766373259526, 31.682208441866123], [71.66461482311564, 31.701233141995942], [71.66461482311564, 31.73235605648688], [71.66156591363608, 31.745320853974306], [71.65343548835716, 31.755691384349973], [71.642256154498, 31.755691384349973], [71.63666648756839, 31.770758991034654], [71.6160228305892, 31.780208746936182], [71.61443485718297, 31.79505641272334], [71.60649498835306, 31.801804562930272], [71.5953791727107, 31.801804562930272], [71.56361970098845, 31.81799811362208], [71.55409185875232, 31.826093824170698], [71.55726780556483, 31.843632095145153], [71.56361970098845, 31.847678914850064], [71.58108741025586, 31.85037669662728], [71.58585133137387, 31.859818310067], [71.5969671470163, 31.86251573571269], [71.60649498835306, 31.869258955836187], [71.61443485718297, 31.89622690175014], [71.62713864533225, 31.898923262598544], [71.63984243438091, 31.911055906604872], [71.64460635549898, 31.924534745781955], [71.64143040778714, 31.952833878980357], [71.65731014454758, 31.969000899671812], [71.67318988130802, 31.971695126428983], [71.67795380152677, 31.99055249779957], [71.69859745850596, 31.99863304308053], [71.70018543191219, 32.05383103627338], [71.69542151169344, 32.12782485573257], [71.68906961716914, 32.138582600007055], [71.68718275848461, 32.13896299641497], [71.65572217114135, 32.145305545814324], [71.61761080399549, 32.145305545814324], [71.58426335796764, 32.138582600007055], [71.54773996422801, 32.138582600007055], [71.51756846501269, 32.15606122794338], [71.48898493920365, 32.16815985419396], [71.45563749407512, 32.16412715654309], [71.43975775731468, 32.15202799609517], [71.4365818096029, 32.145305545814324], [71.3857666543077, 32.146650075440675], [71.36353502212364, 32.15606122794338], [71.36035907531112, 32.16815985419396], [71.32701162928333, 32.16815985419396], [71.3031920245923, 32.16412715654309], [71.30001607777984, 32.153372426796125], [71.25872876292215, 32.145305545814324], [71.16325713830634, 32.146285682738096], [71.16164380761569, 32.130349144797265], [71.15944188773301, 32.10797030708403], [71.14953324826087, 32.101442112163795], [71.09999005359816, 32.08745155334657], [71.0856775743606, 32.080921891632045], [71.07686989572915, 32.063196175862856], [71.0735670159051, 32.0380010895787], [71.07466797584647, 32.00066228953307], [71.066961256257, 31.978251706651008], [71.05044685803614, 31.965176338417336], [71.04384109838804, 31.9558356495956], [71.04494205832941, 31.92407020277767], [71.040538218564, 31.90444488502345], [71.02402382034307, 31.89509802325523], [71.01851902063635, 31.880141071853018], [71.01961998057772, 31.83806162694259], [71.01631710165299, 31.79877015591802], [70.99319694378397, 31.781925836907874], [70.97337966573906, 31.765078448511645], [70.96347102626692, 31.74261049427895], [70.95136046781141, 31.722010078502365], [70.90401919213207, 31.67423696006773], [70.89300959271861, 31.655495690273938], [70.87649519449769, 31.644249114105378], [70.86768751496692, 31.612376426730748], [70.85337503662868, 31.596435989329507], [70.8445673570979, 31.576741092827206], [70.84566831703927, 31.537338815434055], [70.85227407668737, 31.50730686581926], [70.85227407668737, 31.481020992724666], [70.85887983633546, 31.444396217511496], [70.86768751496692, 31.424669252084357], [70.86548559508418, 31.366403523903557], [70.85788750640336, 31.35342713505429], [70.87243401711623, 31.354229534465503], [70.88503390569025, 31.35671255184286], [70.901510682572, 31.35009102617994], [70.91314134839456, 31.340985665655978], [70.94221801474964, 31.337674407747784], [70.98389456877936, 31.339330051540685], [71.02944801201619, 31.337674407747784], [71.05174012180925, 31.338502232791882], [71.062401566679, 31.332707301001165], [71.0643400103832, 31.32442820789555], [71.07693989895722, 31.317804409645817], [71.11958567483907, 31.315320365242712], [71.14187778463213, 31.310352079484915], [71.14963156304623, 31.303727290182337], [71.15157000675049, 31.297102036829585], [71.16707756267942, 31.291304556360217], [71.17870822850199, 31.283850129879625], [71.17870822850199, 31.272253183237865], [71.20293878289857, 31.25071221599603], [71.21263100501693, 31.238282498938247], [71.24267689322409, 31.21756266758308], [71.26109211381004, 31.209273464298974], [71.26109211381004, 31.192692875975524], [71.26593822486922, 31.17528013147296], [71.26690744762067, 31.156205356192288], [71.27563044698758, 31.147081279877227], [71.31343011181025, 31.124682096801394], [71.35122977753224, 31.122192973027325], [71.37933722113593, 31.12634147727738], [71.3977524426212, 31.131319443337702], [71.4045369982839, 31.143763215899753], [71.42101377516565, 31.144592743360477], [71.42876755268048, 31.155375931254298], [71.42973677543188, 31.186059827299232], [71.43458288559174, 31.196838295550947], [71.4462135514143, 31.202641577546842], [71.45396732982846, 31.210102417092912], [71.47625944052083, 31.21756266758308], [71.49176699465113, 31.219220421185526], [71.50436688412447, 31.22502233081599], [71.51793599365124, 31.22502233081599], [71.54410499355066, 31.219220421185526], [71.57318165900642, 31.216733780439654], [71.57512010271063, 31.202641577546842], [71.57899699191768, 31.190205536456403], [71.59547376969874, 31.1819139355797], [71.59838143525508, 31.17030447307303], [71.61388899118407, 31.154546498222373], [71.62358121240311, 31.148740268248844], [71.63908876743272, 31.150399226942795], [71.66622698918428, 31.17113376850864], [71.68658065437376, 31.174450872909517], [71.7011189875513, 31.17113376850864], [71.71357855850374, 31.157629063930187]]]}}, {"type": "Feature", "properties": {"name": "Mianwali"}, "geometry": {"type": "Polygon", "coordinates": [[[71.68718275848461, 32.13896299641497], [71.68071758185096, 32.15773111250087], [71.67609227323987, 32.17926503715182], [71.67493594653678, 32.23796803729516], [71.69574983438741, 32.262416435370255], [71.71193841362697, 32.273171645355205], [71.71887637654362, 32.28490314766219], [71.73043964717203, 32.314225262386], [71.74662822731091, 32.31617973290838], [71.76975476946711, 32.36893448843597], [71.76281680655046, 32.38260662429633], [71.74200291869977, 32.38944191701091], [71.7327523014776, 32.40506350068006], [71.7327523014776, 32.41775404721159], [71.73737761008869, 32.431418794242006], [71.75819149793932, 32.434346683752494], [71.76050415224489, 32.449960494581205], [71.77900538578996, 32.46362035919225], [71.78709967540976, 32.482155435125264], [71.80213192794616, 32.48898318432657], [71.81485152617705, 32.49190920504583], [71.82410214339927, 32.49581041641761], [71.83913439593567, 32.51043845427131], [71.84081003615432, 32.51609019060987], [71.84375970454676, 32.52603907114627], [71.846072357953, 32.57477353966715], [71.83913439593567, 32.595234124355386], [71.8217894890937, 32.60789786029807], [71.81485152617705, 32.62348153844232], [71.81716418048262, 32.65074644858976], [71.81600785377947, 32.69065507037527], [71.8206331623906, 32.70817029712157], [71.82757112440794, 32.72276369309003], [71.8738242087203, 32.753888288413805], [71.88538748024808, 32.755833214431334], [71.89926340518207, 32.769446509448926], [71.90388871379315, 32.7840298716813], [71.8969507508765, 32.7995828244878], [71.8819184983401, 32.80930203795873], [71.86572991910054, 32.81707664377217], [71.8576356294808, 32.82873727770328], [71.85532297517523, 32.84136790240683], [71.84722868555548, 32.849139701436116], [71.83104010631592, 32.85496810419471], [71.82641479770479, 32.8607961247414], [71.82525847010237, 32.88410437401768], [71.82641479770479, 32.90740649531358], [71.81947683478813, 32.92682024665709], [71.79403763832642, 32.94622973881144], [71.79056865731775, 32.97339587102266], [71.78179021654529, 32.97400957108488], [71.77669273148445, 32.97436593553954], [71.76859844186464, 32.96563497087726], [71.75472251693066, 32.95884362443377], [71.73853393679178, 32.954962620828326], [71.68881187147076, 32.954962620828326], [71.67840492754544, 33.00346291488165], [71.6587473663979, 33.013159776602436], [71.65527838538924, 33.02964199438259], [71.6550280869767, 33.056052376815785], [71.64936904184788, 33.056052376815785], [71.63175368278627, 33.06066603470981], [71.62074408427213, 33.071737824940726], [71.60863352491731, 33.09111010584678], [71.58881624687234, 33.14551414965831], [71.58110952818225, 33.158418636810666], [71.57120088871011, 33.16763496378263], [71.54697977089978, 33.17132122369554], [71.5293644127375, 33.17039967310649], [71.51285001451663, 33.16302692125544], [71.5007394551618, 33.15104487681964], [71.48532601688225, 33.14920133947027], [71.47101353854401, 33.158418636810666], [71.45780201924782, 33.17224276439214], [71.43247994149618, 33.174085817006926], [71.43072043500013, 33.17363266039876], [71.41816746315794, 33.17039967310649], [71.41046074446785, 33.15657525504406], [71.41046074446785, 33.13260776583576], [71.41926842309931, 33.119699483544366], [71.42807610263009, 33.100333502389276], [71.43027802251277, 33.03759533056012], [71.42697514268872, 33.01821126943457], [71.43908570114422, 33.00528619410261], [71.45229722044041, 33.00528619410261], [71.46110489907187, 32.999746296554406], [71.45890297918919, 32.97573605267672], [71.444590500851, 32.9628047540362], [71.43247994149618, 32.95726219089744], [71.37412906730265, 32.95633839649986], [71.33339355127146, 32.95356695485111], [71.31027339340244, 32.94802381075033], [71.28825419547479, 32.93878446652997], [71.20788412335367, 32.92584776026598], [71.1660476473811, 32.8962710465716], [71.14292748951209, 32.874082026964004], [71.12421117140849, 32.85003765471407], [71.11650445181903, 32.77416272423039], [71.11650445181903, 32.739265707646325], [71.11650445181903, 32.713971956740465], [71.11540349187771, 32.646324641269246], [71.11870637170176, 32.62592773487711], [71.136321729864, 32.59625120812683], [71.13742268980536, 32.57862611840068], [71.14402844945346, 32.556357893701886], [71.15393708802623, 32.54707783537384], [71.17045148714647, 32.53965309821194], [71.2067831634123, 32.53872496278683], [71.22329756163322, 32.53501232575826], [71.22990332128131, 32.48394800429702], [71.23430716104673, 32.470945182574155], [71.23954169818816, 32.46992604623813], [71.24861963938491, 32.46815861972459], [71.28385035570943, 32.466300863194306], [71.30476859369571, 32.46258523502064], [71.30807147351976, 32.448650263299044], [71.31137435334381, 32.40590291438804], [71.30807147351976, 32.36685503643082], [71.30807147351976, 32.339883557979874], [71.29596091506426, 32.313834500661756], [71.2629321177231, 32.298945960687604], [71.23650908003009, 32.29057008164398], [71.21448988210244, 32.26916154317075], [71.19467260405747, 32.25333459301709], [71.1737543660712, 32.23005465349951], [71.1660476473811, 32.21142640780255], [71.16494668743974, 32.16297511061293], [71.16325713830634, 32.146285682738096], [71.25872876292215, 32.145305545814324], [71.30001607777984, 32.153372426796125], [71.3031920245923, 32.16412715654309], [71.32701162928333, 32.16815985419396], [71.36035907531112, 32.16815985419396], [71.36353502212364, 32.15606122794338], [71.3857666543077, 32.146650075440675], [71.4365818096029, 32.145305545814324], [71.43975775731468, 32.15202799609517], [71.45563749407512, 32.16412715654309], [71.48898493920365, 32.16815985419396], [71.51756846501269, 32.15606122794338], [71.54773996422801, 32.138582600007055], [71.58426335796764, 32.138582600007055], [71.61761080399549, 32.145305545814324], [71.65572217114135, 32.145305545814324], [71.68718275848461, 32.13896299641497]]]}}, {"type": "Feature", "properties": {"name": "Mandi Bahauddin"}, "geometry": {"type": "Polygon", "coordinates": [[[73.17451028092478, 32.53848136522288], [73.1820422550461, 32.51837231832786], [73.18902623627184, 32.492849578445316], [73.18437024818849, 32.47321177270521], [73.15953831264306, 32.45815322039488], [73.14013836319498, 32.443747031800115], [73.12772239497258, 32.441782372858256], [73.1222904088753, 32.432613399688705], [73.1083224455245, 32.41885819075293], [73.09125049011806, 32.415582831982135], [73.07805852388185, 32.40968688564129], [73.07029854374287, 32.40248020709595], [73.05322658833643, 32.39592818194012], [73.04081062011409, 32.39199673895837], [73.01985867463816, 32.39199673895837], [73.01132269738463, 32.387409838593214], [73.00511471327343, 32.371026149637146], [73.0144266894402, 32.360539030252085], [73.03227464286056, 32.3487395661781], [73.04158661812801, 32.34021677388506], [73.04857060025307, 32.323824533275626], [73.0431386141558, 32.31136444521303], [73.04081062011409, 32.27003715369176], [73.04857060025307, 32.25691344060283], [73.0671945516873, 32.24575679214229], [73.06952254572894, 32.22803459272234], [73.08349050907981, 32.22278290630612], [73.09823447224318, 32.21162206610552], [73.1083224455245, 32.19980321264819], [73.1680742898966, 32.196519925454254], [73.17505827292104, 32.18863955217364], [73.17971426100439, 32.16893563547126], [73.18126625703218, 32.14988446379704], [73.20920218373385, 32.13148644904044], [73.21463416983113, 32.11965719492366], [73.21463416983113, 32.08416023340811], [73.2177381618867, 32.07232484771362], [73.22627413914029, 32.06574897073847], [73.2394661053765, 32.0519380910701], [73.23959495933997, 32.05117356750617], [73.25110607468565, 32.049307210759196], [73.27671400914426, 32.05259579855732], [73.28835397845342, 32.05785729477839], [73.29688995660626, 32.07035213444351], [73.32172189215169, 32.079557765778304], [73.32870587337743, 32.09467929041699], [73.3380178495442, 32.097308864912236], [73.35896979591939, 32.09993836386445], [73.37448975529804, 32.10453980536778], [73.38302573345089, 32.10979831224239], [73.38612972550646, 32.12031441587766], [73.39466570276005, 32.125572014436955], [73.4070816709824, 32.12820069950271], [73.41561764823592, 32.14659937616034], [73.43579359569793, 32.15316943272319], [73.44432957475016, 32.16630812492008], [73.4466575687918, 32.17353359749757], [73.46605751823995, 32.18010171242412], [73.4707135063233, 32.194549895761156], [73.48002548159076, 32.206369431803864], [73.49088945378531, 32.21096550345527], [73.50097742706669, 32.22606524561462], [73.50330542110834, 32.23788068614482], [73.51804938247307, 32.24510047590627], [73.53512133877882, 32.24575679214229], [73.55917727631032, 32.25231969279963], [73.5684892524771, 32.27003715369176], [73.58323321384182, 32.27003715369176], [73.60263316328991, 32.273317786087034], [73.61737712555396, 32.285127078851644], [73.62280911165124, 32.29234311214498], [73.63755307301597, 32.29562293694903], [73.66936899068645, 32.29759077499432], [73.67617795215085, 32.29759077499432], [73.71204888055144, 32.29759077499432], [73.74541679335039, 32.30021449310442], [73.75317677348937, 32.30349403282338], [73.75860875958665, 32.31464358203573], [73.79042467725708, 32.32316878181388], [73.79585666335441, 32.34087240213972], [73.84086454636179, 32.351361802205474], [73.85393983815305, 32.375399389969914], [73.85405651169873, 32.37561388187521], [73.85405651169873, 32.4103420102756], [73.84008854834786, 32.42016830062664], [73.82612058409774, 32.42344349302283], [73.82301659294149, 32.439162761951934], [73.7935286693127, 32.44898591276973], [73.791200675271, 32.460117522305836], [73.77956070506252, 32.463391263196286], [73.7718007249236, 32.47059307461075], [73.7679207348541, 32.47910356417822], [73.7679207348541, 32.49481312312719], [73.76248874875682, 32.50855673710379], [73.75395277150324, 32.51575493504225], [73.74308879930868, 32.51837231832786], [73.72679284191616, 32.53407501814763], [73.71748086664871, 32.53930864168052], [73.70739289246808, 32.54061699967485], [73.69032093616232, 32.547812628250256], [73.6779049688393, 32.558277968753316], [73.67480097678373, 32.58574368042656], [73.66471300260304, 32.59097429123062], [73.65462502932172, 32.59228189559303], [73.64841704521052, 32.60535689510465], [73.63677707590136, 32.61385462149366], [73.6297930937763, 32.614508259548586], [73.62203311363731, 32.62496581641932], [73.61737712555396, 32.65959774703845], [73.60573715534548, 32.666783824813706], [73.59952917123434, 32.66809032301006], [73.59021719596689, 32.67984794162925], [73.57702522973062, 32.68376680399484], [73.56262578515191, 32.69092390201649], [73.55762528028254, 32.68441993123491], [73.53900132884831, 32.68115424826999], [73.53667333480661, 32.668743564463966], [73.52580936351137, 32.659148597729654], [73.51125940120045, 32.65608615705054], [73.50155942602674, 32.63668826525128], [73.4833719731381, 32.63464613780906], [73.47609699198267, 32.62341360005763], [73.46518452024947, 32.61626488731474], [73.45063455793854, 32.613200978942075], [73.43365960250873, 32.61217965306861], [73.4191096401978, 32.59787986326512], [73.4081971684646, 32.59175068314755], [73.36333478407306, 32.58664271289092], [73.35605980291763, 32.570295252224184], [73.34999731832164, 32.56314230187576], [73.33423485945127, 32.562120404932784], [73.32695987829578, 32.55292281083911], [73.31362241254436, 32.54270215518039], [73.29543496055504, 32.54372427425591], [73.2663350359332, 32.56314230187576], [73.24572258902634, 32.56314230187576], [73.2275351361377, 32.560076576872575], [73.22268514900048, 32.54576847373613], [73.20934768324906, 32.53759139252878], [73.17451028092478, 32.53848136522288]]]}}, {"type": "Feature", "properties": {"name": "Gujrat"}, "geometry": {"type": "Polygon", "coordinates": [[[73.77119867914858, 33.007982335261126], [73.7679207348541, 32.97719064583168], [73.76636873882632, 32.94398468654413], [73.75783276157273, 32.938774777234244], [73.74464079533647, 32.934215853878584], [73.71670486863485, 32.9088118388953], [73.70661689445416, 32.90164528540163], [73.68799294212062, 32.88340053310816], [73.67635297281151, 32.86058930854978], [73.65695302336337, 32.84820361510481], [73.65074503925223, 32.83386012544446], [73.63444908185971, 32.82473124405175], [73.63056909179022, 32.81690574200644], [73.59952917123434, 32.79799126458522], [73.59409718603638, 32.78820633585377], [73.59409718603638, 32.77907276359724], [73.57780122774454, 32.76863324712673], [73.56616125843539, 32.75558213091068], [73.5684892524771, 32.738612818726665], [73.56616125843539, 32.6955223604686], [73.56262578515191, 32.69092390201649], [73.57702522973062, 32.68376680399484], [73.59021719596689, 32.67984794162925], [73.59952917123434, 32.66809032301006], [73.60573715534548, 32.666783824813706], [73.61737712555396, 32.65959774703845], [73.62203311363731, 32.62496581641932], [73.6297930937763, 32.614508259548586], [73.63677707590136, 32.61385462149366], [73.64841704521052, 32.60535689510465], [73.65462502932172, 32.59228189559303], [73.66471300260304, 32.59097429123062], [73.67480097678373, 32.58574368042656], [73.6779049688393, 32.558277968753316], [73.69032093616232, 32.547812628250256], [73.70739289246808, 32.54061699967485], [73.71748086664871, 32.53930864168052], [73.72679284191616, 32.53407501814763], [73.74308879930868, 32.51837231832786], [73.75395277150324, 32.51575493504225], [73.76248874875682, 32.50855673710379], [73.7679207348541, 32.49481312312719], [73.7679207348541, 32.47910356417822], [73.7718007249236, 32.47059307461075], [73.77956070506252, 32.463391263196286], [73.791200675271, 32.460117522305836], [73.7935286693127, 32.44898591276973], [73.82301659294149, 32.439162761951934], [73.82612058409774, 32.42344349302283], [73.84008854834786, 32.42016830062664], [73.85405651169873, 32.4103420102756], [73.85405651169873, 32.37561388187521], [73.85393983815305, 32.375399389969914], [73.87158716901268, 32.372418514203105], [73.91838157145241, 32.372418514203105], [73.93162527118938, 32.3761469172465], [73.95987849489666, 32.39255006303506], [73.98283424050783, 32.39553213400086], [73.9996095923089, 32.4164038662455], [74.01461911807792, 32.41938514850585], [74.02521407696815, 32.42311161261091], [74.02874572993153, 32.434290081322274], [74.03580903675771, 32.44397696596428], [74.0517014755427, 32.44919254999621], [74.06759391432774, 32.44919254999621], [74.08172052618141, 32.45664286117915], [74.08878383210822, 32.47005186799936], [74.10379335787724, 32.473031375897335], [74.11262249073542, 32.48420365277639], [74.11791996973085, 32.493885171163754], [74.1338124085159, 32.49835321353004], [74.14264154137408, 32.50356564903552], [74.14705610735354, 32.51398961173123], [74.17177767899676, 32.51994561929496], [74.17661459808528, 32.51994561929496], [74.18767011778175, 32.51994561929496], [74.20091381661939, 32.53036768262251], [74.22475247524659, 32.54450997955195], [74.2494740459905, 32.54823126625996], [74.31039506208248, 32.54823126625996], [74.32717041388355, 32.56832354799337], [74.3518919864261, 32.57278788785078], [74.35895529145358, 32.584691710154345], [74.37926229711735, 32.59585010689699], [74.38014521013338, 32.607750866109654], [74.38367686309681, 32.61518803729814], [74.39780347495048, 32.6278298117964], [74.40663260870798, 32.65608143830781], [74.40928134775606, 32.687296536006386], [74.40958485006081, 32.75652477509834], [74.40512813555506, 32.77900862664683], [74.39946149565156, 32.77543532518018], [74.3737585433222, 32.77289281675013], [74.35561528311888, 32.77543532518018], [74.33898396224015, 32.78560463134869], [74.33796001664149, 32.79765509710512], [74.31479294833593, 32.79915308614608], [74.26141841242986, 32.827059942262565], [74.24098459696165, 32.84245307654828], [74.14445243333319, 32.87441490292548], [74.08737867198818, 32.89985774973542], [74.05426179864315, 32.91287219429637], [73.96336654962664, 32.94303468410345], [73.94434196371071, 32.95426906096844], [73.92461276166966, 32.97555133282782], [73.91686200407827, 32.99505557755293], [73.89995126024252, 33.01810049094496], [73.87176668718291, 33.03109753002707], [73.84640057052997, 33.03227898468742], [73.79144065306372, 33.00805601337436], [73.77664375220746, 33.00628333900494], [73.77119867914858, 33.007982335261126]]]}}, {"type": "Feature", "properties": {"name": "Sialkot"}, "geometry": {"type": "Polygon", "coordinates": [[[74.57329106183312, 32.0876439084397], [74.57526904153309, 32.087862494958244], [74.5876298273547, 32.10656144535449], [74.59822478714426, 32.111796465534496], [74.60705391910312, 32.11852676419886], [74.60970265994985, 32.13721943462923], [74.62559509873489, 32.13796706262991], [74.63795588365718, 32.14394785910645], [74.64501919048331, 32.155160796133885], [74.66444328223173, 32.165624958525086], [74.66974076122722, 32.18356072894454], [74.68475028699618, 32.187296902130356], [74.69622815980176, 32.19551594570436], [74.69622815980176, 32.228384694298256], [74.7024085527126, 32.250041691171134], [74.7174180775823, 32.259748323126644], [74.73066177641988, 32.27244004597139], [74.72801303737185, 32.30080336018699], [74.74390547615684, 32.307519687883314], [74.75714917499448, 32.31050456383463], [74.76156374097394, 32.329157801691224], [74.78363657356908, 32.33587202677268], [74.79246570552795, 32.34109385749559], [74.79423153156, 32.350790744397386], [74.80659231738161, 32.35675754292629], [74.8180701901872, 32.370927109998206], [74.81895310410255, 32.38882233718118], [74.82336766918263, 32.403732318791526], [74.85073798167258, 32.4164038662455], [74.85338672072066, 32.435035263166924], [74.86045002754679, 32.44546716507767], [74.89135199120147, 32.45887783384501], [74.90989316993392, 32.47005186799936], [74.91230923458357, 32.47922349147103], [74.90709479089196, 32.47922349147103], [74.88583315757421, 32.48520196589806], [74.86457152515584, 32.495165208607546], [74.68739125140519, 32.495165208607546], [74.68266644450085, 32.50911189399875], [74.66849202198927, 32.52504831412847], [74.65668000427883, 32.5330154647919], [74.65668000427883, 32.55293024913175], [74.62360635325064, 32.572840616001656], [74.61888154544704, 32.59672722198377], [74.6306935640568, 32.61662786448443], [74.66376721508499, 32.64050279816564], [74.66376721508499, 32.67033750577133], [74.64959279347272, 32.6941981015612], [74.6377807748629, 32.72401488028254], [74.65044325894928, 32.739833602538795], [74.6625387654517, 32.78052012350497], [74.6716103951037, 32.80212727455415], [74.67009845667849, 32.822458619469785], [74.65346713490044, 32.82881121096864], [74.62625224504512, 32.80085641019525], [74.6202044922436, 32.78179127744556], [74.60962092326707, 32.77289281675013], [74.56879858848413, 32.76272205817651], [74.55821502040692, 32.75255013767878], [74.53251206807755, 32.74492043423072], [74.50378523979703, 32.748735367343386], [74.47959422679219, 32.75763624271849], [74.46296290501414, 32.76780758315351], [74.45237933693693, 32.78433353136745], [74.43423607673361, 32.79323084812518], [74.42516444708161, 32.790688847812135], [74.40512813555506, 32.77900862664683], [74.40958485006081, 32.75652477509834], [74.40928134775606, 32.687296536006386], [74.40663260870798, 32.65608143830781], [74.39780347495048, 32.6278298117964], [74.38367686309681, 32.61518803729814], [74.38014521013338, 32.607750866109654], [74.37926229711735, 32.59585010689699], [74.35895529145358, 32.584691710154345], [74.3518919864261, 32.57278788785078], [74.32717041388355, 32.56832354799337], [74.31039506208248, 32.54823126625996], [74.2494740459905, 32.54823126625996], [74.22475247524659, 32.54450997955195], [74.20091381661939, 32.53036768262251], [74.18767011778175, 32.51994561929496], [74.17661459808528, 32.51994561929496], [74.17354350592814, 32.50803320936518], [74.17354350592814, 32.496119220225864], [74.16912893904936, 32.465582420892076], [74.17089476598073, 32.43876108155871], [74.17530933196014, 32.40969562165566], [74.1841384657177, 32.40075051852165], [74.19826507667199, 32.39180453045475], [74.20179673053474, 32.377638235116535], [74.19914799058733, 32.314235518254634], [74.20267964355077, 32.30528096774253], [74.21857208233581, 32.30453471570462], [74.22916704212537, 32.28886199478529], [74.23004995424208, 32.27467957820005], [74.23358160810477, 32.26198816831936], [74.25035695990584, 32.254521804237925], [74.258303179748, 32.24630809364368], [74.26183483181211, 32.23734683598775], [74.28037601144382, 32.232865875759614], [74.28743931737068, 32.22539711678354], [74.29361971028146, 32.209710726169135], [74.31480962806194, 32.205228403468084], [74.31834128192469, 32.19551594570436], [74.32452167393615, 32.18580245102237], [74.34129702663654, 32.18356072894454], [74.35718946542153, 32.184307975632635], [74.37749647108535, 32.18057167834036], [74.38102812404873, 32.16936186915501], [74.39338890897102, 32.16114046486064], [74.43930039839472, 32.16263532066358], [74.45695866411114, 32.16188789590973], [74.46667070998535, 32.149928264377934], [74.4684365360174, 32.11927454418492], [74.48256314877034, 32.11628338646915], [74.48962645559652, 32.108805061404496], [74.4931581085599, 32.09683846912009], [74.50375306655081, 32.09160259188616], [74.55496203766796, 32.085618363596666], [74.57286166282817, 32.08759645502016], [74.57329106183312, 32.0876439084397]]]}}, {"type": "Feature", "properties": {"name": "Dera Ismail Khan"}, "geometry": {"type": "Polygon", "coordinates": [[[70.7574599518154, 31.209765892581913], [70.78291360308037, 31.222464178678933], [70.79172128261115, 31.248822447198222], [70.80273088112534, 31.2610577155412], [70.81263952059743, 31.284582617793603], [70.81263952059743, 31.318448168648104], [70.82364911911162, 31.332555222945246], [70.85667791645272, 31.351361338355105], [70.85788750640336, 31.35342713505429], [70.86548559508418, 31.366403523903557], [70.86768751496692, 31.424669252084357], [70.85887983633546, 31.444396217511496], [70.85227407668737, 31.481020992724666], [70.85227407668737, 31.50730686581926], [70.84566831703927, 31.537338815434055], [70.8445673570979, 31.576741092827206], [70.85337503662868, 31.596435989329507], [70.86768751496692, 31.612376426730748], [70.87649519449769, 31.644249114105378], [70.89300959271861, 31.655495690273938], [70.90401919213207, 31.67423696006773], [70.95136046781141, 31.722010078502365], [70.96347102626692, 31.74261049427895], [70.97337966573906, 31.765078448511645], [70.99319694378397, 31.781925836907874], [71.01631710165299, 31.79877015591802], [71.01961998057772, 31.83806162694259], [71.01851902063635, 31.880141071853018], [71.02402382034307, 31.89509802325523], [71.040538218564, 31.90444488502345], [71.04494205832941, 31.92407020277767], [71.04384109838804, 31.9558356495956], [71.05044685803614, 31.965176338417336], [71.066961256257, 31.978251706651008], [71.07466797584647, 32.00066228953307], [71.0735670159051, 32.0380010895787], [71.07686989572915, 32.063196175862856], [71.0856775743606, 32.080921891632045], [71.09999005359816, 32.08745155334657], [71.14953324826087, 32.101442112163795], [71.15944188773301, 32.10797030708403], [71.16164380761569, 32.130349144797265], [71.16325713830634, 32.146285682738096], [71.16494668743974, 32.16297511061293], [71.1660476473811, 32.21142640780255], [71.1737543660712, 32.23005465349951], [71.19467260405747, 32.25333459301709], [71.21448988210244, 32.26916154317075], [71.23650908003009, 32.29057008164398], [71.2629321177231, 32.298945960687604], [71.29596091506426, 32.313834500661756], [71.30807147351976, 32.339883557979874], [71.30807147351976, 32.36685503643082], [71.31137435334381, 32.40590291438804], [71.30807147351976, 32.448650263299044], [71.30476859369571, 32.46258523502064], [71.28385035570943, 32.466300863194306], [71.24861963938491, 32.46815861972459], [71.23954169818816, 32.46992604623813], [71.23465156721613, 32.45507298303181], [71.22163248035474, 32.431878033944145], [71.20861339439267, 32.42333102200911], [71.18980804880249, 32.418446651991474], [71.15653705144382, 32.418446651991474], [71.12037292427107, 32.407455851106704], [71.1116935339295, 32.39768512626762], [71.10735383920837, 32.37447541840589], [71.09433475234698, 32.36836660973131], [71.07986910147793, 32.35859165717926], [71.07986910147793, 32.345149371846105], [71.07263627604334, 32.341482946480824], [71.06251032079473, 32.34026077231687], [71.04659810501857, 32.3280381187642], [71.02779275852902, 32.31948127993718], [71.00175458660493, 32.31948127993718], [70.99018206554996, 32.31336875616324], [70.97282328486676, 32.298697018452685], [70.95691106819129, 32.29380591071424], [70.93955228750809, 32.29380591071424], [70.92364007083268, 32.28157698798765], [70.89904846471495, 32.27423884294831], [70.87011716297673, 32.273015760469036], [70.84986525158013, 32.26934641590441], [70.8426324261456, 32.25466755286533], [70.822380514749, 32.24732723146661], [70.8050217340658, 32.2461037874599], [70.79344921301083, 32.23386843458064], [70.77898356214172, 32.225302707753826], [70.74860569459719, 32.219183836564866], [70.72690721829355, 32.19960068352475], [70.69652935074902, 32.19592837209677], [70.67772400515878, 32.191031728131804], [70.67042028506407, 32.18562287275287], [70.65457896304878, 32.17389139637089], [70.60684231572037, 32.17389139637089], [70.58948353413786, 32.1677690672887], [70.57646444817578, 32.14572527650034], [70.57212475255534, 32.13347642209925], [70.57212475255534, 32.10774847491223], [70.56199879730673, 32.09671999153443], [70.55187284205806, 32.09304353513107], [70.54174688591013, 32.07465903088962], [70.54030032100309, 32.05381878930575], [70.53451406047554, 32.03420010854825], [70.51426214907895, 32.02929478072957], [70.48243771662737, 32.02929478072957], [70.4535064148892, 32.026842018344496], [70.41878885262349, 32.026842018344496], [70.40432320175444, 32.02438919030891], [70.38696442107124, 32.003537502154074], [70.32910181669553, 32.003537502154074], [70.28570486408825, 32.01825683378593], [70.26979264741283, 32.0108974638469], [70.2480941720085, 32.008444208633364], [70.22784225971259, 32.00231078461508], [70.22494913079782, 31.982681070075387], [70.20903691412235, 31.975318844788887], [70.20759034921531, 31.9630471557017], [70.1931246983462, 31.953228622902657], [70.17865904747714, 31.934816046323533], [70.1728727869496, 31.90657626478287], [70.16774997853487, 31.88265430746185], [70.16708652642211, 31.87955618786782], [70.17431935185664, 31.778775184427275], [70.17721248167072, 31.70988594208262], [70.17721248167072, 31.64956584218993], [70.1844453071053, 31.623702377962445], [70.20180408868782, 31.612615835252655], [70.22205600008436, 31.612615835252655], [70.23218195533303, 31.592903163650135], [70.24954073691555, 31.585509836210008], [70.25677356235008, 31.54113755535394], [70.25822012725712, 31.512777550643477], [70.27123921321919, 31.493043771952557], [70.2842582991812, 31.481941692555097], [70.28570486408825, 31.469604502246057], [70.30884990619825, 31.43505172096019], [70.31029647110529, 31.391842827384608], [70.3074033412912, 31.365907941698197], [70.31029647110529, 31.338730383600364], [70.31318960091943, 31.330081331887982], [70.33199494740893, 31.31772416493834], [70.33633464302943, 31.307837263878696], [70.33633464302943, 31.26827928416168], [70.3392277719442, 31.23983673607654], [70.345014033371, 31.22004556355199], [70.35658655352665, 31.22004556355199], [70.36671250967464, 31.200250246052065], [70.38551785526488, 31.1903510332736], [70.42216899230522, 31.185871878884143], [70.4228997184473, 31.187622331905118], [70.43390931696149, 31.20269065175222], [70.45482755494777, 31.21399031580046], [70.48785635228887, 31.21963964195595], [70.50657267039247, 31.229995862319242], [70.5164813089653, 31.243174866626873], [70.53299570808554, 31.25541086611861], [70.5495101063064, 31.259175469572313], [70.57373122411673, 31.246939957513064], [70.58914466149696, 31.243174866626873], [70.66070705498663, 31.241292264526464], [70.68823105262106, 31.243174866626873], [70.71025025054865, 31.250704900011158], [70.7256636888282, 31.24599869918069], [70.74217808704913, 31.21963964195595], [70.75649056538737, 31.20928228664826], [70.7574599518154, 31.209765892581913]]]}}, {"type": "Feature", "properties": {"name": "Peshawar"}, "geometry": {"type": "Polygon", "coordinates": [[[71.41307478677203, 34.07304074273617], [71.40985953059294, 34.0668263752371], [71.38486288691274, 34.06452558388861], [71.36171784480274, 34.05915682732575], [71.35801463806513, 33.95785378272592], [71.39319510117303, 33.93097286420635], [71.39597250622626, 33.914071942765986], [71.40985953059294, 33.90485184493673], [71.41726594496743, 33.897936116858375], [71.41911754743694, 33.884871545885176], [71.42374655675826, 33.87180497302114], [71.43578197775611, 33.866424038738444], [71.44874320133772, 33.85412348501086], [71.45429801144411, 33.832593252976324], [71.45985282065124, 33.8187495264695], [71.47281404423279, 33.81028836741427], [71.47281404423279, 33.788747096201575], [71.4792946551243, 33.77643536390099], [71.49688488802724, 33.77104842484499], [71.50243969723431, 33.751806590601745], [71.50984611070947, 33.74410864749615], [71.5265105410287, 33.73333036720271], [71.52280733339177, 33.70868921203754], [71.52710849306254, 33.69020028121804], [71.52836214349816, 33.68481135016373], [71.54039756539538, 33.669402756532065], [71.567245814243, 33.65861509810833], [71.60427787982036, 33.65861509810833], [71.63482933450626, 33.667091229077016], [71.64316154966582, 33.684040985503145], [71.65241956650982, 33.68943338973918], [71.66723239346027, 33.69097401473903], [71.67463880603611, 33.70714890539773], [71.68574842624895, 33.7148501643037], [71.69130323635534, 33.71562025287244], [71.69685804646173, 33.72717074143662], [71.6977838472468, 33.736410014610556], [71.72185469104119, 33.74333881613353], [71.73203850956963, 33.76027352959977], [71.75239968140022, 33.76097884629678], [71.7467484684671, 33.77976996551155], [71.7302897733544, 33.79344902615168], [71.71383107644306, 33.81806582677655], [71.70889346835895, 33.83584022284805], [71.72699803343255, 33.85224407730237], [71.74839433842806, 33.859078087583725], [71.75991542635592, 33.87547748050139], [71.75991542635592, 33.89733843552045], [71.75363742103019, 33.92364722154207], [71.73880616067584, 33.93203774874314], [71.72127830744796, 33.9588818822931], [71.69768312047967, 33.96726893721171], [71.70375045511946, 34.00863297053519], [71.70037971335313, 34.04662540773643], [71.70037971335313, 34.04798678526197], [71.70037971335313, 34.058354927937614], [71.67678452638484, 34.0756669681561], [71.66464985890394, 34.07845890085764], [71.60195407661939, 34.085159164863626], [71.59184185401841, 34.09074231440633], [71.59251600201196, 34.10246572731154], [71.57026911103071, 34.10916409194931], [71.55948274043618, 34.12311731361319], [71.54734807295523, 34.13204616779643], [71.52375288598694, 34.13483624159932], [71.49880940213228, 34.135394244848555], [71.48053844269504, 34.13937380965365], [71.48022045770801, 34.135821054997734], [71.4626302257044, 34.13045682022613], [71.45244640717601, 34.119727328153715], [71.44781739965333, 34.107463384927314], [71.43300457270294, 34.10133074691652], [71.42467235754333, 34.0944309970929], [71.41541434159865, 34.0775625753526], [71.41307478677203, 34.07304074273617]]]}}, {"type": "Feature", "properties": {"name": "Nowshera"}, "geometry": {"type": "Polygon", "coordinates": [[[72.27557503324464, 33.89381867519521], [72.25203044215124, 33.89870455876843], [72.22075891918882, 33.90826681266333], [72.21088370122192, 33.924656750108966], [72.21088370122192, 33.94377436099802], [72.24050935422338, 33.97926710379386], [72.24544696320686, 34.00928785594982], [72.24709283316776, 34.05157181478745], [72.24050935422338, 34.077477372682665], [72.20594609313775, 34.08429330838953], [72.18223059936275, 34.08429330838953], [72.17961217915882, 34.08429330838953], [72.1631534831468, 34.08020381315549], [72.14834065619641, 34.054299088931884], [72.12529848213927, 34.05157181478745], [72.10225630628355, 34.05293546310122], [72.07263065328209, 34.05838983512285], [72.05123434828658, 34.07338754829675], [72.02490043430765, 34.08020381315549], [72.01502521724007, 34.10064931531372], [72.00021239028962, 34.103375009349236], [71.96729499826563, 34.10610061525125], [71.92121064925215, 34.10610061525125], [71.90729925775457, 34.10829457073788], [71.90317191814955, 34.074968971041244], [71.89579842165989, 34.05140817594662], [71.88421149976097, 34.04704434791836], [71.8768380032713, 34.03133270434091], [71.87262457786204, 34.0103793190504], [71.84629066388311, 33.997280827448265], [71.82311681918594, 34.00077395615318], [71.81574332359554, 34.011252479818154], [71.81468996656878, 34.02172971115732], [71.80520975872344, 34.02871381379151], [71.79467619205269, 34.02871381379151], [71.78789520939642, 34.04475324766429], [71.77637412236788, 34.05293546310122], [71.71876868542654, 34.05157181478745], [71.70037971335313, 34.04798678526197], [71.70037971335313, 34.04662540773643], [71.70375045511946, 34.00863297053519], [71.69768312047967, 33.96726893721171], [71.72127830744796, 33.9588818822931], [71.73880616067584, 33.93203774874314], [71.75363742103019, 33.92364722154207], [71.75991542635592, 33.89733843552045], [71.75991542635592, 33.87547748050139], [71.74839433842806, 33.859078087583725], [71.72699803343255, 33.85224407730237], [71.70889346835895, 33.83584022284805], [71.71383107644306, 33.81806582677655], [71.7302897733544, 33.79344902615168], [71.7467484684671, 33.77976996551155], [71.75239968140022, 33.76097884629678], [71.75425774909593, 33.76104320987628], [71.77184798109948, 33.75796444740138], [71.78203179962793, 33.746418103812516], [71.79962203073217, 33.736410014610556], [71.81813806352085, 33.736410014610556], [71.8422089073153, 33.73333036720271], [71.84961531989114, 33.71716040752682], [71.84868951910607, 33.70021718197739], [71.83572829552446, 33.671714221034506], [71.82647027868046, 33.66400909594307], [71.81165745262939, 33.657073893945096], [71.80899629933981, 33.63935148318444], [71.83259702882987, 33.63935148318444], [71.8599842989363, 33.643736184477405], [71.8747312910163, 33.65425855548801], [71.90949205671308, 33.663026215187756], [71.92002562248456, 33.67354622727663], [71.92845247510172, 33.68669443340144], [71.95583974610747, 33.689323832528885], [71.98954715567675, 33.687570909070246], [72.01798778281, 33.69545878629401], [72.02343041303648, 33.69545878629401], [72.0402098048387, 33.70418362927114], [72.06663284163238, 33.72707816522518], [72.08645012057667, 33.736234269096315], [72.19544515027354, 33.737149826603286], [72.20755570872905, 33.74355845036223], [72.21526242831845, 33.752712796058745], [72.22627202683265, 33.75637426076355], [72.23618066630479, 33.77101855566184], [72.2372816262461, 33.79389525716044], [72.23618066630479, 33.837801388823095], [72.24058450517083, 33.868887927535866], [72.25159410458434, 33.87620076205559], [72.26370466303985, 33.88168497717999], [72.27361330251193, 33.88991063886493], [72.27557503324464, 33.89381867519521]]]}}, {"type": "Feature", "properties": {"name": "Mardan"}, "geometry": {"type": "Polygon", "coordinates": [[[71.90729925775457, 34.10829457073788], [71.92121064925215, 34.10610061525125], [71.96729499826563, 34.10610061525125], [72.00021239028962, 34.103375009349236], [72.01502521724007, 34.10064931531372], [72.02490043430765, 34.08020381315549], [72.05123434828658, 34.07338754829675], [72.07263065328209, 34.05838983512285], [72.10225630628355, 34.05293546310122], [72.12529848213927, 34.05157181478745], [72.14834065619641, 34.054299088931884], [72.1631534831468, 34.08020381315549], [72.17961217915882, 34.08429330838953], [72.18223059936275, 34.08429330838953], [72.18125804911972, 34.10201217312334], [72.18757818768324, 34.122942912585415], [72.20759196309865, 34.13515011848324], [72.21180538850791, 34.14648380208587], [72.21180538850791, 34.16478885032524], [72.21691206104282, 34.19824649118266], [72.21691206104282, 34.212519496477626], [72.24711390068603, 34.22179565444594], [72.29155375030541, 34.22464965116052], [72.29802557302185, 34.23249764345155], [72.30061430120907, 34.24819143458711], [72.29923398306192, 34.26931296342258], [72.31608768829625, 34.274535763614665], [72.3234611838866, 34.279758240050796], [72.32978132334944, 34.29020221985661], [72.3329413926312, 34.31021622010252], [72.34663502768444, 34.31804648585671], [72.35506188120092, 34.31804648585671], [72.3898226468977, 34.338053849105904], [72.40983642141379, 34.339793394249796], [72.42353005736629, 34.35544767726856], [72.42435030921945, 34.36052599417934], [72.42563676962129, 34.368490679801084], [72.41404984772237, 34.38413960375976], [72.39508942933378, 34.39196296901588], [72.35611523732842, 34.39891645692899], [72.3382081759666, 34.41455969447435], [72.31503433126943, 34.418035572383815], [72.29607391378016, 34.41282170156035], [72.272900069083, 34.403262094370234], [72.24551279807724, 34.4197734564799], [72.22865909374224, 34.4197734564799], [72.22655238058798, 34.43888780372919], [72.21496545868905, 34.447574697114646], [72.19811175345473, 34.45452356251246], [72.19284497101864, 34.48318151891203], [72.18776449033902, 34.48684571215995], [72.18711471127494, 34.48620305752513], [72.1682385611607, 34.48564737992268], [72.14531752308528, 34.482313240563656], [72.12509307788332, 34.471754252756625], [72.1122842615095, 34.462305604819846], [72.09273396340177, 34.45452356251246], [72.07116122131339, 34.45452356251246], [72.05093677521205, 34.466196354378326], [72.04116162660785, 34.47015639490178], [71.99902736442141, 34.46841955851585], [71.98869130236176, 34.444751556139465], [71.9689408673272, 34.43796476746013], [71.96400325834378, 34.41624334045787], [71.95741978119798, 34.39994856657313], [71.93931521432575, 34.39315814103543], [71.91298130034681, 34.3768588705405], [71.89158499535131, 34.36599092783911], [71.84318853162551, 34.32168119483134], [71.84629066388311, 34.32065641196391], [71.84945073316487, 34.30412550668683], [71.83786381126595, 34.29368325807593], [71.82417017531338, 34.27192440398812], [71.81995674990412, 34.24928922172023], [71.85050408929231, 34.23100251155671], [71.86103765596312, 34.21096965432616], [71.87789136029812, 34.199644627597536], [71.87999807345238, 34.184832681982755], [71.90106520499529, 34.17088965053699], [71.90843870058563, 34.149099052179565], [71.90738534445813, 34.108989662143244], [71.90729925775457, 34.10829457073788]]]}}, {"type": "Feature", "properties": {"name": "Swabi"}, "geometry": {"type": "Polygon", "coordinates": [[[72.54139384315141, 34.00306791894934], [72.54913229262127, 34.015897545635255], [72.56328940498213, 34.02260275591249], [72.585536295064, 34.02260275591249], [72.60441244517824, 34.025396436896074], [72.61047977891872, 34.03098352277141], [72.61182807490582, 34.03545292761055], [72.62396274238671, 34.04383242552609], [72.63879400274107, 34.04662540773643], [72.64149059471521, 34.05667938214782], [72.64958037423492, 34.06784906538212], [72.66306333770291, 34.073991764108655], [72.67587215407673, 34.09576683297303], [72.6880068206583, 34.09855810287422], [72.69677074727224, 34.10358215829001], [72.6981190441586, 34.11251307461873], [72.70620882187967, 34.12032685400118], [72.71969178624698, 34.12311731361319], [72.72980400884796, 34.14097407859089], [72.75137675183566, 34.1482273114413], [72.76014067755028, 34.16273190925028], [72.75474749270268, 34.18615715043222], [72.73250060172143, 34.20232792579321], [72.72980400884796, 34.22852914750223], [72.73047815684151, 34.249149908641414], [72.72643326798101, 34.279236007335896], [72.70688296987322, 34.30485641539133], [72.70216393301916, 34.31655009131373], [72.70091557599312, 34.316343873359074], [72.67519800518386, 34.31209554957002], [72.65497355908252, 34.300958161889696], [72.64620963336796, 34.29037627554476], [72.63879400274107, 34.27756483944586], [72.62328859349384, 34.27032273030983], [72.61182807490582, 34.268094263339606], [72.59497436967149, 34.261965674076635], [72.59092948081093, 34.23521751617551], [72.56328940498213, 34.213478377025524], [72.55789621833588, 34.20288548297873], [72.54441325576721, 34.197309741151685], [72.51744732703258, 34.174445342378704], [72.46958280510245, 34.17388759633553], [72.44733591502052, 34.17556082277383], [72.42913391379915, 34.18281108516351], [72.41969583919166, 34.199540082309], [72.41497680143829, 34.21738068736886], [72.41632509742539, 34.23075866218255], [72.4223924311658, 34.24859265812472], [72.43048220978619, 34.25249333979582], [72.44194272927359, 34.261965674076635], [72.44598761813415, 34.29260415255965], [72.46284132336842, 34.30151506616744], [72.47160524998236, 34.32100439653573], [72.46958280510245, 34.34160248216887], [72.45879643450792, 34.35885644416959], [72.44126858128004, 34.36052599417934], [72.42435030921945, 34.36052599417934], [72.42353005736629, 34.35544767726856], [72.40983642141379, 34.339793394249796], [72.3898226468977, 34.338053849105904], [72.35506188120092, 34.31804648585671], [72.34663502768444, 34.31804648585671], [72.3329413926312, 34.31021622010252], [72.32978132334944, 34.29020221985661], [72.3234611838866, 34.279758240050796], [72.31608768829625, 34.274535763614665], [72.29923398306192, 34.26931296342258], [72.30061430120907, 34.24819143458711], [72.29802557302185, 34.23249764345155], [72.29155375030541, 34.22464965116052], [72.24711390068603, 34.22179565444594], [72.21691206104282, 34.212519496477626], [72.21691206104282, 34.19824649118266], [72.21180538850791, 34.16478885032524], [72.21180538850791, 34.14648380208587], [72.20759196309865, 34.13515011848324], [72.18757818768324, 34.122942912585415], [72.18125804911972, 34.10201217312334], [72.18223059936275, 34.08429330838953], [72.20594609313775, 34.08429330838953], [72.24050935422338, 34.077477372682665], [72.24709283316776, 34.05157181478745], [72.24544696320686, 34.00928785594982], [72.24050935422338, 33.97926710379386], [72.21088370122192, 33.94377436099802], [72.21088370122192, 33.924656750108966], [72.22075891918882, 33.90826681266333], [72.25203044215124, 33.89870455876843], [72.27557503324464, 33.89381867519521], [72.27911810221872, 33.90087695390832], [72.31544977848455, 33.91732378246667], [72.32866129688142, 33.931027048359624], [72.3704977737533, 33.937421151664864], [72.38591121203285, 33.95386092594106], [72.39141601173958, 33.96847139194125], [72.40352657019514, 33.97760166008857], [72.420040968416, 33.983079349732236], [72.4387572865196, 33.9958592538016], [72.45086784587443, 34.00133576623267], [72.46738224409535, 34.004073890697555], [72.4971081616124, 34.00498657846788], [72.54004559752639, 34.004073890697555], [72.54139384315141, 34.00306791894934]]]}}, {"type": "Feature", "properties": {"name": "Haripur"}, "geometry": {"type": "Polygon", "coordinates": [[[72.73216502599519, 34.37982187318096], [72.73216502599519, 34.373913343526056], [72.72832987162633, 34.35998432171914], [72.70915410068125, 34.344153076403416], [72.70091557599312, 34.33129742693478], [72.70091557599312, 34.316343873359074], [72.70216393301916, 34.31655009131373], [72.70688296987322, 34.30485641539133], [72.72643326798101, 34.279236007335896], [72.73047815684151, 34.249149908641414], [72.72980400884796, 34.22852914750223], [72.73250060172143, 34.20232792579321], [72.75474749270268, 34.18615715043222], [72.76014067755028, 34.16273190925028], [72.75137675183566, 34.1482273114413], [72.72980400884796, 34.14097407859089], [72.71969178624698, 34.12311731361319], [72.70620882187967, 34.12032685400118], [72.6981190441586, 34.11251307461873], [72.69677074727224, 34.10358215829001], [72.6880068206583, 34.09855810287422], [72.67587215407673, 34.09576683297303], [72.66306333770291, 34.073991764108655], [72.64958037423492, 34.06784906538212], [72.64149059471521, 34.05667938214782], [72.63879400274107, 34.04662540773643], [72.62396274238671, 34.04383242552609], [72.61182807490582, 34.03545292761055], [72.61047977891872, 34.03098352277141], [72.60441244517824, 34.025396436896074], [72.585536295064, 34.02260275591249], [72.56328940498213, 34.02260275591249], [72.54913229262127, 34.015897545635255], [72.54139384315141, 34.00306791894934], [72.55105519604052, 33.9958592538016], [72.55655999574725, 33.9675583120665], [72.56316575539535, 33.961166473254195], [72.57637727379222, 33.95751377783864], [72.59179071207177, 33.95751377783864], [72.6160118298821, 33.94198807359078], [72.62481950941287, 33.9282865712683], [72.62481950941287, 33.91915101151005], [72.61380990999942, 33.90910076478849], [72.61380990999942, 33.897221672042576], [72.6160118298821, 33.8871688397702], [72.62371854947156, 33.88351297064713], [72.64793966728189, 33.879856944142716], [72.66885790526817, 33.882598978859846], [72.69087710319582, 33.89265234982611], [72.70188670170995, 33.92006461209223], [72.72830973940302, 33.937421151664864], [72.73931933881647, 33.941074709530255], [72.75142989727198, 33.929200072925084], [72.75363181715471, 33.914582864707484], [72.76243949668549, 33.90270453638527], [72.79216541330322, 33.90087695390832], [72.80427597265805, 33.89173845606496], [72.80867981152414, 33.8844269525419], [72.81088173140682, 33.87254442348643], [72.82739612962774, 33.85334607236342], [72.83069900855247, 33.84054477342261], [72.83021733975846, 33.809505096582996], [72.83021733975846, 33.80304674481147], [72.83021733975846, 33.7894919668808], [72.83537808852805, 33.768044136128026], [72.86290208616242, 33.73800815215458], [72.88526533412795, 33.7322858199347], [72.90074758313449, 33.736577605072455], [72.94719432835564, 33.76661408906898], [72.96611707594235, 33.77376408244652], [73.00568282220456, 33.78234328651354], [73.04696881865613, 33.78234328651354], [73.06417131785207, 33.7894919668808], [73.08997506439778, 33.805216962692725], [73.11921931222156, 33.81093442688234], [73.14846355914597, 33.81093442688234], [73.14854294679964, 33.810981539666386], [73.16050530867312, 33.81808071954964], [73.17942805625984, 33.836658286650675], [73.18458880592868, 33.85523181579572], [73.18901258720939, 33.86053772272507], [73.18701431166119, 33.87547085249787], [73.18241212731789, 33.890116642968735], [73.17934400382279, 33.935311694679], [73.16707151074166, 33.94740208044169], [73.15940120200395, 33.94740208044169], [73.14329355455396, 33.951219740298825], [73.10801013525958, 33.95376475064279], [73.09190248780965, 33.962671691045784], [73.08960139608763, 33.97348600627424], [73.09343655045649, 33.9868429693276], [73.10417498179004, 33.99511051333957], [73.12411778360888, 34.00274137871173], [73.12795293797774, 34.02054406385753], [73.12565184445714, 34.03516490623548], [73.12049739813648, 34.04658012507275], [73.110679403132, 34.04861385554506], [73.10331590710348, 34.05512146678234], [73.10331590710348, 34.06325527710942], [73.08417081832869, 34.071794937986056], [73.05962583036785, 34.07992714841919], [73.05471683331524, 34.09049785439254], [73.06060763013807, 34.10147372832995], [73.06306212911403, 34.11366747587334], [73.05913493093237, 34.12423396762358], [73.04882603649247, 34.132767478936046], [73.04281251548525, 34.143153833782435], [73.04127845283841, 34.16663904625506], [73.03360814499996, 34.17298528044637], [73.02440377451461, 34.17361987715566], [73.01519940492864, 34.17869648265662], [73.0136653422818, 34.1926555723968], [73.00215988007449, 34.19519334050034], [72.98988738699336, 34.20090303904408], [72.98528520175074, 34.21232127690547], [72.97838192478605, 34.216127011752235], [72.96994458607384, 34.216127011752235], [72.95690506121963, 34.225640599733936], [72.95537099947211, 34.24086010281155], [72.94400101653372, 34.264668335575266], [72.9438655372648, 34.264952024016736], [72.91165024146551, 34.26875538105605], [72.90474696450087, 34.27129085678769], [72.9032129027533, 34.28460085004923], [72.89170744054599, 34.29157190981584], [72.8825030700607, 34.29220561349831], [72.87559979219668, 34.298542391318335], [72.87023057697962, 34.31374870763682], [72.86332729911561, 34.316916342914965], [72.8502877742614, 34.320083859482565], [72.84952074428696, 34.33465289461543], [72.83954934292791, 34.33908644708191], [72.82574278809926, 34.33971979283422], [72.82267466460416, 34.35871793148738], [72.81730544848773, 34.37074786032554], [72.80733404802794, 34.38404208667299], [72.7628462600469, 34.3878400495787], [72.73983533473296, 34.38404208667299], [72.73216502599519, 34.37982187318096]]]}}]}