,Date,Indus-Tarbela-Water-Level,Indus-Tarbela-Inflow,Indus-Tarbela-Outflow,Kabul-Nowshera-Inflow,Jehlum-Mangla-Water-Level,Jehlum-Mangla-Inflow,Jehlum-Mangla-Outflow,Chenab-Marala-Inflow,Total-Inflows-Current-Year,Total-Inflows-Last-year,Average-Inflows-Last-10-Years
0,30-Sep,1550,65.7,64.9,18.6,1189.7,14.1,24,26,124.4,136.3,122.4
1,29-Sep,1550,72.7,71.9,19.3,1190.05,13.4,24,26.7,132.1,133.8,127.2
2,28-Sep,1550,72.6,71.8,20,1190.4,10.4,24,33.6,136.6,137.5,128.3
3,27-Sep,1550,75.3,74.5,20.6,1190.85,20,26,45.3,161.2,137.1,130.5
4,26-Sep,1550,79.1,78.3,20.7,1191.05,20,26,25.6,145.4,145,136.1
5,25-Sep,1550,80.1,79.3,21.1,1191.25,12.4,26,24.7,138.3,156.5,143
6,24-Sep,1550,85.7,84.9,21.4,1191.7,10.9,26,31.2,149.2,168.2,158.2
7,23-Sep,1550,89.3,88.5,22.8,1192.2,14.9,24,30.8,157.8,176.6,161.5
8,22-Sep,1550,88.1,87.3,23.9,1192.5,14.4,22,31.6,158,177.3,143.5
9,21-Sep,1550,87.9,87.1,25.2,1192.75,14,20,30.4,157.5,173.6,147.9
10,20-Sep,1550,94.8,94,26.5,1192.95,16.5,18,34,171.8,164.5,154.7
11,19-Sep,1550,103.9,103.1,27.9,1193,18,18,34.4,184.2,162.3,168.8
12,18-Sep,1550,105.2,104.4,28.5,1193,16.5,18,36.4,186.6,158.1,168.9
13,17-Sep,1550,104.9,104.1,30.8,1193.05,18,18,42,195.7,162,174.3
14,16-Sep,1550,105.8,105,34,1193.05,18,15,38.3,196.1,170.5,184.6
15,15-Sep,1550,110.7,109.9,37.7,1192.95,19.5,15,42,209.9,191.9,198.3
16,14-Sep,1550,150.2,149.4,38.4,1192.8,21.1,15,42,251.7,223.7,202.2
17,13-Sep,1550,156.6,155.8,40,1192.6,24.1,15,52.6,273.3,272.4,212.8
18,12-Sep,1550,162.5,161.7,40.3,1192.3,30.1,15,52.6,285.5,258,212.4
19,11-Sep,1550,165.4,164.6,40.7,1191.8,27.1,15,63.4,296.6,229,211.4
20,10-Sep,1550,156.9,156.1,42.1,1191.4,18,15,45.9,262.9,209.3,224.6
21,9-Sep,1550,161.5,160.7,43.9,1191.3,24.1,15,42.1,271.6,217.4,235.5
22,8-Sep,1550,155.8,155,45.9,1191,25.1,10,42,268.8,172.8,238.8
23,7-Sep,1550,163.7,162.9,50.4,1190.5,23.6,10,47.3,285,155.8,308.7
24,6-Sep,1550,155.9,155.1,52.6,1190.05,33.9,10,63.3,305.7,150.2,299.9
25,5-Sep,1550,163.7,162.9,53.7,1189.2,28.2,10,68.8,314.4,156.8,310.9
26,4-Sep,1550,176,175.2,61.9,1188.55,25.4,10,52.7,316,171.3,263.9
27,3-Sep,1550,170.3,169.5,73.9,1188,25.4,10,47.1,316.7,181.1,263.4
28,2-Sep,1550,168.9,168.9,75.3,1187.45,28.2,10,52.1,324.5,203.8,265.8
29,1-Sep,1550,187.8,187.8,92,1186.8,28.2,10,51.7,359.7,210.7,258.8
30,31-Aug,1550,202.3,202.3,161.3,1186.15,33.8,10,61.4,458.8,237,262.5
31,30-Aug,1550,247.6,247.6,258.3,1185.3,38,10,54.9,598.8,267.7,275.5
32,29-Aug,1550,264.7,264.7,318.5,1184.3,39.4,10,60.3,682.9,288.6,301
33,28-Aug,1550,311.2,290.1,300,1183.25,53.4,10,60.3,724.9,283.9,320.5
34,27-Aug,1549.27,353.8,374.9,185,1181.7,49.2,10,65.6,653.6,265.2,307
0,26-Aug,1550,261.6,261,99.5,1180.3,36.4,10,71,468.5,245.2,302.4
1,25-Aug,1550,203,203,71.3,1179.3,31.9,10,88.4,394.6,224.5,298.8
2,24-Aug,1550,224.7,224.7,81.9,1178.45,25.4,10,60.3,392.3,218.9,302.2
3,23-Aug,1550,256.3,256.3,100.8,1177.65,28,10,65.7,450.8,218.4,312.7
4,22-Aug,1550,257.8,257.8,98.8,1177.15,35.7,10,68.2,460.5,222.3,314.9
5,21-Aug,1550,267.3,267.3,58.8,1176.15,29.3,10,111.5,466.9,221.5,316.1
6,20-Aug,1550,262.3,239.2,69.4,1175.4,26.7,10,76.1,434.5,213.3,326.6
7,19-Aug,1549.2,295.5,281.1,79.3,1174.75,31.9,10,71.9,478.6,211,327.1
8,18-Aug,1548.7,294.1,279.7,65,1173.9,35.7,10,94.4,489.2,224.2,346.6
9,17-Aug,1548.2,268.2,239,57.3,1172.9,34.4,10,105.5,465.4,261.3,368.8
10,16-Aug,1547.2,284.3,269.3,47.3,1171.95,44.7,10,155.9,532.2,302.4,407.8
11,15-Aug,1546.7,244.8,215.5,45.5,1170.6,37.2,10,89.8,417.3,297.7,428.7
12,14-Aug,1545.7,233.7,204.4,53.2,1169.5,31.2,10,61.1,379.2,298,420.2
13,13-Aug,1544.7,240.6,225.7,44.7,1168.6,28.8,10,114.5,428.6,283.8,404
14,12-Aug,1544.2,224.2,209.3,42.2,1167.8,35.9,10,141.8,444.1,280.9,410.3
15,11-Aug,1543.7,209,179.7,46,1166.7,30,10,88.2,373.2,295,423.3
16,10-Aug,1542.7,186.8,157.5,43.2,1165.85,32.3,10,74.8,337.1,301,430.9
17,9-Aug,1541.7,178.6,157.9,36.7,1164.9,40.6,10,91.8,347.7,306.8,424.6
18,8-Aug,1541,174.6,154.2,39.5,1163.6,35.9,10,64,314,331.4,441.7
19,7-Aug,1540.31,165.1,136.8,41.5,1162.5,38.2,10,58.7,303.5,368.6,430.9
20,6-Aug,1539.31,163.5,114.9,43.3,1161.3,42.7,10,65,314.5,397.7,435.8
21,5-Aug,1537.56,165.5,122,49,1159.9,35.5,10,63.1,313.1,427.7,452.8
22,4-Aug,1536,200.5,145.2,55,1158.7,36.6,10,48.2,340.3,476.2,456.8
23,3-Aug,1534,228,172.7,65.5,1157.45,45.1,10,53.4,392,522.2,475.4
24,2-Aug,1532,270,242.4,74,1155.8,63.2,10,72.4,479.6,536.4,476.3
25,1-Aug,1531,297,243,82.5,1153.3,54.7,10,94.2,528.4,585.2,458.8
26,31-Jul,1529,310.6,257.9,103.4,1151.2,48.7,10,94.3,557,577.7,456.5
27,30-Jul,1527,323.6,244.5,84.5,1149.3,60,10,97.5,565.6,555.4,450.3
28,29-Jul,1524,298.2,219.1,65.9,1146.65,73.2,10,118.8,556.1,641.1,464.2
29,28-Jul,1521,282,202,64.8,1143.3,44.9,10,95.3,487,463.4,451.8
30,27-Jul,1517.89,250.6,164.2,65.3,1141.45,44.1,10,74.5,434.5,412.9,451.4
31,26-Jul,1514.49,244.1,161.3,86.6,1139.6,35.1,10,104.4,470.2,352.6,428.8
32,25-Jul,1511.23,240.4,140,66,1138.1,35.1,10,85.7,427.2,332.4,425.2
33,24-Jul,1507.19,221.9,140,54.6,1136.6,30.1,10,94.7,401.3,348.7,421.5
34,23-Jul,1503.86,212.7,150,53.5,1135.4,34.7,10,74.7,375.6,424.9,416.3
35,22-Jul,1501.31,201.5,163.1,50.4,1134.1,41,10,94.6,387.5,490.9,424
36,21-Jul,1499.73,178.3,161.6,48,1132.25,36.7,15,93.7,356.7,531.8,436.2
37,20-Jul,1499,161.6,157.2,44.9,1130.95,25.9,15,61,293.4,454.3,434.9
38,19-Jul,1498.81,149.3,155,43.1,1130.3,28.6,15,54.4,275.4,399.2,436.4
39,18-Jul,1499.06,152.5,144.7,50.2,1129.4,25,15,52.9,280.6,349.9,442.1
40,17-Jul,1498.72,165.4,120,59.6,1128.7,27.8,15,63.6,316.4,331.8,432.7
41,16-Jul,1496.74,189.7,120,59.6,1127.8,30.7,15,68.7,348.7,356.3,414.7
42,15-Jul,1493.7,208.8,120,68.3,1126.7,31.4,15,68.9,377.4,422.4,414.8
43,14-Jul,1489.82,212.8,130,59.9,1125.55,37.6,15,71.4,381.7,432.7,423.2
44,13-Jul,1486,231.7,145,67.8,1124.15,33.5,15,70.6,403.6,415.4,419.2
45,12-Jul,1482,265.3,157.7,68.7,1123.25,34.8,15,81.7,450.5,355.8,406.1
46,11-Jul,1477,283.4,160,67,1122.35,42.9,15,87,480.3,333.1,406.1
47,10-Jul,1471.24,278.4,160,64.5,1120.7,37.5,15,87,467.4,299.4,391.8
48,9-Jul,1465.58,293.9,160,64.6,1118.8,38.7,15,82,479.2,270.6,377.4
49,8-Jul,1459.08,293.1,160,64.8,1117.35,35.2,15,64.3,457.4,263,374.4
50,7-Jul,1452.3,278.2,170,60,1115.75,38.7,15,86,462.9,261.2,378.7
51,6-Jul,1445.3,258.2,150,50.3,1113.7,45.7,15,90.8,445,264.2,386.1
52,5-Jul,1437.1,247.7,142.6,47.3,1110.75,40.9,15,79.4,415.3,272.6,383.4
53,4-Jul,1428.82,234.8,140,45.2,1107.75,39.4,15,89.3,408.7,284.2,370.2
54,3-Jul,1420.82,211.7,128.2,40.6,1104.7,44.8,20,71.4,368.5,296.5,356.2
55,2-Jul,1412.8,180.8,120,35.1,1101.6,45.3,25,70,331.2,292.1,351.8
56,1-Jul,1405.84,148.5,120,32.9,1098.8,42.8,40,73.2,297.4,266.5,353.2
57,30-Jun,1399.48,115.7,110,29,1098.35,42.5,40,48.4,235.6,246.5,353.7
58,29-Jun,1398,88.8,88,26.5,1097.95,48,46.5,43.4,206.7,223.1,345.2
59,28-Jun,1398,74.3,73.5,27.5,1097.7,45.8,42.3,32.7,180.3,227.7,342.3
60,27-Jun,1398,70.2,69.4,27.9,1097.15,45.6,40,32.7,176.4,235.8,346.6
61,26-Jun,1398,68,67.2,26.7,1096.25,40.9,35,27.2,162.8,237.5,346
62,25-Jun,1398,70.7,69.9,34.4,1095.3,40.6,25,27.2,172.9,234.3,341.3
63,24-Jun,1398,79.2,78.4,44.2,1092.8,53.1,25,32.3,208.8,230.3,334.7
64,23-Jun,1398,86.5,85.7,33.3,1087.55,64.2,29.6,74.9,258.9,221.2,336
65,22-Jun,1398,88.5,101.9,27.8,1079.7,31,29.2,27,174.3,225.2,339.5
66,21-Jun,1401.98,106.5,110,28.1,1079.15,29.7,29.2,31.3,195.6,224.2,331.1
67,20-Jun,1403.09,109.6,110,28.5,1079,35.3,27.4,35.5,208.9,231.2,328.3
68,19-Jun,1403.41,116.1,110,27.8,1076.4,33.4,25.5,39.7,217,258.2,330.3
69,18-Jun,1402.05,117.2,101.9,22.6,1073.8,28.1,26,35.5,203.4,284.9,337.3
70,17-Jun,1398,93.6,92.8,20.6,1073.1,28.4,19.2,35.5,178.1,325,348.5
71,16-Jun,1398,90.1,89.3,21.3,1070,23.1,23.1,31.3,165.8,363.4,354.6
72,15-Jun,1398,86.3,85.5,20.1,1070,19.3,19.3,27.1,152.8,395.2,348.7
73,14-Jun,1398,87.6,86.8,21,1070,21.6,21.6,26.9,157.1,432.1,354.1
74,13-Jun,1398,89.4,88.6,21.3,1070,21.3,23.7,26.8,158.8,449.8,363.6
75,12-Jun,1398,85.9,85.1,21,1070.8,23.5,27,26.8,157.2,429,355.4
76,11-Jun,1398,85.1,84.3,16.5,1072,32.9,27,31,165.5,416.6,346.9
77,10-Jun,1398,79.3,78.5,20.1,1070,24.4,24.3,30.6,154.4,380.3,332.5
78,9-Jun,1398,71.5,70.7,20.8,1070,25.2,25.4,30.6,148.1,358.9,322.6
79,8-Jun,1398,66.6,65.8,21.5,1070,24.2,24.3,22.2,134.5,337.5,317.5
80,7-Jun,1398,65.3,64.5,21.5,1070,23.1,23.2,22.1,132,319.8,308.7
81,6-Jun,1398,59.8,59,21.7,1070,24.3,24.4,26.3,132.1,297.4,300.2
82,5-Jun,1398,62.3,61.5,19.2,1070,24.5,25.2,17.9,123.9,285.8,288
83,4-Jun,1398,64.4,63.6,19.8,1070.2,24.1,23.7,22.1,130.4,269.1,274.5
84,3-Jun,1398,72.1,71.3,22.4,1070,27.8,29.5,22.1,144.4,260.6,262.9
85,2-Jun,1398,73.7,72.9,25.2,1070.55,30.8,31.8,22.1,151.8,264.2,260.9
86,1-Jun,1398,79.6,78.8,26.1,1070.85,27.3,35,30.5,163.5,257.4,255.6
87,31-May,1398,84.3,83.5,27.5,1073.4,27.9,35,22.1,161.8,233,246.8
88,30-May,1398,80.1,79.3,28.1,1075.75,36.5,33.5,30.5,175.2,209.9,236.5
89,29-May,1398,75.5,74.7,28.5,1074.7,31.1,33.7,22.1,157.2,171.3,233.2
90,28-May,1398,65.8,65,23.2,1075.55,26.8,33.8,17.9,133.7,148.7,235.9
91,27-May,1398,55,54.2,18.5,1077.85,29.3,31.5,15,117.8,144,237.9
92,26-May,1398,56.3,55.5,22.1,1078.55,26,32.2,18.8,123.2,152.4,238.9
93,25-May,1398,60.9,60.1,24.2,1080.4,22.4,33.9,23,130.5,171.6,236.6
94,24-May,1398,66.3,65.5,27.1,1083,27.3,34.1,23,143.7,189.3,231
95,23-May,1398,68.9,78,29.6,1084.55,32,34.1,27.2,157.7,174.8,223.3
96,22-May,1400.86,82.8,95,28.7,1085,36.1,33.8,31.4,179,177.5,218
97,21-May,1404.2,80.3,95,28.6,1084.45,31.1,34.1,23,163,172.5,216.5
98,20-May,1406.57,77.9,95,29.4,1085.1,29.5,34.2,25.3,162.1,169.4,215.3
99,19-May,1408.85,80.2,105,29.9,1086.15,32.2,33.9,24.9,167.2,168.3,214.7
100,18-May,1411.7,86.2,100,31.6,1086.5,34.1,33.5,28.2,180.1,167.7,209.3
101,17-May,1413.2,89.8,100,32.3,1086.35,35.6,32.3,30.4,188.1,175.6,205.9
102,16-May,1414.33,95.7,90,34.9,1085.55,34.5,34,36.6,201.7,191.8,214.3
103,15-May,1413.83,97.9,90,35.7,1085.4,35.9,33.4,36.6,206.1,195.9,217.3
104,14-May,1413.1,98.4,90,36.5,1084.8,38,33.5,27,199.9,199.6,224.7
105,13-May,1412.32,95,85,36.9,1083.75,39.3,34.5,34.4,205.6,201.4,220.1
106,12-May,1411.37,90.6,85,37.1,1082.65,36.4,33.2,27,191.1,205.5,203.6
107,11-May,1410.88,83.1,75,34,1081.9,38.2,33.3,27,182.3,188.6,194.3
108,10-May,1409.95,75.7,72,32.3,1080.8,36.3,32.2,15.3,159.6,178.6,186.5
109,9-May,1409.58,68.7,60,30.5,1079.8,30.1,33.3,18.7,148,174.3,180.7
110,8-May,1408.58,60.8,60,33.4,1080.6,30.6,32.3,22.1,146.9,193.1,172.9
111,7-May,1408.58,62.4,51,44,1081,30.9,33.3,22,159.3,203.1,164.8
112,6-May,1407.23,71.7,53.6,52.7,1081.55,36.5,33.4,25.4,186.3,197.2,164.6
113,5-May,1405.05,66.8,53.6,39.9,1080.85,39.6,33.5,28.7,175,167.7,162.5
114,4-May,1401.85,66.1,52.9,31.5,1079.25,38.5,33.7,21.7,157.8,157.6,162.3
115,3-May,1398.4,58.5,48.9,28.7,1077.65,32.2,33.7,18.2,137.6,145.5,158.4
116,2-May,1395,53,40,21.8,1078.15,35.8,32.3,18.2,128.8,137.6,159.5
117,1-May,1392,42.1,41.3,23,1077,36,28,21.7,122.8,128.5,157.9
118,30-Apr,1392,36.5,35.7,16.7,1074.3,31.5,28,12.3,97,121.3,154.9
119,29-Apr,1392,33.9,33.1,15.1,1073.1,24.3,28,14.7,88,116.8,155.3
120,28-Apr,1392,31.2,30.4,14.1,1074.3,20,28,12.3,77.6,110.2,159
121,27-Apr,1392,30.5,29.7,15,1076.95,20.9,28,14.7,81.1,86.1,156.5
122,26-Apr,1392,30.5,29.7,16.5,1079.3,25.8,28,11.9,84.7,90.6,151.2
123,25-Apr,1392,32.3,31.5,14.8,1080,28.8,28,11.9,87.8,104.8,153.5
124,24-Apr,1392,36.1,35.3,17.8,1079.7,29.1,28,14.4,97.4,114.1,154.2
125,23-Apr,1392,37.7,36.9,20.5,1079.3,29.2,28,14.4,101.8,103.9,159.6
126,22-Apr,1392,38.4,37.6,22,1078.9,31.1,28,17.5,109,105.5,163.5
127,21-Apr,1392,38.6,37.8,19.4,1077.85,31.7,28,14,103.7,110.6,159.6
128,20-Apr,1392,34.1,33.3,16.6,1076.6,27.9,28,14,92.6,121.5,158.8
129,19-Apr,1392,32.3,31.5,13.1,1076.6,25.8,28,17.5,88.7,129.7,163.4
130,18-Apr,1392,33,32.2,10,1077.3,21.7,32.5,9.1,73.8,116.3,159.8
131,17-Apr,1392,32.2,31.4,10.2,1080.6,21.3,35,14,77.7,89.2,148.3
132,16-Apr,1392,36.9,36.1,15.6,1083.7,29.2,35,17.3,99,80,137.8
133,15-Apr,1392,35.4,34.6,21.1,1085,32.8,30,17.3,106.6,75.5,128.2
134,14-Apr,1392,33.1,32.3,18.4,1084.35,24.9,30,20.7,97.1,72.9,125.2
135,13-Apr,1392,33.4,32.6,15.2,1085.5,28.3,35,20.7,97.6,75.8,125
136,12-Apr,1392,32.9,32.1,13.9,1087,29.4,35,19.1,95.3,80.2,128.2
137,11-Apr,1392,33.9,33.1,14,1088.25,31.1,33,15.9,94.9,76.1,127.4
138,10-Apr,1392,30.3,29.6,14,1088.65,29,34.1,19.1,92.4,89.5,125.8
139,9-Apr,1392,27.5,26.8,12.9,1089.8,27.4,33.9,22.2,90,99.9,130.9
140,8-Apr,1392,25.3,24.6,11.1,1090.9,27.2,35,19.1,82.7,104.9,140.9
141,7-Apr,1392,24,23.3,10.6,1092.15,27.8,35,15.9,78.3,81.1,148.7
142,6-Apr,1392,22.2,21.5,10.1,1093.3,29,35,15.9,77.2,81.5,137.8
143,5-Apr,1392,22.8,22.1,9.2,1094.25,30.9,40,15.9,78.8,85.5,149.5
144,4-Apr,1392,23.7,22.9,7.5,1095.7,31.6,40,19.1,81.9,87.6,162.5
145,3-Apr,1392,21.6,20.8,7.3,1097.05,31.6,40,15.9,76.4,93.6,136.3
146,2-Apr,1392,19.9,19.1,9.6,1098.4,32.8,40,19.1,81.4,108.2,125.3
147,1-Apr,1392,22.7,21.9,10.4,1099.55,33.1,40,15.9,82.1,125.7,119
148,31-Mar,1392,22.2,21.4,7.3,1100.5,33.9,40,19.1,82.5,141.6,125.6
149,30-Mar,1392,22.1,21.3,6.9,1101.2,32.1,40,15.9,77,119.6,134.7
150,29-Mar,1392,21.1,20.3,6.6,1102.1,32.5,33.4,11.3,71.5,96.2,114.9
151,28-Mar,1392,20.7,19.9,5.7,1102.1,32.3,32.3,19.1,77.8,101.3,117.7
152,27-Mar,1392,20.6,20,6.3,1102,30.9,30,19.1,76.9,116,132.2
153,26-Mar,1392,22.4,21.8,9.4,1101.8,32.6,30,15.9,80.3,124.4,113.6
154,25-Mar,1392,22,21.4,10,1101.4,31.2,18,15.9,79.1,182.2,109.5
155,24-Mar,1392,23.1,22.7,10,1099.6,31.8,13,15.9,80.8,164.6,93.8
156,23-Mar,1392,24.2,23.8,11.2,1096.5,33.7,13,15.9,85,88.5,85
157,22-Mar,1392,25.6,25.6,18.7,1093.1,36.6,13,25.4,106.3,65.2,89.4
158,21-Mar,1392,32,32,21.6,1088.9,43.8,15,22.2,119.6,62.3,94.6
159,20-Mar,1392,30.6,30.6,25.3,1082.25,39.4,25,25.4,120.7,61.4,95.3
160,19-Mar,1392,24.3,23.9,12,1078.3,40.8,25,21.1,98.2,63.5,99.9
161,18-Mar,1392,22.8,22,11.9,1072.8,33.3,32,24,92,67.4,89.1
162,17-Mar,1392,21.7,20.9,9,1072.2,34.2,32,21.1,86,71.5,91
163,16-Mar,1392,18.3,17.6,6,1071.3,34.1,30,17.3,75.7,72.3,86.1
164,15-Mar,1392,17.6,16.8,4.5,1069.5,27.7,30,14.4,64.2,71.9,84
165,14-Mar,1392,17.3,16.6,3.9,1070.2,20.1,40,11.2,52.5,75.9,88
166,13-Mar,1392,16.4,15.9,3.9,1076.55,21.7,35.7,11.2,53.2,60.8,89.4
167,12-Mar,1392,15.5,15,5.4,1080.7,20,30.9,14.1,55,45.7,87.1
168,11-Mar,1392,16.3,15.8,4.8,1083,21.9,31,17,60,49.7,73.3
169,10-Mar,1392,18.4,17.9,4.9,1084.9,28.2,31.4,11.1,62.6,45.2,69.8
170,9-Mar,1392,19.4,18.9,4.7,1085.5,39.7,32,13.9,77.7,42.4,74.3
171,8-Mar,1392,17.3,16.8,3.3,1083.55,20.5,32.1,10.3,51.4,43.1,71.5
172,7-Mar,1392,16.9,16.4,3.2,1086,20.1,25.2,16.1,56.3,47.8,71.4
173,6-Mar,1392,16.4,15.9,3.2,1087,19.7,33,15.6,54.9,45.7,72.6
174,5-Mar,1392,15.9,15.4,2.9,1089.8,16.6,32.2,22,57.4,45,72.3
175,4-Mar,1392,15.4,14.9,3.3,1090.2,20.6,36.8,14,53.3,44.8,75.2
176,3-Mar,1392,15.7,15.7,3.4,1094.6,23.1,43.1,13.7,55.9,50.5,72.8
177,2-Mar,1392,16.3,16.3,3.9,1097.6,20.3,45,13.2,53.7,55.6,63.5
178,1-Mar,1392,14.5,14.5,3.7,1101.15,16.1,50,19.1,53.4,69.1,69.3
179,28-Feb,1392,18.2,18.2,4,1105.2,18.1,55,19.1,59.4,65.1,66.4
180,27-Feb,1392,19.6,19.6,4.6,1109.55,16.2,55,24.9,65.3,48.6,67.8
181,26-Feb,1392,17.6,17.6,3.8,1113.3,19.6,50,16.1,57.1,42.8,72.7
182,25-Feb,1392,19,19,3.3,1116.2,15.7,50,21.6,59.6,43.8,64.3
183,24-Feb,1392,18.5,18.5,3.4,1119.2,10.2,60,38.5,70.6,40.8,69
184,23-Feb,1392,16.3,16.3,3.9,1122.85,10.8,60,11.4,42.4,42.8,67.2
185,22-Feb,1392,13.6,24.7,3.9,1126.3,12.2,55,9.1,38.8,40.3,71.3
186,21-Feb,1394.66,11.4,28.1,3.7,1129.3,6.5,55,9.1,30.7,38.7,65.5
187,20-Feb,1398.66,10,31.5,3.7,1132.3,6.5,55,9.5,29.7,40.6,61.5
188,19-Feb,1403.16,10,39,4.1,1135.2,8.2,55,7.7,30,44,55.8
189,18-Feb,1406.96,8.6,59,4.4,1138,8.3,55,11.4,32.7,46.3,56.1
190,17-Feb,1411.01,14.1,59,4.6,1140.7,7.8,55,9.5,36,47.1,58.4
191,16-Feb,1415.31,17.3,59,4.7,1143.2,4.7,50,11.4,38.1,48.3,59.8
192,15-Feb,1419.31,16.8,59,4.9,1145.6,9.8,14.5,11.4,42.9,46,66.1
193,14-Feb,1423.11,18.6,59,4.5,1145.85,7.8,4,9.6,40.5,46.4,59
194,13-Feb,1426.7,21.8,62.8,4.6,1145.65,7.8,4,9.6,43.8,47.8,54.2
195,12-Feb,1430.32,18.2,55.2,4.8,1145.45,7.8,4,7.8,38.6,45.5,52.3
196,11-Feb,1433.35,22,58.8,5.4,1145.25,8.7,4,10.1,46.2,33.6,51.6
197,10-Feb,1436.37,21.7,48.7,6.5,1145,10.7,4,10.1,49,32.5,52.7
198,9-Feb,1438.58,20.4,43,6.8,1144.65,9.7,4,9.5,46.4,33.7,58.5
199,8-Feb,1440.41,20.8,43,6.3,1144.35,9.7,4,10.4,47.2,33.1,70.1
200,7-Feb,1442.15,19.2,35,6.7,1144.05,9.7,4,10.4,46,35.2,57.2
201,6-Feb,1443.39,18.9,35,6.3,1143.75,9.7,4,9,43.9,34.7,73.9
202,5-Feb,1444.65,19.4,35,6.4,1143.45,9,0.5,18.1,52.9,33.8,54.5
203,4-Feb,1445.87,18.1,30,6.7,1143,9.1,0.6,15.6,49.5,35.8,46.5
204,3-Feb,1446.8,18.1,25,7.3,1142.55,9.8,0.3,15.6,50.8,36.3,44.3
205,2-Feb,1447.34,15.5,20,7,1142.05,8.6,0.1,15.6,46.7,39.1,44
206,1-Feb,1447.69,16.6,20,7.6,1141.6,7.8,0.2,15.6,47.6,38.6,43.7
207,31-Jan,1447.96,16,20,7.2,1141.2,7.7,0.1,15.6,46.5,37.9,44.6
208,30-Jan,1448.27,16.6,20,6.7,1140.8,7.7,0.1,15.6,46.6,38.6,44.2
209,29-Jan,1448.54,16.3,20,7,1140.4,8.5,0.1,15.6,47.4,40,43.3
210,28-Jan,1448.83,16.7,20,7.1,1139.95,7.6,0.1,17.4,48.8,39.3,44.5
211,27-Jan,1449.09,15.7,14,7.7,1139.5,8.5,0.1,18.5,50.4,40.1,50.1
212,26-Jan,1448.96,16.3,14,8.3,1139,8.5,0.1,18.5,51.6,40.4,45.2
213,25-Jan,1448.78,14.6,5,8.6,1138.5,11.8,0.1,26.2,61.2,39.4,44.5
214,24-Jan,1448.03,14.6,5,9.9,1137.8,15.2,0.1,31.4,71.1,39.5,45.7
215,23-Jan,1447.28,13.7,5,0,1136.9,11.8,0.1,29.3,54.8,31,48.1
216,22-Jan,1446.6,13.9,5,7,1136.2,10.2,0.1,15.9,47,36,42.9
217,21-Jan,1445.9,13.3,5,7.3,1135.6,10.2,0.1,14.2,45,43,41.4
218,20-Jan,1445.25,13.4,5,7.3,1135,10.2,0.1,13,43.9,41.9,42.2
219,19-Jan,1444.59,13,5,7.1,1134.4,11.8,0.1,13,44.9,43.1,44.4
220,18-Jan,1443.96,12.9,5,7.4,1133.7,11,0.1,15.9,47.2,42.4,43.8
221,17-Jan,1443.34,13.3,5,8.4,1133.05,11.8,0.1,15.9,49.4,43.2,44.1
222,16-Jan,1442.69,13.4,5,8.7,1132.35,11.8,0.1,15.9,49.8,44.1,43.1
223,15-Jan,1442.03,14.3,5,8,1131.65,12.7,0.1,18.5,53.5,42.5,44.4
224,14-Jan,1441.3,14.2,5,7.9,1130.9,12.7,0.1,18.5,53.3,41.9,47.3
225,13-Jan,1440.58,14.5,5,8,1130.15,10.5,0.1,17.4,50.4,51.9,40
226,12-Jan,1439.83,14.5,5,9.2,1129.45,10.1,0.1,16.9,50.7,50.9,40.1
227,11-Jan,1439.05,16.2,5,11.6,1128.75,10.7,1.4,29.4,67.9,52.1,39.8
228,10-Jan,1438.19,16.8,5,12.8,1128.1,16.1,4,29.3,75,51.4,40.2
229,9-Jan,1437.28,20.6,5,9.6,1127.25,51.1,4,85.6,166.9,53.4,41
230,8-Jan,1436.06,21,5,8.5,1123.95,22.5,4,23,75,59.7,40.8
231,7-Jan,1434.81,17.8,5,7.5,1122.65,12.6,4,13.1,51,111.2,40.6
232,6-Jan,1433.82,18.1,5,5.3,1122.05,12.6,4,10.2,46.2,99.1,38.9
233,5-Jan,1432.8,17.5,7,4.4,1121.45,7.6,4,6.3,35.8,47.8,39.1
234,4-Jan,1432,15,7,4.2,1121.2,7.6,4,6.3,33.1,39.7,39
235,3-Jan,1431.4,16.4,10,4.1,1120.95,8.3,4,6.3,35.1,39.6,39.6
236,2-Jan,1430.93,15.2,10,4.6,1120.65,8.3,4,5.9,34,41.6,39.7
237,1-Jan,1430.56,16.9,15,4.2,1120.35,7.6,4,5.9,34.6,40.1,39.5
238,31-Dec,1430.46,16.4,15,4.5,1120.1,7.1,4,5.9,33.9,42.4,41.1
239,30-Dec,1430.4,16.3,15,4.2,1119.85,6.3,4,5.9,32.7,43.3,41.2
240,29-Dec,1430.35,16.9,10,4.2,1119.65,5.7,4,5.9,32.7,41.5,40.3
241,28-Dec,1429.83,17.2,10,4.3,1119.5,5.7,4,5.9,33.1,42,40
242,27-Dec,1429.25,16.3,10,3.8,1119.35,6.3,4,6.2,32.6,41.8,40.7
243,26-Dec,1428.75,16.5,10,3.7,1119.15,5.7,4,6.2,32.1,43.9,39.8
244,25-Dec,1428.23,17.3,15,3.7,1119,6.9,4,6.2,34.1,40,41.8
245,24-Dec,1428.09,18.6,25,3.5,1118.75,7.7,18,6.2,36,38.6,42.2
246,23-Dec,1428.72,19.8,35,3.2,1119.65,7.6,18,5.5,36.1,41.9,41.8
247,22-Dec,1430.12,19.2,35,2.9,1120.45,10.2,18,6.6,38.9,38.8,42.3
248,21-Dec,1431.47,19.7,40,3,1121,3.3,19,5.5,31.5,41.3,42.4
249,20-Dec,1433.19,20.9,40,2.8,1122.1,3.6,20,5.5,32.8,42.4,43
250,19-Dec,1434.81,20.7,40,2.8,1123.25,4.3,20,6.6,34.4,44.1,44
251,18-Dec,1436.45,23.4,45,3,1124.35,6.5,20,7.4,40.3,45.8,44.6
252,17-Dec,1438.28,24.2,45,3,1125.3,8.5,22,7.4,43.1,49.1,46.9
253,16-Dec,1440.04,24.1,48,2.9,1126.25,4.9,22,7.4,39.3,48.4,47.4
254,15-Dec,1441.97,25.2,48,3,1127.45,4,24,7.8,40,55.5,50.5
255,14-Dec,1443.81,25.2,48,3,1128.85,3.4,24,6.6,38.2,54.8,53.1
256,13-Dec,1445.65,26.8,48,2.8,1130.25,3.1,29,5.9,38.6,54.2,48
257,12-Dec,1447.37,26.8,48,2.9,1131.8,4.7,29,7.4,41.8,53.2,48.7
258,11-Dec,1449.09,21.2,48,3,1134.25,4.7,29,7.4,36.3,52.2,46.5
259,10-Dec,1450.8,16.3,48,3,1134.7,7.3,29,7.4,34,52.3,46.1
260,9-Dec,1452.43,16.5,48,3.4,1136,5.6,29,7.4,32.9,48.3,46.9
261,8-Dec,1454.05,16.5,48,2.8,1137.4,5.7,30,7.4,32.4,47.7,47.7
262,7-Dec,1455.67,17.5,48,2.9,1138.85,7.9,30,7.5,35.8,46.9,48.9
263,6-Dec,1457.24,20.1,48,3.4,1140.15,8.3,30,7.5,39.3,46.8,49
264,5-Dec,1458.68,17.4,48,3.5,1141.3,3.6,30,7.5,32,49.4,49.2
265,4-Dec,1460.25,18.2,52,3.1,1142.7,3.9,35,7.5,32.7,48.3,49.7
266,3-Dec,1461.93,18.1,52,3.9,1144.35,3.6,30,7.5,33.1,49.1,50.3
267,2-Dec,1463.61,18.8,52,3.5,1145.75,4.6,32,7.5,34.4,47,50.7
268,1-Dec,1465.26,19.6,52,3.7,1147.2,5.6,32,7.8,36.7,49.9,52.7
269,30-Nov,1466.87,20,52,3.8,1148.6,6.4,35,7.8,38,50,53.4
270,29-Nov,1468.46,20.8,52,3.8,1150.1,6.3,35,7.8,38.7,54.3,53.6
271,28-Nov,1470.01,21.1,52,3.7,1151.45,6.3,35,7.5,38.6,56.1,52.5
272,27-Nov,1471.51,20.9,52,3.9,1152.8,5.1,34.9,7.5,37.4,58,53
273,26-Nov,1473.02,21.2,52,3.8,1154.2,6.7,28,7.5,39.2,56.9,53.8
274,25-Nov,1474.52,22.7,52,3.9,1155.2,5.7,28,7.5,39.8,49.7,55.4
275,24-Nov,1475.95,22.7,55,4.1,1156.25,4.5,30,8.2,39.5,53.5,54.8
276,23-Nov,1477.52,23.3,55,4.1,1157.45,2.2,32,8.2,37.8,50,55
277,22-Nov,1479.06,22.8,55,4.2,1158.85,2.3,35,8.2,37.5,48.9,54.5
278,21-Nov,1480.6,22.7,55,4.2,1160.35,4.4,35,7.9,39.2,49,55.4
279,20-Nov,1482.11,22.4,55,4.3,1161.65,5.6,35,7.9,40.2,47.4,55.3
280,19-Nov,1483.63,21.5,55,4.2,1162.9,5.9,40,7.9,39.5,52.6,57.2
281,18-Nov,1485.19,23.4,60,4.2,1164.35,7.1,40,8.2,42.9,53,60
282,17-Nov,1486.89,24.5,60,4.1,1165.75,8.2,40,8.3,45.1,61.7,61.5
283,16-Nov,1488.54,25.3,60,4.3,1167.1,9.4,40,8.3,47.3,62.5,59.7
284,15-Nov,1490.15,25.2,60,4.5,1168.4,9.4,40,8.2,47.3,46.3,60.9
285,14-Nov,1491.71,24.7,60,4.5,1169.7,7.2,40,8.6,45,45.9,59.8
286,13-Nov,1493.29,25.6,60,4.5,1171,7.8,40,9.5,47.4,46.9,58.4
287,12-Nov,1494.83,25.4,60,4.6,1172.25,10.4,40,8.2,48.6,49.2,60.2
288,11-Nov,1496.38,24.7,60,4.5,1173.4,9.3,35,7.9,46.4,49,61.3
289,10-Nov,1497.96,24.7,60,4.4,1174.4,9.3,35,8.6,47,46.8,63.8
290,9-Nov,1499.54,24.7,55,4.8,1175.4,13.1,35,11.5,54.1,47.9,65.6
291,8-Nov,1500.84,25.6,55,4.8,1176.25,10.7,30,11.5,52.6,49.5,72.3
292,7-Nov,1502.07,25.9,55,4.4,1177,12,30,12.2,54.5,46.3,65.8
293,6-Nov,1503.29,25.1,55,4.7,1177.7,12,30,12.2,54,43.3,66.6
294,5-Nov,1504.54,25.1,52,4.7,1178.4,12,30,12.2,54,47.6,68.6
295,4-Nov,1505.66,26.3,52,4.5,1179.1,13.3,30,12.2,56.3,47.5,63.5
296,3-Nov,1506.74,26.4,45,4.7,1179.75,12.4,30,12.2,55.7,45.1,63.9
297,2-Nov,1507.53,29.3,45,5.1,1180.4,13.2,30,16.2,63.8,48,61.8
298,1-Nov,1508.2,27.4,45,5.2,1181,16.6,25,13.3,62.5,45.9,61.1
299,31-Oct,1508.95,30.1,45,5,1181.3,14.2,10,16.2,65.5,48.2,63.9
300,30-Oct,1509.59,28.8,45,5.1,1181.15,17,10,16.2,67.1,53.3,63.4
301,29-Oct,1510.27,29.9,35,5.1,1180.9,17,10,16.2,68.2,52.3,64.1
302,28-Oct,1510.51,29.9,35,5.4,1180.65,17,10,16.2,68.5,56.7,67.9
303,27-Oct,1510.74,29.3,35,6.1,1180.4,15.6,10,16.3,67.3,59.6,71.8
304,26-Oct,1510.99,32.8,40,6.1,1180.2,15.6,10,19.2,73.7,57.8,69.4
305,25-Oct,1511.3,31.9,35,7.1,1180,13.9,10,26.4,79.3,58.6,67.7
306,24-Oct,1511.45,31.7,35,7.1,1179.85,12.6,10,82.7,134.1,58.2,69.4
307,23-Oct,1511.61,33.4,35,5,1179.75,12.6,10,11.9,62.9,60.1,70.5
308,22-Oct,1511.7,33.2,35,4.9,1179.65,12.6,10,12.2,62.9,62.4,71.1
309,21-Oct,1511.8,33.4,35,5.5,1179.55,13.9,10,12.2,65,61.8,73.4
310,20-Oct,1511.89,33.7,35,6.1,1179.4,13.3,12,13.8,66.9,63.2,74.3
311,19-Oct,1511.97,35.7,35,5.3,1179.35,13.6,20,13.8,68.4,68.7,74.5
312,18-Oct,1511.97,37,35,5.7,1179.6,12.3,20,12.2,67.2,69.6,75.4
313,17-Oct,1511.92,37,35,6.6,1179.9,11.8,20,14.2,69.6,72.5,77.6
314,16-Oct,1511.87,38.5,35,7,1180.2,11.6,20,14.7,71.8,70,79.7
315,15-Oct,1511.76,39,35,8.4,1180.5,11,25,14.8,73.2,72.8,80.9
316,14-Oct,1511.63,43.6,50,9.5,1181,15.2,25,17.8,86.1,75.6,82.9
317,13-Oct,1511.91,45.9,50,9.6,1181.35,12.4,25,18.4,86.3,77.1,86.1
318,12-Oct,1512.1,49.2,50,9.1,1181,11,25,19.4,88.7,75.7,89.3
319,11-Oct,1512.16,51.7,50,9.5,1182.3,15.1,20.7,18.4,94.7,76.5,91.2
320,10-Oct,1512.12,52.5,50,10.7,1182.5,11.8,30,19.7,94.7,76.4,94.8
321,9-Oct,1512.05,52.2,50,12.8,1183.15,11.8,30,19.5,96.3,80.6,98
322,8-Oct,1511.99,56,55,13.2,1183.8,13.2,30,19.5,101.9,83.3,101.8
323,7-Oct,1511.98,65.7,65,13.3,1184.4,14.6,30,20,113.6,82.6,101.2
324,6-Oct,1511.98,72.3,66,18.2,1184.95,16,30,27.4,133.9,85,104.2
325,5-Oct,1511.76,78.2,75,16,1185.45,14.6,30,30.1,138.9,88,105.9
326,4-Oct,1511.66,87.7,85,15.1,1186,21.6,30,30.9,155.3,90,108.1
327,3-Oct,1511.58,89.3,85,14.7,1186.3,18.8,30,31.1,153.9,94.7,112
328,2-Oct,1511.44,87.2,85,13.9,1186.7,25.8,30,30.4,157.3,97.5,117
329,1-Oct,1511.38,81.2,95,13.4,1186.85,14.6,30,27.7,136.9,104.7,117.1
330,30-Sep,1511.95,80,110,13.2,1187.4,16,30,27.1,136.3,107.3,121.9
331,29-Sep,1513.16,78.7,110,13.1,1187.9,16,30,26,133.8,123.2,126.9
332,28-Sep,1514.42,77,110,13.3,1188.4,17.4,30,29.8,137.5,132.8,126.4
333,27-Sep,1515.72,77.5,110,15.3,1188.85,15.8,20,28.5,137.1,136.3,130.1
334,26-Sep,1517,82.6,110,16.7,1189,15.8,20,29.9,145,140.5,135.6
335,25-Sep,1518.11,86.8,115,17.9,1189.15,18,25,33.8,156.5,142.4,143
336,24-Sep,1519.25,99.6,125,18.5,1189.4,20.8,25,29.3,168.2,142.7,158.2
337,23-Sep,1520.27,107.8,125,18.5,1189.55,20.8,25,29.5,176.6,145.1,160.9
338,22-Sep,1520.95,102.5,125,17.9,1189.7,19.4,25,37.5,177.3,148.1,143.7
339,21-Sep,1521.83,105.4,130,16.2,1189.9,18.1,30,33.9,173.6,151.5,154.4
340,20-Sep,1522.79,96.5,155,16.2,1190.3,17.9,30,33.9,164.5,156.6,162.7
341,19-Sep,1525.03,98.4,155,15.9,1190.7,17.9,30,30.1,162.3,170.6,177.6
342,18-Sep,1527.2,93.9,128,16.2,1191.1,17.9,30,30.1,158.1,177.4,183.3
343,17-Sep,1528.52,95.4,128,16.6,1191.5,20.5,25,29.5,162,175.9,202.5
344,16-Sep,1529.78,100.3,128,18.1,1191.65,19,25,33.1,170.5,194.4,201
345,15-Sep,1530.82,113.4,138,20.7,1191.85,20.5,25,37.3,191.9,192,210.5
346,14-Sep,1531.74,129.1,138,28.7,1192,26.5,25,39.9,224.2,205.7,212.7
347,13-Sep,1532.09,144.9,138,31.2,1191.95,29.5,25,66.8,272.4,203.7,220.5
348,12-Sep,1531.87,149,138,22.4,1191.8,24,30,62.6,258,214.9,223.6
349,11-Sep,1531.5,138.8,138,18.9,1192,22.4,30,48.9,229,227.4,224.7
350,10-Sep,1531.5,127.3,150,18.2,1192.25,15.9,25,47.9,209.3,256,240.2
351,9-Sep,1532.35,115.8,162,19.2,1192.55,19.4,30,63,217.4,274.3,248.3
352,8-Sep,1534.05,106.9,160,14.4,1192.9,21.4,35,30.1,172.8,326.8,248.6
353,7-Sep,1536,98.4,170,13.7,1193.35,15.3,38,28.4,155.8,349.5,316.1
354,6-Sep,1538.62,95.2,170,13.2,1194.1,12.3,38,29.5,150.2,354.6,309
355,5-Sep,1541.3,92.9,170,14,1194.95,17.3,43,32.6,156.8,415.8,319.2
356,4-Sep,1544,103.3,170,17.4,1195.8,15.8,40,34.8,171.3,462.9,270.6
357,3-Sep,1546.34,107.1,170,20.4,1196.6,17.3,40,36.3,181.1,556.3,257.2
358,2-Sep,1548.55,124,165,22.7,1197.35,16.8,38,40.3,203.8,487.9,260.9
359,1-Sep,1550,124,90.9,24.3,1198.05,18.3,38,44.1,210.7,346.2,266
360,31-Aug,1548.88,155.7,120.3,23.4,1198.7,13.8,35,44.1,237,326.6,269.7
361,30-Aug,1547.68,179.3,143.9,22.8,1199.4,17.3,29.4,48.3,267.7,419.3,272.9
362,29-Aug,1546.48,191.3,156.5,18.6,1199.8,22,25,56.7,288.6,533,290.3
363,28-Aug,1545.32,184.5,165,17.4,1199.9,17,25,65,283.9,685,296.2
364,27-Aug,1544.67,168.4,165,15.9,1200.15,20.1,35,60.8,265.2,475.4,311.8
365,26-Aug,1544.58,149.2,142.3,15.9,1200.6,23.4,35,56.7,245.2,349,328.5
366,25-Aug,1544.37,137.1,130,17.3,1200.95,21.8,35,48.3,224.5,311.2,329.3
367,24-Aug,1544.15,132.4,125,18.1,1201.35,20.1,35,48.3,218.9,333.6,324.6
368,23-Aug,1543.92,128.8,100,19.6,1201.8,21.7,30,48.3,218.4,352.9,335.1
369,22-Aug,1542.95,125,100,23.1,1202.05,21.7,30,52.5,222.3,389.5,335.2
370,21-Aug,1542.11,119.3,115,25.4,1202.3,23.8,33.7,53,221.5,390,340.7
371,20-Aug,1541.99,115.1,155,25.6,1202.6,23.8,33.7,48.8,213.3,424.6,349.4
372,19-Aug,1543.4,117.2,155,27,1202.9,25.1,35,41.7,211,414.6,351.6
373,18-Aug,1544.74,131.5,155,29.6,1203.2,21.7,20,41.4,224.2,406.2,371.2
374,17-Aug,1545.58,151.2,130,35.5,1203.15,26.6,20,48,261.3,405.1,396.4
375,16-Aug,1544.87,172.8,130,38.9,1202.95,34.9,20,55.8,302.4,394.5,438.3
376,15-Aug,1543.41,170,130,36.9,1202.5,30.3,22,60,297.2,375.1,463.8
377,14-Aug,1542.03,169.6,145,34.8,1202.25,33.6,22,60,298,389.2,465.1
378,13-Aug,1541.2,163,160,33.1,1201.9,31.9,22,55.8,283.8,389.5,463.8
379,12-Aug,1541.12,157.2,160,32.7,1201.6,35.2,22,55.8,280.9,401.2,469.5
380,11-Aug,1541.15,165.1,160,34.7,1201.2,35.2,22,60,295,395.5,485.9
381,10-Aug,1541,162.2,132.6,37.9,1200.8,36.9,22,64,301,382.5,498.4
382,9-Aug,1540,173.1,117,38,1200.35,33.7,10,62,306.8,347.6,493.9
383,8-Aug,1538,193.1,137,43,1199.6,38.7,10,56.6,331.4,322,503.2
384,7-Aug,1536,204.6,148.5,47.4,1198.65,49.3,10,67.3,368.6,325.1,474.2
385,6-Aug,1534,222.3,166.2,48.1,1197.35,49.3,10,78,397.7,335.8,465.2
386,5-Aug,1532,252.7,196.6,52.3,1196.05,44.8,10,77.9,427.7,342.8,472.2
387,4-Aug,1530,276.7,196.5,60.2,1194.9,49.3,10,90,476.2,351.8,472.9
388,3-Aug,1527,302.3,222.1,69.1,1193.6,52.3,10,98.5,522.2,345.6,487.6
389,2-Aug,1524,314.5,234.5,72.2,1192.2,52.3,10,97.4,536.4,367.1,492.5
390,1-Aug,1521,334.7,240.8,73.2,1190.8,58,10,119.3,585.2,359.6,496.7
391,31-Jul,1517.36,348,220.2,70.7,1189.15,53.4,10,105.6,577.7,337,525.8
392,30-Jul,1512.36,333.4,208.1,73.2,1187.6,50.6,10,98.2,555.4,332.6,546.8
393,29-Jul,1507.36,309.6,186.5,56.3,1186.15,81.4,10,193.8,641.1,320.3,506.1
394,28-Jul,1502.36,263.2,150,42.3,1183.6,50.6,10,107.3,463.4,302.6,476.6
395,27-Jul,1497.6,212.4,135,35.8,1182.15,57.6,10,107.1,412.9,288.9,465.5
396,26-Jul,1494.24,178.6,135,38.4,1180.45,48.3,10,87.3,352.6,284.5,439.5
397,25-Jul,1492.36,176.4,135,49.7,1179,43.4,10,62.9,332.4,273.4,435.5
398,24-Jul,1490.58,194.9,135,52.3,1177.7,47.3,10,54.2,348.7,270.2,432.4
399,23-Jul,1487.91,234.8,135,72.1,1176.25,56.3,10,61.7,424.9,313.1,424.2
400,22-Jul,1483.38,276.1,135,79.5,1174.45,56.3,10,79,490.9,345.4,421.3
401,21-Jul,1476.86,275.9,135,74.4,1172.65,73,10,108.5,531.8,327.2,429.3
402,20-Jul,1470.21,251.7,135,51.6,1170.2,55.1,10,95.9,454.3,329.9,433.8
403,19-Jul,1464.58,221,135,46.8,1168.3,42.9,10,88.5,399.2,310.4,439
404,18-Jul,1460.44,183.3,150,45.7,1166.9,40.6,10,80.3,349.9,311.3,447.2
405,17-Jul,1458.82,183.4,160,47.3,1165.6,41.8,10,59.3,331.8,299.1,443.8
406,16-Jul,1457.68,206,145,55.3,1164.25,44.1,10,50.9,356.3,296.2,417.8
407,15-Jul,1454.65,239.4,155,63,1162.8,52.3,10,67.7,422.4,303.4,414.7
408,14-Jul,1450.44,226.7,155,58.2,1161,60.1,10,87.7,432.7,306.6,419.7
409,13-Jul,1445.13,211.7,155,47.3,1158.75,56.8,10,99.6,415.4,328.7,417.6
410,12-Jul,1440.75,184.3,155,36.3,1156.55,46.3,19.7,88.9,355.8,337.3,410.4
411,11-Jul,1438.45,171.1,155,38.2,1155.3,44.1,25,79.7,333.1,343.6,412.6
412,10-Jul,1437.2,156.8,155.5,34.4,1154.4,40.3,35,67.9,299.4,329.8,402.7
413,9-Jul,1437.16,140.4,134,36,1154.15,38.9,40,55.3,270.6,326.2,388.7
414,8-Jul,1436.7,133.3,132.5,37.6,1154.2,36.8,40,55.3,263,324.4,386.2
415,7-Jul,1436.7,132.1,132.5,37,1154.35,36.8,40,55.3,261.2,343.8,389.3
416,6-Jul,1436.8,136.6,132.6,37.6,1154.5,38.9,40,51.1,264.2,361.6,393.4
417,5-Jul,1436.54,144.9,132.5,34.5,1154.55,42.1,40,51.1,272.6,357.6,390.7
418,4-Jul,1435.59,151.6,132.1,37.4,1154.45,44.3,30,50.9,284.2,341,376.8
419,3-Jul,1434.06,155.9,130.6,37.8,1153.8,43.8,30,59,296.5,333.1,360.4
420,2-Jul,1432.05,144.8,130.1,35.9,1153.15,44.3,40,67.1,292.1,323.2,364.2
421,1-Jul,1430.91,129.3,130.8,36.2,1152.95,42.6,50,58.4,266.5,329.3,372
422,30-Jun,1431.1,116,131.3,41,1153.3,41.5,50,48,246.5,360.6,370.8
423,29-Jun,1432.42,110.4,131.7,42,1153.7,39.4,49,31.3,223.1,377.7,365.6
424,28-Jun,1434.23,109.7,132.3,42.1,1154.15,39.7,45,36.2,227.7,382.8,364.9
425,27-Jun,1436.15,112.7,144.4,41.9,1154.4,42.9,45,38.3,235.8,410.1,367.5
426,26-Jun,1438.81,113.9,155,40.5,1154.5,45.1,43,38,237.5,409.3,366.6
427,25-Jun,1442.15,110.3,155,41.2,1154.4,40,40,42.8,234.3,380.3,364.4
428,24-Jun,1445.72,111.8,155,39.5,1154.4,44.3,40,34.7,230.3,328.9,356.2
429,23-Jun,1449.17,98.5,155,40.5,1154.2,45.3,40,36.9,221.2,309.9,353.5
430,22-Jun,1452.35,97,155,41.8,1153.95,49.6,40,36.8,225.2,306.8,349.3
431,21-Jun,1455.31,97.8,155,42.8,1153.5,48.4,25,35.2,224.2,312.7,337.8
432,20-Jun,1458.23,100.1,155,45.8,1152.4,48.7,20,36.6,231.2,306.7,332.1
433,19-Jun,1461,115.7,155,51.5,1151.05,51.5,15,39.5,258.2,298.6,328.4
434,18-Jun,1462.94,133,155,56.8,1149.25,52.8,15,42.3,284.9,282.5,333.8
435,17-Jun,1464.05,159.9,155,63.1,1147.25,55.9,20,46.1,325,270,338.9
436,16-Jun,1463.85,184.7,145,66.8,1145.35,62.2,15,49.7,363.4,272.8,339.4
437,15-Jun,1461.96,199,135,73.2,1142.85,69.6,15,53.4,395.2,288.8,329.4
438,14-Jun,1458.85,216.6,130,77.3,1139.95,74.4,15,63.8,432.1,318.3,325.3
439,13-Jun,1454.52,225.5,130,78.5,1136.4,78.7,15,67.1,449.8,332.9,331.5
440,12-Jun,1449.6,197.2,130,80.4,1132.65,81.6,15,69.8,429,333.9,323.4
441,11-Jun,1444.38,188,121.8,81.6,1128.65,76.3,20,70.7,416.6,323,315.6
442,10-Jun,1439.21,173.1,100,80.5,1125,71.7,30,55,380.3,316.2,306.1
443,9-Jun,1433.28,160.3,100,77.9,1122,69.8,35,50.9,358.9,299.2,302
444,8-Jun,1428.27,151.4,100,72,1119.45,67.7,38,46.4,337.5,296.2,298.1
445,7-Jun,1423.76,142.2,90,71.6,1116.7,67.7,45,38.3,319.8,270.5,296.6
446,6-Jun,1419.11,131.9,90,65.6,1114.65,62.4,45,37.5,297.4,251.8,294
447,5-Jun,1415.15,126.2,95,61.9,1113.1,64.8,45,32.9,285.8,248.8,283.4
448,4-Jun,1412.24,118.6,95,56.4,1111.25,58.1,45,36,269.1,256.6,273.8
449,3-Jun,1410.06,115.5,100,54.5,1110,55.3,45,35.3,260.6,260.4,266.2
450,2-Jun,1408.6,115.7,100,52.5,1108.75,58.1,50,37.9,264.2,272.2,263.1
451,1-Jun,1407.12,111.3,90,47.6,1107.75,57.7,50,40.8,257.4,271.7,256.7
452,31-May,1405.09,91.9,75,47,1106.75,57.6,50,36.5,233,275.9,248
453,30-May,1401.99,78.3,70,45.2,1105.75,56,50,30.4,209.9,272.4,240.8
454,29-May,1400.5,63.3,60,32.7,1104.95,50.7,50,24.6,171.3,267.4,241.3
455,28-May,1400,51.1,52.6,27.3,1104.8,45.9,58,24.4,148.7,264.5,248.3
456,27-May,1400.45,50.2,60,26.2,1106.25,42.5,58,25.1,144,249.1,242.1
457,26-May,1402.55,51,60,31.1,1108.1,45.3,58,25,152.4,231.8,243
458,25-May,1403.52,62.2,60,36.1,1109.6,46.9,58,26.4,171.6,217.5,239.1
459,24-May,1403.38,70.1,60,37.3,1110.7,51.3,58,30.6,189.3,214,237.5
460,23-May,1402.45,56.2,70,36.2,1111.3,53.6,58,28.8,174.8,193.6,235.6
461,22-May,1403.89,56.1,70,39.5,1111.7,56.5,58,25.4,177.5,158.5,238.5
462,21-May,1405.34,55.8,70,42.5,1111.8,51.5,58,22.7,172.5,163.8,241.9
463,20-May,1406.82,59.2,65,38,1112.4,50,58,22.2,169.4,178.9,242.9
464,19-May,1407.46,55.6,65,38,1113.15,52.6,58,22.2,168.4,192.8,238.3
465,18-May,1408.46,56.3,60,41.3,1113.7,48,50,22.1,167.7,201.3,221.2
466,17-May,1408.9,60.4,65,41.9,1113.95,49.1,50,24.2,175.6,225.3,207.4
467,16-May,1409.44,65.6,65,43.2,1114.05,52,50,31,191.8,274.6,206.8
468,15-May,1409.44,66,65,45.6,1113.9,53.3,50,31,195.9,238.9,210.4
469,14-May,1409.42,67.9,65,46.4,1113.75,60.9,50,24.4,199.6,197.8,223.8
470,13-May,1409.21,68.5,65,49.7,1112.8,59.6,50,23.6,201.4,195,220.2
471,12-May,1408.94,70.3,65,49.6,1111.9,62,50,23.6,205.5,191.6,204.8
472,11-May,1408.49,65.4,60,43.5,1110.75,57.2,50,22.5,188.6,188.6,198.6
473,10-May,1408.03,59.6,55,42.8,1110.1,52.6,50,23.6,178.6,183.1,192.9
474,9-May,1407.65,60.1,45,37.7,1109.85,53.9,50,22.6,174.3,186,190
475,8-May,1406.23,64.3,45,51,1109.4,55.2,50,22.6,193.1,185.7,182.3
476,7-May,1404.4,65.8,45,55,1108.8,59.2,50,23.1,203.1,184.5,176.8
477,6-May,1402.42,66.2,45,48.2,1107.65,60.7,50,22.1,197.2,184.9,171.5
478,5-May,1400.4,53.1,45,38.9,1106.3,57.6,50,18.1,167.7,214.8,167.7
479,4-May,1399.23,43.9,45,38.6,1105.3,57,50,18.1,157.6,221.6,164.9
480,3-May,1399.69,39.6,40,35.5,1104.4,52.3,50,18.1,145.5,199.9,160.5
481,2-May,1399.98,36.5,35,33.2,1104.1,51.2,55,16.7,137.6,192.2,163
482,1-May,1399.82,32.9,30,28.5,1104.55,49.2,55,17.9,128.5,188.7,164.3
483,30-Apr,1399.31,30.5,30,25.5,1105.25,48.8,55,16.6,121.4,184.1,163.4
484,29-Apr,1399.37,30.7,30,22.7,1106,47.6,55,15.8,116.8,170.6,161.2
485,28-Apr,1399.4,28.7,30,18.5,1106.9,47.6,55,15.4,110.2,167.1,163.1
486,27-Apr,1399.91,13.1,42,14,1107.8,45.8,60,13.2,86.1,153.9,162.8
487,26-Apr,1402.91,15,42,14.2,1109.55,40.7,63,20.7,90.6,144.8,156.4
488,25-Apr,1405.67,23.9,35,13,1111.6,44.1,63,23.8,104.8,143.7,157.4
489,24-Apr,1406.85,25.4,35,17.4,1113.25,52.1,63,19.2,114.1,137.4,158
490,23-Apr,1407.88,27.3,35,17.9,1114.2,41.3,63,17.4,103.9,138.3,165.9
491,22-Apr,1408.72,23.7,32,21.6,1116.1,42.4,63,17.8,105.5,148.4,169.2
492,21-Apr,1409.62,25.2,25,23,1117.9,44.7,63,17.7,110.6,163.7,163.5
493,20-Apr,1409.68,29.4,12,25.9,1119.5,48.6,55,17.6,121.5,182.9,162.4
494,19-Apr,1408.03,30.9,12,27.9,1120.05,52.1,55,18.8,129.7,191.7,166.7
495,18-Apr,1406.23,27.2,26.4,25,1120.25,42.2,55,21.9,116.3,191.4,163.5
496,17-Apr,1406.23,23.1,30,20.7,1121.15,32.9,55,12.5,89.2,233.5,139.7
497,16-Apr,1406.99,21.7,32.2,12.9,1122.7,32.9,55,12.5,80,230.3,130.7
498,15-Apr,1408.09,22.2,32,8.3,1124.25,35.7,55,9.3,75.5,135.9,130.6
499,14-Apr,1409.14,21.5,32,8.1,1125.6,35.7,55,7.6,72.9,116.3,132.5
500,13-Apr,1410.25,21.3,32,9.4,1126.95,35.8,55,9.3,75.8,111.6,133
501,12-Apr,1411.35,21.1,32,8.4,1128.3,36.5,55,14.2,80.2,111.9,132.3
502,11-Apr,1412.47,21.6,32,7.8,1129.6,34.2,55,12.5,76.1,109.7,127.1
503,10-Apr,1413.54,22.9,35,10.6,1130.9,40.4,45,15.6,89.5,106.1,123.2
504,9-Apr,1414.78,27.6,35,13.1,1131.2,46.7,45,12.5,99.9,108.9,126
505,8-Apr,1415.57,28.7,40,11.7,1131.1,52,45,12.5,104.9,109.4,136
506,7-Apr,1416.73,24.4,40,11.8,1130.65,35.6,45,9.3,81.1,110.9,146.3
507,6-Apr,1418.3,23.3,35,9.9,1131.25,35.8,40,12.5,81.5,114.2,136.3
508,5-Apr,1419.5,23.1,22.3,9.7,1131.5,41.7,15,11,85.5,125.9,146.7
509,4-Apr,1419.5,22.1,21.3,12.8,1129.9,40.2,15,12.5,87.6,140.6,157.5
510,3-Apr,1419.5,23.9,23.5,16.8,1128.15,42.4,15,10.5,93.6,146.4,132
511,2-Apr,1419.5,23.7,23.3,20.1,1126.25,50.1,15,14.3,108.2,159.6,119.6
512,1-Apr,1419.5,28.4,35.7,26.9,1124.2,52.9,15,17.5,125.7,140.5,115.3
513,31-Mar,1420.23,34,33.6,29.3,1121.8,61,18,17.3,141.6,141.9,125.6
514,30-Mar,1420.23,31.4,31,27,1118.4,43.9,18,17.3,119.6,164.7,134.7
515,29-Mar,1420.23,21.9,18.8,26.5,1116,38.5,18,9.3,96.2,223,114.9
516,28-Mar,1419.98,21.4,10,26.7,1114.1,40.9,18,12.3,101.3,249.1,117.7
517,27-Mar,1418.93,22.5,5,27.4,1111.9,45.6,18,20.5,116,112.2,132.2
518,26-Mar,1417.32,25,5,34.7,1109,47.4,18,17.3,124.4,112.7,113.6
519,25-Mar,1415.47,26,5,55.1,1105.3,64.3,22,26.8,172.2,99.3,109.5
520,24-Mar,1412.57,38.6,10,56.5,1099.95,51.8,26,17.7,164.6,84.9,93.8
521,23-Mar,1409.89,22.9,15,18.1,1095.85,36.8,39.1,7.7,85.5,84.5,85
522,22-Mar,1409.18,20.5,12,9,1096.25,28.9,40,6.8,65.2,77.4,89.4
523,21-Mar,1408.41,17.8,12,8.1,1098,29.6,40,6.8,62.3,74.6,94.6
524,20-Mar,1407.9,18.3,12,9,1099.65,27.3,40,6.8,61.4,74,95.3
525,19-Mar,1407.34,19,12,10.6,1101.3,27.1,40,6.8,63.5,81.6,99.9
526,18-Mar,1406.72,19.9,12,13.4,1102.9,26.8,40,7.3,67.4,73.8,89.1
527,17-Mar,1406.02,20.8,12,16.1,1104.5,26.4,40,8.2,71.5,74.7,91
528,16-Mar,1405.23,23.9,12,12.9,1106,27.3,40,8.2,72.3,78.6,86.1
529,15-Mar,1404.12,24.4,15,9.1,1107.4,30.2,40,8.2,71.9,88.4,84
530,14-Mar,1403.27,22.9,17,10.1,1108.45,35,45,7.9,75.9,87.1,88
531,13-Mar,1402.76,21,22,3.2,1109.6,29.5,50,7.1,60.8,115.5,89.4
532,12-Mar,1402.94,17.3,24,2.9,1111.5,18.2,50,7.3,45.7,75.9,87.1
533,11-Mar,1403.68,17.5,24,2.8,1114.4,22.1,50,7.3,49.7,82.5,73.3
534,10-Mar,1404.4,16.2,24,2.6,1117.05,19.7,50,6.7,45.2,92,69.8
535,9-Mar,1405.25,16,24,2.7,1119.7,16.6,50,7.1,42.4,137.2,74.3
536,8-Mar,1406.13,17.3,24,1.9,1122.1,16.5,50,7.4,43.1,117.4,71.5
537,7-Mar,1406.87,16.2,24,3.5,1124.45,16.5,50,11.6,47.8,91.5,71.4
538,6-Mar,1407.71,15.6,24,3.3,1126.8,18.6,50,8.2,45.7,73.1,72.6
539,5-Mar,1408.59,15.1,24,3.6,1129,19.8,50,6.5,45,67.6,72.3
540,4-Mar,1409.52,16.8,24,4.1,1130.95,17.4,50,6.5,44.8,74.5,75.2
541,3-Mar,1410.27,17.8,24,4.6,1132.9,19.9,50,8.2,50.5,70.7,72.8
542,2-Mar,1410.93,18.5,24,6.6,1134.7,22.4,50,8.1,55.6,78.7,63.5
543,1-Mar,1411.52,21.3,27,7.3,1136.35,30.8,50,9.7,69.1,85.8,69.3
544,28-Feb,1412.1,27.4,27,6.4,1137.5,21.6,50,9.7,65.1,62,66.4
545,27-Feb,1412.1,20.3,27,5.2,1139.2,14.9,50,8.2,48.6,56.2,67.8
546,26-Feb,1412.8,18.5,27,4.8,1141.15,11.3,50,8.2,42.8,59.2,72.7
547,25-Feb,1413.67,19.7,30,4.3,1143.2,13.2,50,6.6,43.8,60.3,64.3
548,24-Feb,1414.71,18.5,35,4.1,1145.15,11.6,55,6.6,40.8,57.7,69.1
549,23-Feb,1416.35,18.1,40,4,1147.45,12.5,55,8.2,42.8,50.3,67.2
550,22-Feb,1418.5,18.7,45,3.7,1149.7,9.7,60,8.2,40.3,51.7,71.3
551,21-Feb,1421.05,19.2,47,3.9,1152.1,9,60,6.6,38.7,56.2,65.5
552,20-Feb,1423.69,20.6,47,4.4,1154.5,9,60,6.6,40.6,54.2,61.5
553,19-Feb,1426.15,21.8,55,4.7,1156.9,9.3,55,8.2,44,60,55.8
554,18-Feb,1429.34,24,65,5.2,1159.05,8.9,55,8.2,46.3,57.3,56.1
555,17-Feb,1432.92,25.2,65,5.4,1161.1,8.8,50,7.7,47.1,54.3,58.4
556,16-Feb,1436.49,26.8,65,5.4,1162.85,10,50,6.1,48.3,55.6,59.8
557,15-Feb,1439.9,24.4,57.1,5.1,1164.55,8.8,30,7.7,46,60.4,66.1
558,14-Feb,1442.69,25,57,4.9,1165.45,8.8,30,7.7,46.4,51.6,59
559,13-Feb,1445.41,26,55,5.3,1166.35,8.8,30,7.7,47.8,50.8,54.2
560,12-Feb,1447.88,23.9,55,5.7,1167.25,8.8,30,7.1,45.5,46.4,52.3
561,11-Feb,1450.31,10.6,45,5.3,1168.15,7.7,30,10,33.6,49.9,51.6
562,10-Feb,1452.04,11.6,45,6.2,1169.1,7.4,25,7.3,32.5,48,52.7
563,9-Feb,1453.72,12.2,45,7.2,1169.85,7.3,25,7,33.7,48.3,58.5
564,8-Feb,1455.37,11.7,50,6.9,1170.55,7,25,7.5,33.1,51.2,70.1
565,7-Feb,1457.3,12.3,50,6.7,1171.25,8.7,24.2,7.5,35.2,45.6,57.2
566,6-Feb,1459.2,11.5,50,7.7,1171.85,8.4,20,7.1,34.7,53,73.9
567,5-Feb,1461.1,12.1,46.7,7.5,1172.3,7.1,20,7.1,33.8,48.3,54.5
568,4-Feb,1462.78,14.6,35,7,1172.8,7.1,20,7.1,35.8,52.4,46.5
569,3-Feb,1463.77,15.5,35,6.8,1173.3,7.3,15,6.7,36.3,54.9,44.3
570,2-Feb,1464.72,15.3,35,7.2,1173.6,9.9,15,6.7,39.1,50.5,44
571,1-Feb,1465.68,15.5,35,7.8,1173.8,8.7,10,6.6,38.6,52.3,43.7
572,31-Jan,1466.63,15.3,35,7.4,1173.85,8.7,10,6.5,37.9,55.7,44.6
573,30-Jan,1467.59,15,35,7.1,1173.9,10,10,6.5,38.6,68.5,44.2
574,29-Jan,1468.56,14.8,28,7.6,1173.9,10,10,7.6,40,65.1,43.3
575,28-Jan,1469.2,15.7,28,7.4,1173.9,8.6,15,7.6,39.3,54.7,44.5
576,27-Jan,1469.8,15.5,28,7.9,1174.15,9.1,0.1,7.6,40.1,53.3,50.1
577,26-Jan,1470.4,16,23,8.2,1173.8,9.1,0.1,7.1,40.4,56.3,44.6
578,25-Jan,1470.73,15,15,8,1173.45,9.3,0.3,7.1,39.4,53.9,44.5
579,24-Jan,1470.73,15.7,15.7,7.4,1173.1,10.4,0.1,6,39.5,55.3,45.7
580,23-Jan,1470.73,15.3,15.3,7.8,1172.7,7.9,0.1,0,31,53.8,48.1
581,22-Jan,1470.73,15.5,15.5,8,1172.4,10.4,0.1,2.1,36,59.8,42.9
582,21-Jan,1470.73,16.2,16.2,7.8,1172,10.4,0.1,8.6,43,57.4,41.4
583,20-Jan,1470.73,15.2,15.2,7.7,1171.6,10.4,0.1,8.6,41.9,57.9,42.2
584,19-Jan,1470.73,16.1,16.1,8,1171.2,10.4,0.1,8.6,43.1,58.1,44.4
585,18-Jan,1470.73,15.3,15.3,8.1,1170.8,10.4,0.1,8.6,42.4,58.2,43.8
586,17-Jan,1470.73,16.6,16.6,7.6,1170.4,10.4,0.1,8.6,43.2,64.3,44.1
587,16-Jan,1470.73,15.9,15.9,8.2,1170,9.5,0.1,10.5,44.1,68.4,43.1
588,15-Jan,1470.73,15.1,15.1,7.4,1169.6,9.5,0.1,10.5,42.5,92.7,44.4
589,14-Jan,1470.73,14.3,14.3,7.6,1169.2,9.5,0.1,10.5,41.9,119.4,47.3
590,13-Jan,1470.73,19.3,19.3,8.3,1168.8,11.9,0.1,12.4,51.9,47.9,40
591,12-Jan,1470.73,16.9,16.9,8.8,1168.3,12.8,5.8,12.4,50.9,51.4,40.1
592,11-Jan,1470.73,18.5,35,8.3,1168,11.2,23,14.1,52.1,50.4,39.8
593,10-Jan,1471.54,15.9,13.6,7.6,1168.5,10.9,5,17,51.4,51,40.2
594,9-Jan,1471.46,17.8,17.2,7.7,1168.25,10.9,5,17,53.4,55.4,41
595,8-Jan,1471.46,16.9,23,6.5,1168,16.8,5,19.5,59.7,46,40.8
596,7-Jan,1471.78,18.4,23,7,1167.5,33.2,5,52.6,111.2,42.3,40.6
597,6-Jan,1472.03,17.8,23,6.7,1166.3,30.9,5,43.7,99.1,34.4,38.9
598,5-Jan,1472.31,17.5,20,6.4,1165.2,9.7,5,14.2,47.8,42.3,39.1
599,4-Jan,1472.46,16.4,15.7,6.9,1165,8.5,5,7.9,39.7,43.1,39
600,3-Jan,1472.46,16.7,16.1,6.5,1164.85,7.4,5,9,39.6,41.4,39.6
601,2-Jan,1472.46,18.3,17.7,6.9,1164.75,7.4,5,9,41.6,43.9,39.7
602,1-Jan,1472.46,17.4,16.8,7.5,1164.65,6.2,5,9,40.1,43.7,39.5
603,31-Dec,1472.46,17.5,16.9,8.5,1164.6,7.4,5,9,42.4,43.2,41.1
604,30-Dec,1472.46,18.5,18,8.4,1164.5,7.4,5,9,43.3,45.3,41.2
605,29-Dec,1472.46,18.3,17.8,8.2,1164.4,7.4,5,7.6,41.5,45.6,40.3
606,28-Dec,1472.46,17.9,17.3,8,1164.3,8.5,5,7.6,42,49.7,40
607,27-Dec,1472.46,19.8,45,6.2,1164.15,8.5,5,7.3,41.8,48.8,40.7
608,26-Dec,1473.66,19.6,45,7.8,1164,8.5,5,8,43.9,49.2,39.8
609,25-Dec,1474.87,18.5,45,6.8,1163.85,7.5,15.7,7.2,40,48.5,41.8
610,24-Dec,1476.13,18.8,39.5,6.4,1164.2,6.2,25,7.2,38.6,52.4,42.2
611,23-Dec,1477.12,17.6,13,6.2,1165,10.9,25,7.2,41.9,51.2,41.8
612,22-Dec,1476.92,18.2,13,6,1165.6,7.4,25,7.2,38.8,54.2,42.3
613,21-Dec,1476.69,18.9,13,5.5,1166.35,9.7,25,7.2,41.3,51.1,42.4
614,20-Dec,1476.43,19.3,13,6.7,1167,9.2,28,7.2,42.4,52.4,43
615,19-Dec,1476.15,19.6,15,8.1,1167.8,9.2,28,7.2,44.1,53.2,44
616,18-Dec,1475.95,20.3,20,9.1,1168.6,9.2,28,7.2,45.8,55.2,44.6
617,17-Dec,1475.95,21.6,20,9,1169.4,11.3,28,7.2,49.1,58.6,46.9
618,16-Dec,1475.89,21,20,9.4,1170.1,10.8,25,7.2,48.4,60.8,47.4
619,15-Dec,1475.87,23.5,25,10.1,1170.65,14.7,25,7.2,55.5,81.2,50.5
620,14-Dec,1475.97,24.7,25,10.3,1171.05,12.6,28,7.2,54.8,103.8,53.1
621,13-Dec,1476.01,25.4,25,10.3,1171.65,11.3,28,7.2,54.2,53.6,48
622,12-Dec,1476.02,23,25,10.4,1172.3,12.6,28,7.2,53.2,53.2,48.7
623,11-Dec,1476.14,24.2,30,10.1,1172.9,10.7,30,7.2,52.2,53.3,46.5
624,10-Dec,1476.44,24.2,30,10.2,1173.65,10.7,30,7.2,52.3,50.8,46.1
625,9-Dec,1476.74,23.1,30,9.8,1174.4,8.1,30,7.3,48.3,58.4,46.9
626,8-Dec,1477.09,23.1,35,9.7,1175.25,7.6,32,7.3,47.7,58.8,47.7
627,7-Dec,1477.67,22.7,35,10.2,1176.2,6.7,35,7.3,46.9,56.9,48.9
628,6-Dec,1478.27,23,40,9.9,1177.3,6.7,35,7.2,46.8,58.4,49
629,5-Dec,1479.09,23.6,40,9.9,1178.4,8.7,37,7.2,49.4,59.4,49.2
630,4-Dec,1479.88,23.5,40,10.2,1179.5,7.3,37,7.3,48.3,60.1,49.7
631,3-Dec,1480.65,23.9,40,10.3,1180.6,7.6,37,7.3,49.1,64.9,50.3
632,2-Dec,1481.39,23.4,40,10.2,1181.65,6.2,37,7.2,47,71.1,50.7
633,1-Dec,1482.15,24.8,48,10.3,1182.75,7.6,37,7.2,49.9,77.5,52.7
634,30-Nov,1483.2,24.8,75,11,1183.8,7,35,7.2,50,80.3,53.4
635,29-Nov,1485.46,26.2,75,11.3,1184.8,9.4,22,7.4,54.3,83.4,53.6
636,28-Nov,1487.66,27.7,75,11.8,1185.25,9.4,22,7.2,56.1,69.7,52.5
637,27-Nov,1489.79,27.4,75,11.2,1185.7,12.2,22,7.2,58,69.9,53
638,26-Nov,1491.86,28,75,10.9,1186.05,10.8,22,7.2,56.9,69.5,53.8
639,25-Nov,1493.9,24.1,70,10.4,1186.45,8,22,7.2,49.7,76.2,55.4
640,24-Nov,1495.89,28.5,70,10.1,1186.95,8,22,6.9,53.5,69.9,54.8
641,23-Nov,1497.7,26.2,70,10.2,1187.45,6.8,25,6.8,50,69,55
642,22-Nov,1499.61,25.7,70,9.6,1188.1,6.8,25,6.8,48.9,71,54.5
643,21-Nov,1501.46,25.9,55,9.3,1188.75,6.8,25,7,49,69.2,55.4
644,20-Nov,1502.67,27.3,40,8.9,1189.4,4.2,27,7,47.4,70.9,55.3
645,19-Nov,1503.21,26,40,11.8,1190.2,7.8,38,7,52.6,76,57.2
646,18-Nov,1503.8,28.1,55,11.8,1191.2,6.2,38,6.9,53,84.7,60
647,17-Nov,1504.92,33.4,55,7.6,1192.25,13.8,38,6.9,61.7,87.1,61.5
648,16-Nov,1505.83,42.7,65,5.1,1193.05,7.8,38,6.9,62.5,65.4,59.7
649,15-Nov,1506.77,28.5,65,5.1,1194.05,5.7,45,7,46.3,65.1,60.9
650,14-Nov,1508.29,27,65,4.7,1195.35,7.2,45,7,45.9,64.2,59.8
651,13-Nov,1509.87,25.9,65,5,1196.6,8.7,45,7.3,46.9,62.3,58.4
652,12-Nov,1511.44,27.3,65,4.4,1197.8,10.2,45,7.3,49.2,63.2,60.2
653,11-Nov,1512.95,27.3,65,4.9,1198.95,9.9,45,6.9,49,67.9,61.3
654,10-Nov,1514.46,27.6,65,5,1200.1,7.3,42,6.9,46.8,75.4,63.8
655,9-Nov,1515.96,28.6,65,5.1,1201.15,7.3,42,6.9,47.9,85.8,65.6
656,8-Nov,1517.42,29.9,65,5.4,1202.2,7.3,42,6.9,49.5,149.5,72.3
657,7-Nov,1518.83,27.5,65,5.3,1203.25,6.6,38,6.9,46.3,71,65.8
658,6-Nov,1520.32,26,65,5.4,1204.2,5,38,6.9,43.3,58.8,66.6
659,5-Nov,1521.82,27.9,65,4.9,1205.2,6.9,35,7.9,47.6,61.8,68.6
660,4-Nov,1523.25,28.1,60,4.3,1206.05,6.9,35,8.2,47.5,58.3,63.5
661,3-Nov,1524.48,27.8,38,3.8,1206.9,5.3,35,8.2,45.1,57.8,63.9
662,2-Nov,1524.89,28.6,38,4.5,1207.8,6.9,30,8,48,56.1,61.8
663,1-Nov,1525.27,28.4,38,4.5,1208.5,5.2,30,7.8,45.9,56,61.1
664,31-Oct,1525.66,30.2,38,4.6,1209.25,5.2,30,8.2,48.2,61.5,63.9
665,30-Oct,1525.98,32.1,38,4.5,1210,7.1,28.2,9.6,53.3,52.8,63.4
666,29-Oct,1526.23,31.3,38,5.2,1210.6,6.2,22,9.6,52.3,53.7,64.1
667,28-Oct,1526.51,33.1,38,5.5,1211.05,6.2,22,11.9,56.7,58.1,67.9
668,27-Oct,1526.72,32.6,30,5.4,1211.5,9.7,22,11.9,59.6,56.9,71.8
669,26-Oct,1526.65,34.1,30,5.6,1211.85,6.2,22,11.9,57.8,60.9,69.4
670,25-Oct,1526.52,34.1,30,5.2,1212.3,7.4,25,11.9,58.6,62.6,67.7
671,24-Oct,1526.39,35.2,30,5.4,1212.8,5.7,25,11.9,58.2,65.8,69.4
672,23-Oct,1526.22,36.5,30,5.8,1213.35,5.9,27,11.9,60.1,66.2,70.5
673,22-Oct,1526,35.7,40,5.9,1213.95,5.9,27,14.9,62.4,69.2,71.1
674,21-Oct,1526.19,35.6,46,5.9,1214.55,5.4,30,14.9,61.8,71.6,73.4
675,20-Oct,1526.61,36.5,58,6,1215.25,7.4,32,13.3,63.2,78.6,74.3
676,19-Oct,1527.45,39.6,58,6.8,1215.95,8.7,35,13.6,68.7,76,74.5
677,18-Oct,1528.17,38.1,58,7.2,1216.7,8.7,35,15.6,69.6,71.9,75.4
678,17-Oct,1528.95,39.4,58,8.8,1217.45,8.7,35,15.6,72.5,71.3,77.6
679,16-Oct,1529.68,40.3,58,8.7,1218.2,6.6,40,14.4,70,71.9,79.7
680,15-Oct,1530.36,41,58,8.5,1219.15,8.3,40,15,72.8,77.4,80.9
681,14-Oct,1531,42.4,58,8.5,1220.05,9,35,15.7,75.6,80.8,82.9
682,13-Oct,1531.59,41.8,58,8.7,1220.75,10.9,35,15.7,77.1,81.1,86.1
683,12-Oct,1532.2,42.4,58,8.6,1221.4,9,35,15.7,75.7,83,89.3
684,11-Oct,1532.79,43.2,70,8.6,1222.1,9,35,15.7,76.5,84.4,91.2
685,10-Oct,1533.79,43.7,70,8.4,1222.8,8.4,40,15.9,76.4,88.3,94.8
686,9-Oct,1534.77,45.2,82,9.1,1223.65,10.3,40,16,80.6,93.7,98
687,8-Oct,1536.13,45.8,82,10.2,1224.45,10.3,40,17,83.3,97.4,101.8
688,7-Oct,1537.47,45.5,82,9.9,1225.25,10.3,40,16.9,82.6,102,101.2
689,6-Oct,1538.82,47.6,82,9.8,1226.05,10.3,40,17.3,85,109.3,104.2
690,5-Oct,1540.09,48.2,82,10.4,1226.85,12.1,40,17.3,88,122.8,105.9
691,4-Oct,1541.29,50,100,10.6,1227.6,12.1,40,17.3,90,127.9,108.1
692,3-Oct,1543.05,53.5,100,10.9,1228.35,12.1,40,18.2,94.7,146.6,112
693,2-Oct,1544.69,56.4,100,10.8,1229.1,12.1,40,18.2,97.5,166,117
694,1-Oct,1546.23,59.6,85,10.9,1229.85,12.9,40,21.3,104.7,166.2,117.1
695,30-Sep,1547.14,66.8,85,10.4,1230.55,12.6,40,17.5,107.3,171.2,121.9
696,29-Sep,1547.8,74.6,85,10.4,1231.25,12.6,40,25.6,123.2,171.8,126.9
697,28-Sep,1548.19,79.3,85,11.8,1231.95,12.6,40,29.1,132.8,177.3,126.4
698,27-Sep,1548.4,80.7,85,11,1232.65,13.7,45,30.9,136.3,157,130.1
699,26-Sep,1548.57,83.3,85,10.7,1233.45,15.7,45,30.8,140.5,152.8,135.6
700,25-Sep,1548.65,81.6,85,10.4,1234.2,17.6,45,32.8,142.4,143.3,143
701,24-Sep,1548.79,81.9,100,10.3,1234.9,18.7,50,31.8,142.7,143.7,158.2
702,23-Sep,1549.44,84.5,100,10.4,1235.7,18.7,50,31.5,145.1,141.8,160.9
703,22-Sep,1550,81.3,80.7,12,1236.5,18.7,50,36.1,148.1,143.5,143.7
704,21-Sep,1550,81.4,80.8,13.5,1237.3,20.7,50,35.9,151.5,149.9,154.4
705,20-Sep,1550,85.1,84.5,14,1238.05,21.8,55,35.7,156.6,162.6,162.7
706,19-Sep,1550,93.9,93.3,16.2,1238.9,23.7,55,36.8,170.6,164.4,177.6
707,18-Sep,1550,96.7,96.1,17.6,1239.7,22.8,55,40.3,177.4,175.3,183.3
708,17-Sep,1550,94.3,93.7,18.4,1240.5,22.2,55,41,175.9,189.3,202.5
709,16-Sep,1550,104.2,103.6,19.1,1241.3,26.3,55,44.8,194.4,192.5,201
710,15-Sep,1550,98.2,97.5,20,1242,29,29,44.8,192,188.3,210.5
711,14-Sep,1550,110.5,109.8,21.5,1242,29,29,44.7,205.7,200.4,212.7
712,13-Sep,1550,106.4,105.9,24.1,1242,29,29,44.2,203.7,208.7,220.5
713,12-Sep,1550,112,111.5,27.4,1242,29,29,46.5,214.9,215.7,223.6
714,11-Sep,1550,119.2,118.7,29.8,1242,33.9,33.9,44.5,227.4,211.9,224.7
715,10-Sep,1550,134.5,134,33.8,1242,38.3,38.3,49.4,256,236.3,240.2
716,9-Sep,1550,148.3,148.3,41.5,1242,38.3,38.3,46.2,274.3,251.3,248.3
717,8-Sep,1550,169.7,169.7,46,1242,52.7,52.7,58.4,326.8,256.4,248.6
718,7-Sep,1550,183.5,183.5,51.9,1242,56.3,56.3,57.8,349.5,259.2,316.1
719,6-Sep,1550,199.3,199.3,59.1,1242,38.5,38.5,57.7,354.6,256.4,309
720,5-Sep,1550,210.6,210.6,81,1242,66.6,66.6,57.6,415.8,243.8,319.2
721,4-Sep,1550,239.5,239.5,102.7,1242,48.9,48.9,71.8,462.9,250.3,270.6
722,3-Sep,1550,276.9,276.9,137.2,1242,70.4,70.4,71.8,556.3,260,257.2
723,2-Sep,1550,300.5,300.5,55.2,1242,57,57,75.2,487.9,274.6,260.9
724,1-Sep,1550,166.5,165.9,38,1242,59.3,24.4,82.4,346.2,272.6,266
725,31-Aug,1550,184,183.4,42.8,1241.15,33.4,45.7,66.4,326.6,280.8,269.7
726,30-Aug,1550,223.3,222.7,61.7,1241.45,50.9,73.5,83,418.9,264.1,272.9
727,29-Aug,1550,265.2,264.8,69.9,1242,71.1,71.1,126.8,533,264.4,290.3
728,28-Aug,1550,233.6,204.4,46.6,1242,149.4,57.6,255.4,685,260.8,296.2
729,27-Aug,1549,212.3,183.1,42,1239.75,81.5,69.7,139.6,475.4,258.3,311.8
730,26-Aug,1548,183.2,139.5,35.4,1239.45,31.5,10,98.9,349,251.6,328.5
731,25-Aug,1546.5,180.3,134.6,35.9,1238.9,21.7,10,73.3,311.2,238.2,329.3
732,24-Aug,1544.93,195.4,137.3,40,1238.6,19.8,10,78.4,333.6,238.7,324.6
733,23-Aug,1542.93,208.1,150,44.7,1238.35,21.7,10,78.4,352.9,260.2,335.1
734,22-Aug,1540.93,222.6,165.8,45.4,1238.05,21.7,10,99.8,389.5,282.6,335.2
735,21-Aug,1538.93,235.5,179.8,47.3,1237.75,25.6,10,81.6,390,334.4,340.7
736,20-Aug,1536.93,262.4,206.7,42.3,1237.35,31.5,10,88.4,424.6,394.7,349.4
737,19-Aug,1534.93,250,194.3,42.4,1236.8,25.6,10,96.6,414.6,441.2,351.6
738,18-Aug,1532.93,243.1,187.5,42.9,1236.4,27.6,10,92.6,406.2,517.7,371.2
739,17-Aug,1530.93,244.4,130,44.4,1235.95,23.7,10,92.6,405.1,488.5,396.4
740,16-Aug,1526.66,241.9,130,43.7,1235.6,21.7,10,87.2,394.5,502.3,438.3
741,15-Aug,1522.46,232.9,130,44,1235.3,25.6,10,72.6,375.1,550.6,463.8
742,14-Aug,1518.54,230.8,130,44,1234.9,21.7,10,92.7,389.2,507.9,465.1
743,13-Aug,1514.6,242.5,130,46.4,1234.6,23.7,10,76.7,389.3,518.9,463.8
744,12-Aug,1510.2,249.2,130,49.7,1234.25,25.6,10,76.7,401.2,533.7,469.5
745,11-Aug,1505.37,242.7,130,46.3,1233.85,29.5,10,77,395.5,523.4,485.9
746,10-Aug,1500.8,223.4,130,39.9,1233.35,31.5,10,87.7,382.5,511.2,498.4
747,9-Aug,1496.85,201.2,120,38.8,1232.8,30.6,15,77,347.6,464.2,493.9
748,8-Aug,1493.38,188.9,120,43.5,1232.4,26.7,15,62.9,322,490.4,503.2
749,7-Aug,1490.44,192.7,130,46.7,1232.1,24.8,15,60.9,325.1,468.8,474.2
750,6-Aug,1487.67,197,140,49.7,1231.85,22.8,15,66.3,335.8,462.9,465.2
751,5-Aug,1485.14,199.9,140,50,1231.65,26.7,15,66.2,342.8,486.7,472.2
752,4-Aug,1482.48,205.5,140,53.4,1231.35,26.7,15,66.2,351.8,518.1,472.9
753,3-Aug,1479.55,209.9,140,51.6,1231.05,28.7,15,55.4,345.6,537.2,487.6
754,2-Aug,1476.33,212.3,125,52.7,1230.7,30.6,15,71.5,367.1,600.3,492.5
755,1-Aug,1472.3,204.4,125,49.5,1230.3,34.2,15,71.5,359.6,563.7,496.7
756,31-Jul,1468.6,193.7,125,48.9,1229.8,33.6,15,60.8,337,529.9,525.8
757,30-Jul,1465.35,183.7,125,49,1229.3,27.4,20,72.5,332.6,539.7,546.8
758,29-Jul,1462.58,174.2,135,46.5,1229.1,32.4,25,67.2,320.3,600.9,506.1
759,28-Jul,1460.74,166.9,135,46.2,1228.9,28.7,25,60.8,302.6,542.2,476.6
760,27-Jul,1459.22,150.3,150,47,1228.8,31.3,35,60.3,288.9,522,465.5
761,26-Jul,1459.24,144,150,44,1228.9,31.3,35,65.2,284.5,537.4,439.5
762,25-Jul,1459.57,142.4,150,41.9,1229,34.7,23.6,54.4,273.4,478.2,435.5
763,24-Jul,1459.98,146.9,150,46.3,1228.7,28,15,49,270.2,451.2,432.4
764,23-Jul,1460.16,170.2,150,49.6,1228.35,33.6,15,59.7,313.1,450.1,424.2
765,22-Jul,1459.2,181.9,150,51.8,1227.85,46.6,15,65.1,345.4,433.6,421.3
766,21-Jul,1457.65,181.7,150,54.7,1227,31.1,20,59.7,327.2,449.4,429.3
767,20-Jul,1456.11,173.5,160,53.1,1226.7,36.1,25,67.2,329.9,462.6,433.8
768,19-Jul,1455.48,168.3,160,52.2,1226.4,32.4,25,57.5,310.4,464.9,439
769,18-Jul,1455.1,164.8,170,49.4,1226.2,34.3,25,62.8,311.3,454.4,447.2
770,17-Jul,1455.39,149.2,175,51,1225.95,36.1,25,62.8,299.1,495.5,443.8
771,16-Jul,1456.7,148,175,53,1225.65,32.4,25,62.8,296.2,521.2,417.8
772,15-Jul,1458.07,153.8,175,54.4,1225.45,32.4,25,62.8,303.4,524.3,414.7
773,14-Jul,1459.15,161.5,175,56.9,1225.25,36.1,25,52.1,306.6,537.3,419.7
774,13-Jul,1459.85,163.8,175,58.8,1224.95,38,25,68.1,328.7,541.6,417.6
775,12-Jul,1460.42,167.6,175,58.3,1224.6,43.6,25,67.8,337.3,539.1,410.4
776,11-Jul,1460.8,174.3,175,55.6,1224.1,45.7,23.4,68,343.6,523.4,412.6
777,10-Jul,1460.86,160.1,175,58.8,1223.5,42.9,15,68,329.8,518.5,402.7
778,9-Jul,1461.6,151.8,160,60.1,1222.75,41,15,73.3,326.2,477.8,388.7
779,8-Jul,1462.02,156.4,160,62.6,1222.05,42.9,15,62.5,324.4,451.6,386.2
780,7-Jul,1462.22,174.6,160,66.5,1221.3,40.4,20,62.3,343.8,456.1,389.3
781,6-Jul,1461.55,184.8,170,63.1,1220.75,46,20,67.7,361.6,446.2,393.4
782,5-Jul,1460.87,175,170,61.9,1220.05,48.2,20,72.5,357.6,415.4,390.7
783,4-Jul,1460.66,160.8,170,62.1,1219.25,44.6,20,73.5,341,345.7,376.8
784,3-Jul,1461.13,152.6,170,62.4,1218.55,49.9,20,68.2,333.1,314.2,360.4
785,2-Jul,1461.99,148.2,170,62.5,1217.7,44.6,20,67.9,323.2,325.6,364.2
786,1-Jul,1463.06,152.4,160,68.3,1217,46.3,20,62.3,329.3,308.6,372
787,30-Jun,1463.45,163.8,150,75.8,1216.25,48.1,20,72.9,360.6,293.3,370.8
788,29-Jun,1462.82,178.1,136.5,79.2,1215.45,53.4,20,67,377.7,286.2,365.6
789,28-Jun,1460.86,190,110,81.2,1214.5,49.6,25,62,382.8,278.5,364.9
790,27-Jun,1456.96,196.2,110,87.1,1213.8,60.1,25,66.7,410.1,296.4,367.5
791,26-Jun,1452.72,183.7,115,93.9,1212.8,49.6,25,82.1,409.3,311.6,366.6
792,25-Jun,1448.95,155.1,125,94,1212.1,56.1,35,75.1,380.3,319.7,364.4
793,24-Jun,1446.59,144.3,140,72.3,1211.5,52.3,40,60,328.9,301.5,356.2
794,23-Jun,1446.3,136.6,140,72.2,1211.15,48.8,40,52.3,309.9,285.5,353.5
795,22-Jun,1446.63,135.7,140,70.3,1210.9,48.8,40,52,306.8,289.3,349.3
796,21-Jun,1447.03,132.7,140,70.7,1210.65,50.3,45,59,312.7,282.1,337.8
797,20-Jun,1447.67,131.6,140,68.8,1210.5,52,45,54.3,306.7,274.6,332.1
798,19-Jun,1448.4,126.8,140,67.3,1210.3,50.3,45,54.2,298.6,265.6,328.4
799,18-Jun,1449.52,115.7,135,66,1210.15,50.3,45,50.5,282.5,258.9,333.8
800,17-Jun,1450.69,107,135,62.7,1210,50,45,50.3,270,250.7,338.9
801,16-Jun,1452.11,110.2,135,71.2,1209.85,48.3,45,43.1,272.8,251.7,339.4
802,15-Jun,1453.37,118.9,125,73.3,1209.75,50,45,46.6,288.8,249.5,329.4
803,14-Jun,1453.7,133.7,120,81.2,1209.6,53.3,45,50.1,318.3,297.6,325.3
804,13-Jun,1453.04,147.7,100,82.2,1209.35,56.6,45,46.4,332.9,334.4,331.5
805,12-Jun,1450.71,142,100,80.4,1209,58.2,45,53.3,333.9,292.6,323.4
806,11-Jun,1447.83,134.7,100,78.4,1208.6,56.6,45,53.3,323,262,315.6
807,10-Jun,1445.1,133.1,105,75.4,1208.25,61.6,50,46.1,316.2,235.8,306.1
808,9-Jun,1442.9,126.9,110,71.8,1207.9,58.3,50,42.2,299.2,228.8,302
809,8-Jun,1441.6,122.8,120,71.6,1207.65,60.1,75,41.7,296.2,222.8,298.1
810,7-Jun,1441.43,106.4,115,62.7,1208.1,60.2,80,41.2,270.5,246.1,296.6
811,6-Jun,1442.18,100.9,115,63.7,1208.7,50.3,80,36.9,251.8,273.1,294
812,5-Jun,1443.36,99.1,110,63.8,1209.6,51.3,75,34.6,248.8,289.4,283.4
813,4-Jun,1444.28,99.3,105,69.3,1210.3,52.4,70,35.6,256.6,288.4,273.8
814,3-Jun,1444.79,100.5,105,71.9,1210.8,54.2,70,33.8,260.4,269.5,266.2
815,2-Jun,1445.21,103.8,105,71.7,1211.25,57.7,70,39,272.2,249.7,263.1
816,1-Jun,1445.36,108.3,105,70.9,1211.6,57.7,70,34.8,271.7,224.4,256.7
817,31-May,1445.15,111.9,100,72.3,1211.95,57.7,70,34,275.9,201.6,248
818,30-May,1444.25,108.4,96.5,67.7,1212.3,59.5,70,36.8,272.4,184.1,240.8
819,29-May,1443.35,103.4,90,66.6,1212.6,57.7,70,39.6,267.3,187.1,241.3
820,28-May,1442.33,96.7,90,67.2,1212.95,61.2,70,39.3,264.4,202.2,248.3
821,27-May,1441.85,87.7,90,63.4,1213.2,63,70,35,249.1,213.2,242.1
822,26-May,1442.09,81.5,97.9,60.5,1213.4,55.9,70,33.9,231.8,248.8,243
823,25-May,1443.46,79.6,110,53.6,1213.8,52.4,70,31.9,217.5,220,239.1
824,24-May,1445.96,77,110,47.5,1214.3,57.7,70,31.8,214,203,237.5
825,23-May,1448.67,59.8,116.3,43.1,1214.65,58.9,80,31.8,193.6,185.8,235.6
826,22-May,1452.02,45.7,110,39.3,1215.25,50.1,80,23.4,158.5,188,238.5
827,21-May,1455.25,49.8,98.4,39.7,1216.1,50.9,65,23.4,163.8,187.1,241.9
828,20-May,1457.7,52.5,85,42.1,1216.5,53.8,45,30.5,178.9,190,242.9
829,19-May,1459.35,53.8,85,51.2,1216.25,57.3,45,30.5,192.8,211.8,238.3
830,18-May,1460.9,56.8,75,53.5,1215.9,60.5,50,30.5,201.3,200,221.2
831,17-May,1461.81,62.6,75,61,1215.6,67.6,50,34.1,225.3,197.3,207.4
832,16-May,1462.44,71.4,75,80.5,1215.1,88.6,50,34.1,274.6,186.4,206.8
833,15-May,1462.65,70.3,85,63.6,1214,78.1,50,26.9,238.9,176.9,210.4
834,14-May,1463.39,56.5,95,50.9,1213.2,58.5,55,31.9,197.8,170.5,223.8
835,13-May,1465.27,53.1,95,54.5,1213.1,58.5,55,28.9,195,165.8,220.2
836,12-May,1467.31,51.2,92,53,1213,58.5,55,28.9,191.6,162.4,204.8
837,11-May,1469.3,46.9,92,54.3,1212.9,58.5,55,28.9,188.6,164,198.6
838,10-May,1471.45,44.9,92,54.3,1212.8,55,55,28.9,183.1,154.5,192.9
839,9-May,1473.67,44.1,80,57.7,1212.8,55.5,48.5,28.7,186,145.4,190
840,8-May,1475.37,45.1,75,54.7,1212.6,54.1,40,31.8,185.7,139.8,182.3
841,7-May,1476.79,49.1,75,50.9,1212.2,55.8,40,28.7,184.5,135.9,176.8
842,6-May,1478.02,53.5,75,52.8,1211.75,59.9,30,18.7,184.9,136.7,171.5
843,5-May,1479.05,59.5,75,56.3,1210.9,67.2,28,31.8,214.8,142,167.7
844,4-May,1479.8,61,60,52.7,1209.75,79.2,28,28.7,221.6,161.5,164.9
845,3-May,1479.78,55.9,60,54.3,1208.2,61,28,28.7,199.9,172.4,160.5
846,2-May,1480,50.5,49.9,53.7,1207.2,59.4,28,28.6,192.2,178.1,163
847,1-May,1480,47.4,41.9,56.5,1206.25,59.4,28,25.4,188.7,181,164.3
848,30-Apr,1479.77,41.3,30,57.1,1205.3,54.4,28,31.3,184.1,191,163.4
849,29-Apr,1479.27,40.1,30,49,1204.5,56.1,28,25.4,170.6,196.3,161.2
850,28-Apr,1478.83,38.1,30,42.9,1203.65,59.4,28,26.7,167.1,209.5,163.1
851,27-Apr,1478.48,32.7,33,37.7,1202.7,53.7,35.5,29.8,153.9,232.6,162.8
852,26-Apr,1478.52,32.2,40,38,1202.15,51.6,40,23,144.8,229.2,156.4
853,25-Apr,1478.91,29.6,40,39.5,1201.8,51.6,40,23,143.7,221.6,157.4
854,24-Apr,1479.42,28,40,41.2,1201.45,48.2,35,20,137.4,203.8,158
855,23-Apr,1480,30,29.4,43.5,1201.05,43.3,35,21.5,138.3,190.3,165.9
856,22-Apr,1479.99,28.1,15,47.3,1200.8,49.9,35,23.1,148.4,188.5,169.2
857,21-Apr,1479.4,31.3,15,53,1200.35,53.3,32.6,26.1,163.7,182.7,163.5
858,20-Apr,1478.66,32.4,20,55.8,1199.7,63.3,30,31.4,182.9,203.9,162.4
859,19-Apr,1478.1,35.4,19.5,62.4,1198.6,60.2,30,33.7,191.7,238.9,166.7
860,18-Apr,1477.38,35.8,15,75.3,1197.6,51.2,30,29.1,191.4,263.1,163.5
861,17-Apr,1476.43,35.6,13,110.9,1196.9,56.2,32,30.8,233.5,178.2,139.7
862,16-Apr,1475.4,46.9,20,107.3,1196.1,47.1,32,29,230.3,170.2,130.7
863,15-Apr,1474.17,30.5,30,38.6,1195.6,44.1,32,22.7,135.9,190,130.6
864,14-Apr,1474.17,25.7,20,26.8,1195.2,41.1,35,22.7,116.3,181.2,132.5
865,13-Apr,1473.93,24.7,20,26.3,1195,41.1,35,19.5,111.6,176.9,133
866,12-Apr,1473.73,25,25,26.2,1194.8,38,35,22.7,111.9,185.3,132.3
867,11-Apr,1473.75,25,25,27.2,1194.7,38,35,19.5,109.7,174.1,127.1
868,10-Apr,1473.77,22.8,25,25.9,1194.6,38,35,19.4,106.1,156.4,123.2
869,9-Apr,1473.89,22.6,5,25.9,1194.5,38,35,22.4,108.9,162,126
870,8-Apr,1473.09,24.7,5,23.5,1194.4,38.8,31.3,22.4,109.4,156.2,136
871,7-Apr,1472.19,24.3,5,24.2,1194.15,43.2,25,19.2,110.9,147.8,146.3
872,6-Apr,1471.31,25.8,5,24.7,1193.55,41.6,25,22.1,114.2,137,136.3
873,5-Apr,1470.35,26.3,5,28.8,1193,45.8,5,25,125.9,118.8,146.7
874,4-Apr,1469.35,29.3,5,30.2,1191.65,53.4,5,27.7,140.6,119.5,157.5
875,3-Apr,1468.2,34.1,5,27.7,1190.05,54.1,5,30.6,146.5,110.6,132
876,2-Apr,1466.82,37.4,5,29.2,1188.3,62.4,5,30.6,159.6,109.2,119.6
877,1-Apr,1465.28,33.9,5,32.9,1186.25,47,5,26.7,140.5,124.8,115.3
878,31-Mar,1463.91,26.3,5,32.9,1184.75,46.4,10,36.3,141.9,125,121
879,30-Mar,1462.9,32.2,5,33.4,1183.45,59,10,40.1,164.7,97.5,127.7
880,29-Mar,1461.61,39.3,5,33,1181.7,84.1,10.8,66.6,223,79.6,102.6
881,28-Mar,1459.98,31.2,5,36.4,1179,92.2,15,89.3,249.1,80.3,103.2
882,27-Mar,1458.69,26.6,5,34.6,1176,32.7,25,18.3,112.2,75.7,131.2
883,26-Mar,1457.63,30.4,5,26.1,1175.7,37.9,25,18.3,112.7,72.8,113.2
884,25-Mar,1456.38,26,5,20.9,1175.2,34,25,18.4,99.3,72.2,111.2
885,24-Mar,1455.35,22.9,5,19.1,1174.85,27.6,25,25.3,94.9,76.9,96.3
886,23-Mar,1454.47,23.6,5,15.8,1174.75,27.6,25,17.5,84.5,77.9,87
887,22-Mar,1453.56,20.7,5,12.1,1174.65,27.6,25,17,77.4,84.7,91.5
888,21-Mar,1452.79,20.9,5,13,1174.55,23.7,25,17,74.6,86.7,96.6
889,20-Mar,1452.02,20.5,5,13.2,1174.6,26.3,25,14,74,69.5,96.6
890,19-Mar,1451.28,21.6,5,12.8,1174.55,26.4,20,20.8,81.6,65,100.3
891,18-Mar,1450.48,19,5,13,1174.3,23.9,20,17.9,73.8,62.2,89.5
892,17-Mar,1449.67,15.2,5,12.5,1174.15,25.1,20,21.9,74.7,64,90.7
893,16-Mar,1448.85,15.9,5,12.7,1173.95,25.1,20,24.9,78.6,67.6,84.9
894,15-Mar,1448.03,15.8,5,16.5,1173.75,27.7,20,28.4,88.4,70.7,81.7
895,14-Mar,1447.16,16.6,5,17.4,1173.45,31.7,15,21.4,87.1,74.4,86.1
896,13-Mar,1446.23,16.3,5,15.7,1172.8,34.3,6,49.2,115.5,82.6,84.7
897,12-Mar,1445.32,17.6,5,15.2,1171.7,29.2,6,13.9,75.9,63.7,86.2
898,11-Mar,1444.31,18.1,5,17.5,1170.8,30.1,6,16.8,82.5,59.8,72
899,10-Mar,1443.26,20.9,5,24.6,1169.85,32.6,8,13.9,92,60.6,67.5
900,9-Mar,1441.98,29,8,28.3,1168.8,51.5,15,28.4,137.2,64.8,67.9
901,8-Mar,1440.29,28.9,10,25.7,1167.25,37.3,15,25.5,117.4,65.9,67.1
902,7-Mar,1438.74,20.7,13,21.7,1166.3,25,25,24.1,91.5,67.1,70
903,6-Mar,1438.12,18.9,15,17.1,1166.3,23.6,33,13.5,73.1,69.8,74
904,5-Mar,1437.79,21,25,12.7,1166.7,20.4,35.7,13.5,67.6,71.9,73.8
905,4-Mar,1438.13,22.3,35,15.4,1167.35,20.4,35.7,16.4,74.5,76.4,77.1
906,3-Mar,1439,22.8,38,14.8,1168,21.6,35.7,11.5,70.7,67.5,78.7
907,2-Mar,1440.46,23.4,38,11.4,1168.6,27.5,35.7,16.4,78.7,65.9,66.7
908,1-Mar,1441.58,25.1,38,10.8,1168.95,34.5,35.7,15.4,85.8,64.9,69.8
909,29-Feb,1442.57,24,38,9.3,1169,21.6,35.7,12.2,67.1,0,47.5
910,28-Feb,1443.65,22.6,40,8.3,1169.6,16,35.7,15.1,62,66.5,69.3
911,27-Feb,1444.99,22,40,8.7,1170.4,14.3,40,11.2,56.2,68.3,69.8
912,26-Feb,1446.37,23.1,40,9.9,1171.4,15.6,40,10.6,59.2,73.6,73.4
913,25-Feb,1447.67,23.2,40,10.8,1172.35,15.6,40,10.7,60.3,71.3,64
914,24-Feb,1448.96,20.7,43,10.9,1173.3,15.6,40,10.5,57.7,87.8,67.1
915,23-Feb,1450.43,13.3,43,10.9,1174.25,15.6,40,10.5,50.3,102.6,66.3
916,22-Feb,1451.89,14.6,43,10.2,1175.2,16.8,40,10.1,51.7,171.5,70.4
917,21-Feb,1453.29,14.5,45,9.6,1176.1,16.8,40,15.3,56.2,61.8,64.3
918,20-Feb,1454.79,15.9,45,8.7,1177,14.3,40,15.3,54.2,62.1,60.8
919,19-Feb,1456.22,13.4,50,9.4,1178,19.4,40,17.8,60,64.5,55.1
920,18-Feb,1458.02,14.9,60,9.4,1178.8,15.4,45,17.6,57.3,63.9,56.1
921,17-Feb,1460.23,13.5,60,10.6,1179.95,18.5,45,11.7,54.3,73.3,59.4
922,16-Feb,1462.44,14.4,60,10.9,1180.9,17,45,13.3,55.6,77.7,60.3
923,15-Feb,1464.61,19.5,55,9.2,1181.9,18.4,45,13.3,60.4,60.7,65.6
924,14-Feb,1466.3,17.5,48,8.5,1182.85,12.8,45,12.8,51.6,52.7,59.8
925,13-Feb,1467.75,15.6,48,8.2,1184,14.2,45,12.8,50.8,53.6,54.8
926,12-Feb,1469.29,14.7,48,8.6,1185.1,10.4,30,12.7,46.4,53.9,53.8
927,11-Feb,1470.85,14.8,48,10,1185.8,12.4,25,12.7,49.9,55,54.8
928,10-Feb,1472.39,15.2,45,10.3,1186.25,12.2,15,10.3,48,61.5,71.3
929,9-Feb,1473.77,14.6,28,10.2,1186.35,10.8,15,12.7,48.3,74.2,77.9
930,8-Feb,1474.39,15.5,28,9.4,1186.5,13.6,15,12.7,51.2,114,69.6
931,7-Feb,1474.97,15.1,28,9.4,1186.55,10.8,15,10.3,45.6,48.9,55.9
932,6-Feb,1475.57,16,35,9.9,1186.7,14.4,20,12.7,53,44.2,71.9
933,5-Feb,1476.45,14.7,35,9.7,1186.9,13.6,15,10.3,48.3,49.4,53
934,4-Feb,1477.39,16.4,35,9.7,1186.95,13.6,15,12.7,52.4,45.9,44.7
935,3-Feb,1478.25,16.9,35,10.3,1187,15,15,12.7,54.9,49.8,42.3
936,2-Feb,1479.09,16,35,11,1187,10.8,15,12.7,50.5,48.6,42.6
937,1-Feb,1479.97,15.5,35,10.5,1187.15,13.6,15,12.7,52.3,44.1,42.3
938,31-Jan,1480.84,16.8,35,10.3,1187.2,13.6,15,15,55.7,42,43.1
939,30-Jan,1481.65,17.1,25,10.5,1187.25,16.4,15,24.5,68.5,41.2,41.2
940,29-Jan,1482,17.1,17.1,10.6,1187.2,19.8,10,17.4,64.9,42.8,40.4
941,28-Jan,1482,15.8,15.8,10.6,1186.85,15.6,10,12.7,54.7,43.8,42.3
942,27-Jan,1482,17.2,17.2,10.6,1186.65,13.2,2,12.3,53.3,46.7,48.3
943,26-Jan,1482,16.8,16.8,11.3,1186.25,14.6,2,13.6,56.3,47.9,43.1
944,25-Jan,1482,16.6,16.6,10.7,1185.8,13,3.2,13.6,53.9,48.6,42.6
945,24-Jan,1482,17.8,17.8,10.4,1185.45,14.8,5,12.3,55.3,58,43.7
946,23-Jan,1482,16.1,16.1,10.6,1185.1,14.8,5,12.3,53.8,82,46.3
947,22-Jan,1482,20.3,20.3,11,1184.75,16.2,5,12.3,59.8,46.7,40.6
948,21-Jan,1482,17.8,17.8,11.2,1184.35,14.8,5,13.6,57.4,35,39.4
949,20-Jan,1482,16.8,16.8,10.6,1184,16.9,0.1,13.6,57.9,34.6,40.2
950,19-Jan,1482,16.6,16.6,11,1183.4,16.9,0.1,13.6,58.1,35.1,42.2
951,18-Jan,1482,15.6,15.6,11.6,1182.8,16.9,0.1,16.1,60.2,34.6,41.6
952,17-Jan,1482,15.7,15.7,12.5,1182.2,14.1,0.1,22,64.3,33.8,41.5
953,16-Jan,1482,17.7,17.7,14.6,1181.7,14.1,0.1,22,68.4,34.3,39.9
954,15-Jan,1482,19.5,19.5,13.4,1181.2,23.9,0.1,35.9,92.7,32.6,38.8
955,14-Jan,1482,23.6,16,10.4,1180.35,40.8,0.1,44.6,119.4,33.3,39.2
956,13-Jan,1481.66,17,8,8.7,1178.8,9.3,1.6,12.9,47.9,33.3,39
957,12-Jan,1481.26,16.1,8,8.2,1178.5,10,10,17.1,51.4,31.5,38.6
958,11-Jan,1480.9,16.3,8,7.9,1178.5,9.1,1.4,17.1,50.4,30.6,38.5
959,10-Jan,1480.53,16.8,8,8,1178.2,9.1,1.4,17.1,51,30.8,38.7
960,9-Jan,1480.17,17,8,9.1,1177.9,10.4,1.4,18.9,55.4,30.8,39.1
961,8-Jan,1479.79,17.1,8,8.1,1177.55,11.7,1.4,9.1,46,32,39.9
962,7-Jan,1479.4,17.5,8,7.2,1177.15,9.8,2,7.8,42.3,31.4,40.1
963,6-Jan,1478.99,16.3,8,5.7,1176.85,8.6,6,7.8,38.4,31,39.4
964,5-Jan,1478.64,16.9,8,6.4,1176.75,9.9,6,9.1,42.3,30.5,38.9
965,4-Jan,1478.26,16.5,8,6.4,1176.6,11.1,6,9.1,43.1,31,38.8
966,3-Jan,1477.9,16.3,8,6.1,1176.4,9.9,6,9.1,41.4,30.8,39.5
967,2-Jan,1477.55,16.9,8,6.6,1176.25,11.1,6,9.3,43.9,31.8,39.2
968,1-Jan,1477.17,17.1,8,6.2,1176.05,11.1,6,9.3,43.7,31.8,38.9
969,31-Dec,1476.78,16.1,10,6.9,1175.85,10.6,8,9.6,43.2,33.1,40.5
970,30-Dec,1476.53,17,12,8.1,1175.75,10.6,8,9.6,45.3,32.6,40.3
971,29-Dec,1476.33,16.4,12,7.7,1175.65,10.6,8,10.9,45.6,32.9,39.3
972,28-Dec,1476.16,17.7,12,7.2,1175.55,11.9,8,12.9,49.7,36,38.8
973,27-Dec,1475.93,18.2,12,7.1,1175.4,10.6,8,12.9,48.8,36.5,39.4
974,26-Dec,1475.66,18,12,7.8,1175.3,11.9,8,11.5,49.2,33.4,38.4
975,25-Dec,1475.4,16.8,12,7.2,1175.15,12.9,18,11.6,48.5,31.9,40.5
976,24-Dec,1475.2,17.2,12,7.5,1175.35,12.9,18,14.8,52.4,36.1,40.5
977,23-Dec,1474.98,17.7,18,7.2,1175.55,14.1,18,12.2,51.2,35.7,40.3
978,22-Dec,1475.02,19,18,7.5,1175.7,12.9,18,14.8,54.2,32.3,40.5
979,21-Dec,1475,18.2,18,7.8,1175.9,12.9,18,12.2,51.1,35.2,41.1
980,20-Dec,1475.02,19,18,6.9,1176.1,14.9,20,11.6,52.4,36.8,41.8
981,19-Dec,1475,19,20,7.7,1176.3,14.9,20,11.6,53.2,38.1,42.5
982,18-Dec,1475.08,19,25,7.8,1176.5,13.6,20,14.8,55.2,37.9,43.1
983,17-Dec,1475.39,20.7,25,8.3,1176.75,13.6,20,16,58.6,40.7,45.1
984,16-Dec,1475.62,20.3,25,8.1,1177,14.9,20,17.5,60.8,41.1,45.6
985,15-Dec,1475.87,21,25,8.4,1177.2,15.7,26,36.1,81.2,43,46.6
986,14-Dec,1476.09,19.7,25,8.4,1177.6,15.7,26,60,103.8,46.3,47.1
987,13-Dec,1476.37,19,28,8.1,1178,16.1,29,10.4,53.6,40.3,46.9
988,12-Dec,1476.82,20.3,28,8.2,1178.5,14.3,31,10.4,53.2,42.1,47.7
989,11-Dec,1477.2,20.7,28,8,1179.15,14.3,31,10.3,53.3,41.7,45.5
990,10-Dec,1477.56,19.1,33.3,8.8,1179.8,13.1,35,9.8,50.8,42.8,45.3
991,9-Dec,1478.24,21.3,40,9.1,1180.6,15.4,35,12.6,58.4,41.1,45.7
992,8-Dec,1479.13,21.1,40,9.7,1181.3,15.4,35,12.6,58.8,41.8,46.8
993,7-Dec,1480.03,20.5,40,8.4,1182,15.4,35,12.6,56.9,40.2,47.7
994,6-Dec,1480.92,21.6,50,8.8,1182.7,15.4,35,12.6,58.4,41.3,47.6
995,5-Dec,1482.21,20.5,55,9.1,1183.4,18.2,35,11.6,59.4,41.4,47.8
996,4-Dec,1483.77,22.7,55,9.2,1184,16.6,32,11.6,60.1,43.8,48.4
997,3-Dec,1485.23,23,55,9.3,1184.55,17.2,27,15.4,64.9,45.2,48.5
998,2-Dec,1486.68,23.9,55,10.3,1184.9,18.6,27,18.3,71.1,47,48.5
999,1-Dec,1488.09,25.4,55,11,1185.2,22.8,27,18.3,77.5,48.5,49.7
1000,30-Nov,1489.43,24.5,55,10.4,1185.35,24.2,27,21.2,80.3,48.6,50.3
1001,29-Nov,1490.78,24.5,45,10.6,1185.45,24.2,27,24.1,83.4,50.1,50.3
1002,28-Nov,1491.68,24.3,45,11.4,1185.55,18.6,27,15.4,69.7,51.8,50.5
1003,27-Nov,1492.59,25.2,45,11.7,1185.85,20,27,13,69.9,50.5,50.8
1004,26-Nov,1493.46,25.2,45,11.4,1186.1,21.4,27,11.5,69.5,52.3,51.7
1005,25-Nov,1494.33,27.5,55,11.5,1186.3,27,27,10.2,76.2,51.3,52.9
1006,24-Nov,1495.53,29.8,55,11.3,1186.3,18.6,27,10.2,69.9,53.9,52.7
1007,23-Nov,1496.63,27.5,55,11.1,1186.6,18.8,30,11.6,69,54.8,53.1
1008,22-Nov,1497.83,26.6,55,11.4,1187,20.4,33,12.6,71,46.3,52.2
1009,21-Nov,1499.07,26.2,55,11.4,1187.45,19,33,12.6,69.2,45.4,54
1010,20-Nov,1500.31,26.1,55,12.6,1187.95,19.6,35,12.6,70.9,44.4,52.9
1011,19-Nov,1501.51,28.1,55,14.3,1188.5,21,35,12.6,76,46.6,54.1
1012,18-Nov,1502.63,30.4,60,17.3,1189,24.4,37,12.6,84.7,49.2,56.4
1013,17-Nov,1503.86,36.2,60,9.7,1189.45,28.6,37,12.6,87.1,51,58.2
1014,16-Nov,1504.85,28.5,65,8.8,1189.75,16.4,40,11.7,65.4,51.3,58
1015,15-Nov,1506.36,28.7,64.2,8.9,1190.55,15.8,40,11.7,65.1,50.2,58.7
1016,14-Nov,1507.83,28.3,65,8.3,1191.35,15.8,40,11.8,64.2,51.5,58.3
1017,13-Nov,1509.35,26.7,65,8.4,1192.15,14.3,40,12.9,62.3,50.3,57.1
1018,12-Nov,1510.9,26.1,65,8.4,1193,15.8,40,12.9,63.2,56.7,59.3
1019,11-Nov,1512.45,26.9,65,9.4,1193.8,15.8,40,15.8,67.9,51.5,60
1020,10-Nov,1513.97,27.7,60,8.5,1194.6,20.5,25,18.7,75.4,57.4,62.7
1021,9-Nov,1515.26,27.7,60,10.1,1194.75,23.5,25,24.5,85.8,55.5,62.3
1022,8-Nov,1516.55,31.2,65,8.9,1194.8,32.4,40,77,149.5,56.7,62.2
1023,7-Nov,1517.9,31.2,65,7.5,1195.05,21.9,40,10.4,71,55.9,63.7
1024,6-Nov,1519.25,28.4,65,9.3,1195.6,11.3,40,9.8,58.8,59.3,65.7
1025,5-Nov,1520.68,27.7,55,9,1196.6,14.3,40,10.8,61.8,77.9,67.5
1026,4-Nov,1521.73,28.8,50,8.5,1197.45,11.3,40,9.7,58.3,72.2,62.6
1027,3-Nov,1522.55,29.9,50,8,1198.4,9.9,40,10,57.8,77.4,63.2
1028,2-Nov,1523.33,28.5,50,6.5,1199.4,10.3,40,10.8,56.1,58.6,61.3
1029,1-Nov,1524.16,29.2,50,6.9,1200.35,10.2,35,9.7,56,44.6,60.6
1030,31-Oct,1524.97,31.3,50,7,1201.1,11.9,35,11.3,61.5,48.4,62.9
1031,30-Oct,1525.7,29,30,7,1201.8,7.1,22,9.7,52.8,47.3,63.2
1032,29-Oct,1525.76,28.7,30,7.3,1202.25,8,8,9.7,53.7,47.6,63.9
1033,28-Oct,1525.83,29.8,30,9.1,1202.25,9.7,8,9.5,58.1,49.4,67.2
1034,27-Oct,1525.86,30.5,25,8.2,1202.2,8,8,10.2,56.9,50.5,71.3
1035,26-Oct,1525.68,30.5,25,9.1,1202.2,8,8,13.3,60.9,50.4,68.7
1036,25-Oct,1525.5,30.6,25,9,1202.2,9.7,8,13.3,62.6,51.8,67.1
1037,24-Oct,1525.3,32.6,30,10.3,1202.15,9.5,2.9,13.4,65.8,53.9,68.5
1038,23-Oct,1525.23,32.8,25,10.6,1201.95,11.1,2.8,11.7,66.2,51.9,69.6
1039,22-Oct,1524.95,33.4,33,12,1201.7,8.8,3.8,15,69.2,55.7,70.1
1040,21-Oct,1524.95,34.8,40,11.4,1201.55,10.4,3.8,15,71.6,54.2,72.6
1041,20-Oct,1525.16,38,40,13.9,1201.35,12.1,3.8,14.6,78.6,60.8,72.7
1042,19-Oct,1525.25,37.2,40,10.3,1201.1,15.9,6,12.6,76,62.2,73.4
1043,18-Oct,1525.37,39.9,40,9.5,1200.8,8.3,10,14.2,71.9,66.4,74.8
1044,17-Oct,1525.39,37.2,40,9.8,1200.85,10,15,14.3,71.3,64,77
1045,16-Oct,1525.51,38,43,10.8,1201,8.5,25,14.6,71.9,59,79.2
1046,15-Oct,1525.6,37.8,40,13.3,1201.5,11.9,35,14.4,77.4,62.9,79.9
1047,14-Oct,1525.7,40.4,40,15.3,1202.2,11.9,35,13.2,80.8,66.4,81.7
1048,13-Oct,1525.7,40.4,40,15,1202.9,11.9,35,13.8,81.1,69.4,85.3
1049,12-Oct,1525.7,41.7,40,15,1203.6,11.9,35,14.4,83,73.3,88.8
1050,11-Oct,1525.65,42.8,45,15.4,1204.3,10.2,35,16,84.4,71.9,90.8
1051,10-Oct,1525.75,45.6,50,15.8,1205.05,11.9,35,15,88.3,72.2,95.2
1052,9-Oct,1525.93,48.7,65,16.5,1205.75,13.5,35,15,93.7,70.6,98.4
1053,8-Oct,1526.56,52.1,75,17,1206.4,13.5,35,14.8,97.4,80.4,102.4
1054,7-Oct,1527.44,57.1,80,17.1,1207.05,8.6,35,19.2,102,74,102.3
1055,6-Oct,1528.32,61,85,16.2,1207.85,10.3,40,21.8,109.3,73.7,105.1
1056,5-Oct,1529.24,70.2,85,15.8,1208.75,13.6,45,23.2,122.8,76.6,105.5
1057,4-Oct,1529.81,74.4,77,14.4,1209.7,15.8,45,23.3,127.9,80.7,107
1058,3-Oct,1529.92,87.2,95,16.9,1210.55,15.1,45,27.4,146.6,82.2,108.6
1059,2-Oct,1530.22,100.4,95,19,1211.4,18.7,45,27.9,166,88,112
1060,1-Oct,1530.04,101.9,100,16.4,1212.15,15.1,45,32.8,166.2,90.6,113.1
1061,30-Sep,1529.98,103.3,110,16.5,1213,13.7,40,37.7,171.2,99.5,118
1062,29-Sep,1530.24,101.2,110,17.9,1213.75,18.9,40,33.8,171.8,97.9,122.3
1063,28-Sep,1530.56,99.9,125,16,1214.35,24.2,40,37.2,177.3,101.7,121.4
1064,27-Sep,1531.47,98.8,125,15.8,1214.8,11.9,40,30.5,157,112.6,126.7
1065,26-Sep,1532.42,94.6,125,15.6,1215.6,17.7,30,24.9,152.8,119.9,132.5
1066,25-Sep,1533.52,89.6,125,14.9,1215.95,14.2,28.3,24.6,143.3,134.6,140.8
1067,24-Sep,1534.8,88.6,135,15,1216.3,12.2,35,27.9,143.7,174.8,155.6
1068,23-Sep,1536.48,85.3,135,14.7,1217,12.2,35,29.6,141.8,104.4,158.6
1069,22-Sep,1538.28,87.5,135,14.3,1217.65,12.2,35,29.5,143.5,99,140.6
1070,21-Sep,1540,83.5,125,14.2,1218.3,17.4,35,34.8,149.9,104.9,150.2
1071,20-Sep,1541.44,95.7,130,14.5,1218.8,15.9,37,36.5,162.6,105.2,157.2
1072,19-Sep,1542.63,100.6,130,14.6,1219.4,12.7,32,36.5,164.4,113.9,173
1073,18-Sep,1543.65,108,140,15.4,1219.95,11.7,32,40.2,175.3,124,177.8
1074,17-Sep,1544.76,111.4,140,15.5,1220.5,18.4,37,44,189.3,137.9,195.8
1075,16-Sep,1545.75,115.5,140,16.3,1221,14.7,37,46,192.5,155.3,194.4
1076,15-Sep,1546.6,119.9,145,17.3,1221.6,13.4,32,37.7,188.3,177.5,204.1
1077,14-Sep,1547.47,122,150,17.3,1222.1,13.9,25,47.2,200.4,178.1,205.4
1078,13-Sep,1548.44,126.9,150,17.1,1222.4,15.7,25,49,208.7,177.9,212.7
1079,12-Sep,1549.24,128.1,150,17.4,1222.65,17.4,22.9,52.8,215.7,187.4,215.1
1080,11-Sep,1550,126.7,126.7,19.1,1222.8,15.6,10,50.6,212,186.8,217
1081,10-Sep,1550,141.5,141.5,19.5,1222.65,15.6,10,59.7,236.3,196.8,229.6
1082,9-Sep,1550,154.7,154.7,19.8,1222.5,15.6,10,61.2,251.3,211.6,236.8
1083,8-Sep,1550,159.7,159.7,19.5,1222.35,19.3,10,57.9,256.4,221.5,238.7
1084,7-Sep,1550,158,158,18.9,1222.1,21.1,10,61.2,259.2,208.3,307.6
1085,6-Sep,1550,152.7,152.7,19.3,1221.8,21.1,10,63.3,256.4,228.2,302.9
1086,5-Sep,1550,143.4,143.4,19.8,1221.5,19.3,10,61.3,243.8,237,318.9
1087,4-Sep,1550,152.6,152.6,21.1,1221.25,19.3,10,57.3,250.3,252.7,274.1
1088,3-Sep,1550,154.9,154.9,22.7,1221,21.1,10,61.3,260,260.5,258.7
1089,2-Sep,1550,163.6,163.6,21.6,1220.7,23,10,66.4,274.6,252,261.3
1090,1-Sep,1550,166.4,166.4,20.5,1220.35,23,10,62.7,272.6,259.8,266.7
1091,31-Aug,1550,166.6,166.6,20.6,1220,24.1,10,69.5,280.8,248.6,266.9
1092,30-Aug,1550,157.9,157.4,21.5,1219.6,25.8,10,58.9,264.1,240.9,270.3
1093,29-Aug,1550,154.4,153.8,23.3,1219.15,25.8,10,60.9,264.4,268.3,287.1
1094,28-Aug,1550,147.6,147.2,23.1,1218.7,25.8,10,64.3,260.8,300.5,293.7
1095,27-Aug,1550,145.3,144.9,25.2,1218.25,28.8,13,59,258.3,341.6,310.8
1096,26-Aug,1550,137.6,136.8,24.3,1217.8,36.1,15,53.6,251.6,367.3,326.8
1097,25-Aug,1550,134.3,133.5,24.4,1217.2,29.1,15,50.4,238.2,379,328.2
1098,24-Aug,1550,134.3,133.6,26.4,1216.8,30.8,15,47.2,238.7,375.1,325.5
1099,23-Aug,1550,140.5,140,28.7,1216.35,32.6,15,58.4,260.2,365.3,334.8
1100,22-Aug,1550,163.2,162.7,34.4,1215.85,32.8,10,52.2,282.6,351.3,335.5
1101,21-Aug,1550,183,182.7,39.5,1215.2,34.6,10,77.3,334.4,356.5,339.2
1102,20-Aug,1550,198.3,181.9,47.1,1214.5,39.9,10,109.4,394.7,374.2,345.2
1103,19-Aug,1549.44,236.7,207.9,60.8,1213.65,45.1,10,98.6,441.2,376,349.8
1104,18-Aug,1548.45,263.3,222.6,66.6,1212.65,52.2,10,135.6,517.7,352,367.5
1105,17-Aug,1547.05,295.2,299.2,61,1211.45,39.9,10,92.4,488.5,359.6,399.7
1106,16-Aug,1547.19,304.8,302.2,61.3,1210.6,49.2,10,87,502.3,394.3,436.8
1107,15-Aug,1547.1,301.1,297.4,63.6,1209.45,69.4,10,116.5,550.6,462.6,453.8
1108,14-Aug,1547,301.9,298.2,63,1207.65,48,10,95,507.9,564.5,458.2
1109,13-Aug,1546.9,307.2,292.8,73.7,1206.5,43,10,95,518.9,459,453.5
1110,12-Aug,1546.43,305,277.4,83.6,1205.5,46.3,10,98.8,533.7,425.4,456
1111,11-Aug,1545.5,299.8,284.6,68.6,1204.4,56.2,10,98.8,523.4,435.7,475.2
1112,10-Aug,1545,299.8,270.5,59.6,1203,52.9,10,98.9,511.2,448.4,489.1
1113,9-Aug,1544,270.2,241,59.1,1201.7,41.4,10,93.5,464.2,464.8,491.1
1114,8-Aug,1543,268.2,238.8,57.4,1200.75,59,10,105.8,490.4,480.6,501.2
1115,7-Aug,1542,269.7,240.2,56.2,1199.2,47.8,10,95.1,468.8,387.5,473.5
1116,6-Aug,1541,267.8,238.5,60.9,1197.95,46.3,10,87.9,462.9,326.3,464.7
1117,5-Aug,1540,283,227.3,68.9,1196.75,47.8,10,87,486.7,297.4,467.6
1118,4-Aug,1538,310.9,255.6,72.8,1195.5,52.3,10,82.1,518.1,287,463.3
1119,3-Aug,1536,319.2,263.9,74.9,1194.1,52.3,10,90.8,537.2,287.6,477.8
1120,2-Aug,1534,323.9,268.6,77.7,1192.7,72,10,126.7,600.3,290.8,475.9
1121,1-Aug,1532,297.8,242,75.6,1190.65,56.2,10,134.1,563.7,305.6,483.8
1122,31-Jul,1530,278.7,225.3,82.6,1189.05,45,10,123.6,529.9,329.3,521.4
1123,30-Jul,1528,300,240,94.9,1187.8,49.2,10,95.6,539.7,378.8,543.9
1124,29-Jul,1525.75,309.4,229.5,98.4,1186.4,56.2,10,136.9,600.9,441.5,498.9
1125,28-Jul,1522.75,308.1,177.6,90,1184.75,47.8,10,96.3,542.2,483.1,468.4
1126,27-Jul,1517.75,292.8,170,88.8,1183.4,49.2,10,91.2,522,509.6,455.4
1127,26-Jul,1512.94,282.5,170,75.7,1182,60.4,10,118.8,537.4,487.6,426.7
1128,25-Jul,1508.48,257.3,170,74,1180.2,54.2,10,92.7,478.2,510.3,430.5
1129,24-Jul,1504.94,246.3,170,76.6,1178.5,48.6,10,79.7,451.2,501.7,434.7
1130,23-Jul,1501.85,240.4,170,79.3,1177,51.2,10,79.2,450.1,449.2,426
1131,22-Jul,1498.95,239.2,170,80.1,1175.4,46,10,68.3,433.6,427.4,425.1
1132,21-Jul,1496.01,239.9,170,83.4,1174,52.5,10,73.6,449.4,413.1,432.4
1133,20-Jul,1493.04,237.6,170,85.1,1172.35,53.2,12,86.7,462.6,394.5,432.8
1134,19-Jul,1490.17,244.1,170,85.4,1170.75,54.8,12,80.6,464.9,406,438.7
1135,18-Jul,1486.9,249.4,170,86.9,1169,48.5,12,69.6,454.4,416.9,442.4
1136,17-Jul,1483.39,263.4,160,96.3,1167.45,55.5,12,80.3,495.5,403.2,433.6
1137,16-Jul,1478.75,275.7,160,100,1165.6,61.4,12,84.1,521.2,386.7,406
1138,15-Jul,1473.4,287.8,160,98.4,1163.5,59,12,79.1,524.3,384.7,405.3
1139,14-Jul,1467.42,299.7,160,92.2,1161.5,62.2,12,83.2,537.3,403.9,411.1
1140,13-Jul,1460.78,300,160,94.8,1159.3,59.8,12,87,541.6,337.8,404.7
1141,12-Jul,1453.94,288.1,160,98.3,1157.05,62,12,90.7,539.1,326.5,395.2
1142,11-Jul,1446.36,268.7,160,99,1154.7,69.4,12,86.3,523.4,302,396.9
1143,10-Jul,1437.95,254.7,172.5,97.6,1152,68.9,15,97.3,518.5,264.6,383.2
1144,9-Jul,1431.35,231.8,170,95,1149.4,65.3,20,85.7,477.8,254.5,370.6
1145,8-Jul,1426.27,225.1,167.8,96.5,1147,55.9,20,74.1,451.6,248.5,367.7
1146,7-Jul,1421.51,219.9,166.7,95.3,1145.1,63.4,20,77.5,456.1,272.8,370.8
1147,6-Jul,1417,217.3,164.2,86.1,1142.8,65.6,25,77.2,446.2,319.3,378.2
1148,5-Jul,1412.45,190.5,163.6,81.4,1140.65,59.8,30,83.7,415.4,321.8,382.2
1149,4-Jul,1410.18,156.2,134.5,71.2,1138.95,53.4,40,64.9,345.7,309.6,377.9
1150,3-Jul,1408.31,146.2,130,63.5,1138.15,50.9,40,53.6,314.2,281.9,366.9
1151,2-Jul,1406.93,146.9,125,66.3,1137.5,55.1,40,57.3,325.6,258.8,373.8
1152,1-Jul,1405.04,130.1,120,70,1136.6,55.1,40,53.4,308.6,258.1,383.4
1153,30-Jun,1404.19,117.3,120,70.1,1135.7,52.5,45,53.4,293.3,271.6,382.3
1154,29-Jun,1404.52,114.9,120,68.4,1135.25,53.3,50,49.6,286.2,230.7,375.3
1155,25-Jun,1405.22,136.7,115,75.4,1139.05,58,105,49.6,319.7,233.2,360.4
1156,24-Jun,1403.35,132.5,100,76.7,1141.65,50.3,105,42,301.5,241.7,351.6
1157,23-Jun,1400.5,116.3,105,76,1144.65,51.2,105,42,285.5,256.2,349.4
1158,22-Jun,1398.87,119.4,110,73,1147.4,54.9,105,42,289.3,247.8,342.9
1159,21-Jun,1396.9,114.8,105.2,66.6,1150.05,55,105,45.7,282.1,261.2,332
1160,20-Jun,1394.9,114.6,102.8,62.6,1152.4,51.8,105,45.6,274.6,280.5,327.3
1161,19-Jun,1392.4,101,107.7,60.9,1154.9,58.2,105,45.5,265.6,277.8,325.8
1162,18-Jun,1393.26,100.2,98.7,55.1,1157.1,58.2,105,45.4,258.9,307.8,332.7
1163,17-Jun,1393.9,91.5,106,58,1159.3,56,85,45.2,250.7,322,338.5
1164,16-Jun,1397.27,93.7,110.9,56.3,1160.6,60.3,85,41.4,251.7,318.7,339.4
1165,15-Jun,1400.5,86.3,115,56.1,1161.65,61.9,60.7,45.2,249.5,323,329.9
1166,14-Jun,1403.15,102.5,115,67.4,1161.6,75.6,45,52.1,297.6,308.6,319.9
1167,13-Jun,1404.34,117.1,100,82.4,1160.3,75.4,45,59.5,334.4,323.5,321.8
1168,12-Jun,1402.88,105,100,78.5,1158.9,53.5,45,55.6,292.6,346.5,317.6
1169,11-Jun,1402.5,91,100,70,1158.5,49.3,45,51.7,262,360.6,312.5
1170,10-Jun,1403.38,75.4,105,69.3,1158.3,47.1,45,44,235.8,378.4,304.8
1171,9-Jun,1406.1,81.5,110,57,1158.2,46.4,40,43.9,228.8,364.5,304.3
1172,8-Jun,1408.72,81.8,110,53.6,1157.9,48.5,40,38.9,222.8,356.3,304.7
1173,7-Jun,1411.27,92.3,100,59.9,1157.5,51.3,30,42.6,246.1,342.4,306.6
1174,6-Jun,1412,104,95,67.3,1156.5,55.5,30,46.3,273.1,319.6,301.9
1175,5-Jun,1411.28,112.4,95,72.3,1155.3,58.4,30,46.3,289.4,281.4,290
1176,4-Jun,1409.85,110.6,103.2,74.6,1153.9,56.9,25,46.3,288.4,240,280.1
1177,3-Jun,1409.21,100.7,80,69.9,1152.4,52.6,25,46.3,269.5,207.8,273.2
1178,2-Jun,1408.02,94.3,80,60.6,1151.15,52.3,30,42.5,249.7,196.4,271.5
1179,1-Jun,1406.81,76.9,80,53.6,1150.05,51.4,40,42.5,224.4,157.6,265.1
1180,31-May,1407.15,71,75,46.4,1149.45,49.6,60,34.6,201.6,156.8,257.8
1181,30-May,1407.57,64.8,68.4,39.4,1150,49.4,60,30.5,184.1,141.3,250.2
1182,29-May,1407.96,64.3,50,46.1,1150.5,46.2,60,30.5,187.1,129.1,248.8
1183,28-May,1406.74,68,50,57,1151.15,47.2,60,30,202.2,123.6,252.4
1184,27-May,1405.19,69.9,55,61.6,1151.75,48.3,60,33.4,213.2,112.9,246.2
1185,26-May,1403.92,75.5,70,76,1152.3,53.3,65,44,248.8,108.5,245
1186,25-May,1403.49,75.1,75,57,1152.85,52.2,65,35.7,220,109.9,244.7
1187,24-May,1403.54,67.6,70,50.2,1153.45,50.1,65,35.1,203,117.2,244
1188,23-May,1403.82,59,70,45.5,1154.15,46.9,65,34.4,185.8,122.8,245
1189,22-May,1404.87,56.3,70,47.6,1155,49.9,52,34.2,188,124.1,248.7
1190,21-May,1406.16,57.2,70,51.5,1155.1,47.7,52,30.7,187.1,132.3,250.3
1191,20-May,1407.36,57.7,60,55.3,1155.3,46.7,52,30.3,190,136.9,248.6
1192,19-May,1407.62,62.8,60,65.5,1155.55,49.8,52,33.6,211.7,134.3,239.2
1193,18-May,1407.42,59.7,60,66.3,1155.65,46.7,52,27.3,200,137,221.8
1194,17-May,1407.5,57.8,50,64.7,1155.9,44.5,70,30.3,197.3,133.2,208
1195,16-May,1406.85,52.7,50,57.9,1157.1,45.5,70,30.3,186.4,147.2,207
1196,15-May,1406.68,48.6,50,52.5,1158.25,45.5,70,30.3,176.9,163.9,210.2
1197,14-May,1406.88,48.9,55,47,1159.4,44.3,70,30.3,170.5,164.7,223.5
1198,13-May,1407.5,45.3,55,47.7,1160.55,42.9,70,29.9,165.8,139.6,220.3
1199,12-May,1408.44,44,60,46.2,1161.7,42.9,70,29.3,162.4,110.8,205.6
1200,11-May,1409.95,40.7,60,49.5,1162.85,45.3,70,28.5,164,103.1,199
1201,10-May,1411.69,37.3,70,47.1,1163.9,45.3,70,24.8,154.5,110.4,194.6
1202,9-May,1414.6,36.9,70,41,1164.95,42.9,70,24.6,145.4,124,193.2
1203,8-May,1417.55,36.1,70,38.1,1166.1,41.8,70,23.8,139.8,117.6,187.6
1204,7-May,1420.55,35.2,65,35.5,1167.3,41.5,45,23.7,135.9,105.7,185.2
1205,6-May,1423.12,37,65,34.3,1167.45,42.4,40,23,136.7,103.9,180
1206,5-May,1425.54,38.4,65,36.4,1167.35,44.7,40,22.5,142,118.2,172.9
1207,4-May,1427.84,40.9,65,43.7,1167.15,48.2,40,28.7,161.5,128.2,166.2
1208,3-May,1429.91,42.6,60,48.5,1166.8,50.6,40,30.7,172.4,118.1,160.9
1209,2-May,1431.36,43,60,52.5,1166.35,52.9,40,29.7,178.1,116.6,162.1
1210,1-May,1432.78,42.7,55,54.4,1165.8,51.8,40,32.1,181,113.2,162.7
1211,30-Apr,1433.82,41.8,45,59.8,1165.3,57.3,35,32.1,191,112.6,159.7
1212,29-Apr,1434.12,41.3,35,64,1164.35,58.9,26,32.1,196.3,108.2,155.1
1213,28-Apr,1433.65,41.1,20,71.4,1162.95,64.7,20,32.1,209.3,107.7,155.5
1214,27-Apr,1431.98,44.7,20,87.8,1161.05,68.3,20,35.4,236.2,106.8,153.5
1215,26-Apr,1430.02,44.7,20,84.2,1156.9,61.5,20,38.8,229.2,98.1,146.8
1216,25-Apr,1427.97,42.5,15,76.3,1156.95,60.7,15,42.1,221.6,97.5,149.3
1217,24-Apr,1425.68,37.3,15,75.4,1154.8,56.5,15,34.6,203.8,109.3,153.2
1218,23-Apr,1423.87,35.5,15,70.8,1152.85,57.5,15,26.5,190.3,127.2,164.3
1219,22-Apr,1422.2,35,15,73.2,1150.85,53.8,15,26.5,188.5,145.1,168.2
1220,21-Apr,1420.55,34.1,15,69.3,1148.9,52.8,15,26.5,182.7,141.4,162.1
1221,20-Apr,1418.91,34.3,15,86.9,1146.9,52.8,15,29.9,203.9,116.5,158.2
1222,19-Apr,1417.23,39.1,15,109.6,1144.9,60.3,15,29.9,238.9,113.2,158.8
1223,18-Apr,1415.13,43.3,15,121.4,1142.5,62.2,15,36.2,263.1,89.9,155
1224,17-Apr,1412.67,36.8,25,57.8,1140,52.6,20,31,178.2,66.3,140.6
1225,16-Apr,1411.67,34.3,25,55.2,1138.05,56,25,24.7,170.2,75.7,131.6
1226,15-Apr,1410.91,36.8,25,60.4,1136.2,61.8,25,31,190,81.8,125
1227,14-Apr,1409.94,38,25,51.2,1134,61,25,31,181.2,94.4,126.8
1228,13-Apr,1408.84,36.4,25,47.7,1131.85,61.8,20,31,176.9,104.7,127.9
1229,12-Apr,1407.88,38.7,25,52.7,1129.5,62.9,20,31,185.3,111.5,126.4
1230,11-Apr,1406.71,38.1,25,42.4,1126.6,60,20,33.6,174.1,117.8,124.1
1231,10-Apr,1405.6,35.6,15,37.7,1123.8,52.6,22,30.5,156.4,92.6,124.9
1232,9-Apr,1403.81,34.2,15,41.8,1121.65,54.7,25,31.3,162,80,125.9
1233,8-Apr,1402.12,33.8,15,44.6,1119.5,52.3,25,25.5,156.2,70.1,136.6
1234,7-Apr,1400.47,26.4,15,46.2,1117.15,49.7,25,25.5,147.8,73.7,143.1
1235,6-Apr,1398.69,23.1,15,32.5,1114.9,49.6,25,31.8,137,75.4,133.4
1236,5-Apr,1396.96,23.7,20,25.9,1112.55,43.7,30,25.5,118.8,84.7,146
1237,4-Apr,1396.21,22.6,20,23.1,1111.25,42,34.8,31.8,119.5,69.2,157.2
1238,3-Apr,1395.71,22.7,20,21.5,1110.55,40.9,35,25.5,110.6,58.4,130.2
1239,2-Apr,1395.2,23,20,23.8,1109.95,40.1,35.8,22.3,109.2,50.3,117.6
1240,1-Apr,1394.61,24.7,20,28.8,1109.35,42.7,40,28.6,124.8,44.4,111.9
1241,31-Mar,1393.63,27.7,25,27.5,1108.9,41.7,45,28.1,125,46.7,119.8
1242,30-Mar,1393.12,25.3,25,17.7,1109.25,35.8,45,18.7,97.5,45.1,128.9
1243,29-Mar,1393.14,21,20,13.7,1110.2,29.4,45,15.5,79.6,45.5,106
1244,28-Mar,1393,20,20,12.4,1111.6,32.1,50,15.8,80.3,42.2,107
1245,27-Mar,1393.09,19.9,20,10.6,1113.2,29.4,50,15.8,75.7,45.2,137.5
1246,26-Mar,1393.21,19.5,20,12.7,1115,25.1,50,15.5,72.8,41.8,118.5
1247,25-Mar,1393.42,17.5,15,13.9,1117.25,25.3,45,15.5,72.2,41.9,113.8
1248,24-Mar,1392.95,17.2,15,17,1119,27.2,45,15.5,76.9,42.2,97.8
1249,23-Mar,1392.54,17.8,15,17.3,1120.54,27,45,15.8,77.9,42.5,89.2
1250,22-Mar,1392,20.2,21.9,18.3,1121.75,30.7,45,15.5,84.7,44.2,95.2
1251,21-Mar,1392.47,21.2,20,15.2,1122.75,28.5,45,21.8,86.7,43.6,99.3
1252,20-Mar,1392.23,19.5,20,12,1123.9,23.9,45,14.1,69.5,44.6,101.8
1253,19-Mar,1392.34,18.7,20,9.5,1125.35,23.8,45,13,65,47.2,105.2
1254,18-Mar,1392.65,18.8,20,11.2,1126.95,22.1,20,10.1,62.2,51.6,94.3
1255,17-Mar,1393,18.8,20,8,1126.8,21.9,20,15.3,64,69.2,93.1
1256,16-Mar,1393.35,19,20,11.2,1126.7,22.1,20,15.3,67.6,70.2,85.9
1257,15-Mar,1393.67,19.6,20,12.2,1126.55,23.6,18,15.3,70.7,53.1,83.4
1258,14-Mar,1393.85,19.4,20,14.4,1126.15,25.2,18,15.4,74.4,35.1,88.5
1259,13-Mar,1393.98,21.2,20,13.2,1125.65,32.9,18,15.3,82.6,33,86.5
1260,12-Mar,1393.71,20.1,20,9,1124.6,21.5,18,13.1,63.7,33.6,90.3
1261,11-Mar,1393.69,18,20,6.4,1124.35,19.1,20,16.3,59.8,34.6,76.5
1262,10-Mar,1394.14,18,20,7.7,1124.4,18.6,20,16.3,60.6,37.8,71.3
1263,8-Mar,1394.87,18.8,20,9.1,1124.4,20.7,20,17.3,65.9,40.4,71.7
1264,7-Mar,1395.13,18.9,20,10.1,1124.35,20.8,20,17.3,67.1,47.3,75.1
1265,6-Mar,1395.37,19.4,20,10.6,1124.3,22.5,17,17.3,69.8,56.3,76.9
1266,5-Mar,1395.5,19.6,20,11.7,1123.9,23.3,17,17.3,71.9,62.5,74.5
1267,4-Mar,1395.59,22.6,25,11.7,1123.45,24.8,25,17.3,76.4,68.1,75.3
1268,3-Mar,1396.13,21.4,25,8.9,1123.45,21.5,25,15.7,67.5,50.5,79.5
1269,2-Mar,1396.94,20.5,25,8.9,1123.7,20.9,25,15.6,65.9,39.1,68.2
1270,1-Mar,1397.96,21.1,25,9.6,1124,20.2,25,14,64.9,41.7,71.5
1271,28-Feb,1398.83,21.3,25,9.7,1124.35,21.5,20,14,66.5,44,70.1
1272,27-Feb,1399.66,17.3,30,9.8,1124.15,22.2,20,19,68.3,47.4,70.9
1273,26-Feb,1401,17.3,30,9.8,1124.05,25.9,20,20.6,73.6,47.2,75.5
1274,25-Feb,1402.14,16.7,35,10.1,1123.7,25.5,15,19,71.3,42.1,66.6
1275,24-Feb,1403.78,19.4,35,11.1,1123,30.5,15,26.8,87.8,34.1,66.4
1276,23-Feb,1405.18,20.2,40,12.4,1122,40.3,15,29.7,102.6,31.1,65.7
1277,22-Feb,1406.96,23.4,45,11,1120.1,43.3,25,93.8,171.5,28.8,62.7
1278,21-Feb,1408.9,17.8,42,10.2,1118.45,18.8,25,15,61.8,30.7,67
1279,20-Feb,1411.04,19.4,42,10,1119,18.1,25,14.6,62.1,32,62.5
1280,19-Feb,1413.01,18.6,42,9.9,1119.6,18.5,25,17.5,64.5,32.1,56.5
1281,18-Feb,1415.05,18.6,42,10.8,1120.15,17,25,17.5,63.9,33.6,57.8
1282,17-Feb,1417.09,20,42,17.8,1120.7,15.9,25,19.6,73.3,36.7,60.1
1283,16-Feb,1419,22.1,42,13.2,1121.3,17.2,25,25.2,77.7,38.8,62.9
1284,15-Feb,1420.71,21.1,38,9.6,1121.8,15.2,28,14.8,60.7,43.3,71.8
1285,14-Feb,1422.13,18.5,38,8,1122.7,14.1,28,12.1,52.7,46.4,62.5
1286,13-Feb,1423.77,17.5,38,8.4,1123.7,13.9,27.5,13.8,53.6,41.4,57
1287,12-Feb,1425.49,17.8,34,8.6,1124.7,13.7,20,13.8,53.9,36.1,55.9
1288,11-Feb,1426.85,18.2,34,8,1125.15,14,20,14.8,55,35.1,56.7
1289,10-Feb,1428.18,19,34,8,1125.6,15,15,19.5,61.5,35,72.6
1290,9-Feb,1429.44,19.8,34,9.7,1125.6,15.3,15,29.4,74.2,34.5,78.3
1291,8-Feb,1430.61,19.5,30,9.5,1125.6,17.3,15,67.7,114,33.4,65.9
1292,7-Feb,1431.46,18.6,25,8,1125.45,9.7,5,12.6,48.9,34.7,60.1
1293,6-Feb,1431.98,17.3,25,6.5,1125.1,8.9,5,11.5,44.2,32.5,75.3
1294,5-Feb,1432.6,16.8,25,7.5,1124.8,9.7,10,15.4,49.4,32,54.8
1295,4-Feb,1433.26,17.6,25,8.7,1124.8,8.1,10,11.5,45.9,31,47.2
1296,3-Feb,1433.86,17.1,23,8.8,1124.95,12,10,11.9,49.8,31.7,44.2
1297,2-Feb,1434.34,17.4,20,7.9,1124.8,11.9,10,11.4,48.6,31.3,44.1
1298,1-Feb,1434.55,15.6,15,7.5,1124.7,10.8,10,10.2,44.1,30.9,44.3
1299,31-Jan,1434.5,15,15,6.7,1124.6,11,10,9.3,42,29.6,46.1
1300,30-Jan,1434.5,15,15,6.9,1124.6,8.9,0.1,10.4,41.2,29.5,45.3
1301,29-Jan,1434.5,15.5,15,6.7,1124,10.2,0.1,10.4,42.8,30.9,45.4
1302,28-Jan,1434.46,15.6,15,7.3,1123.3,10.5,0.1,10.4,43.8,30.3,47.8
1303,27-Jan,1434.41,15.7,15,7.5,1122.6,11.7,0.1,11.8,46.7,30.3,52.4
1304,26-Jan,1434.35,16.2,15,8,1121.8,11.3,0.1,12.4,47.9,31.8,45.8
1305,25-Jan,1434.25,17.2,15,7.8,1121,11.2,0.1,12.4,48.6,33.4,44.7
1306,24-Jan,1434.07,18.1,15,7.4,1120.2,12,0.1,20.5,58,33.8,44.9
1307,23-Jan,1433.82,21.7,20,7.4,1119.2,17.1,0.1,35.8,82,33.2,45.3
1308,22-Jan,1433.68,21.4,20,6.2,1117.7,8.5,0.1,10.6,46.7,32.8,43.9
1309,21-Jan,1433.56,15,15,6.1,1116.95,7.6,0.1,6.3,35,33.3,45.7
1310,20-Jan,1433.56,15.2,15,6.1,1116.3,7,0.1,6.3,34.6,31.1,48.6
1311,19-Jan,1433.54,15.5,15,6.3,1115.7,7,0.1,6.3,35.1,31.2,53.7
1312,18-Jan,1433.5,15.6,15,6.2,1115.1,6.5,0.1,6.3,34.6,29.4,48.2
1313,17-Jan,1433.45,15,15,6.4,1114.55,6.1,0.1,6.3,33.8,30.4,44.1
1314,16-Jan,1433.45,14.9,13,6.4,1114.05,6.7,0.1,6.3,34.3,30.4,42
1315,15-Jan,1433.29,13.1,3,6.7,1113.5,6.5,0.1,6.3,32.6,32,41
1316,14-Jan,1432.43,13.7,3,6,1112.95,7.3,0.1,6.3,33.3,27.3,42.2
1317,13-Jan,1431.52,14.5,3,5.4,1112.3,6.8,0.1,6.6,33.3,28.2,41.9
1318,12-Jan,1430.62,14.2,3,4.6,1111.7,6.1,0.1,6.6,31.5,27.8,43.5
1319,11-Jan,1429.74,13.2,3,4.4,1111.15,6.4,0.1,6.6,30.6,26.9,46.6
1320,10-Jan,1428.92,13.5,3,4.6,1110.55,6.1,5,6.6,30.8,27.4,43.4
1321,9-Jan,1428.07,13.7,3,4.4,1110.45,6.1,5,6.6,30.8,27.5,42.4
1322,8-Jan,1427.2,13.7,3,5.1,1110.35,6.6,5,6.6,32,28.9,42.3
1323,7-Jan,1426.34,14.2,2.5,4.8,1110.2,6.1,5,6.3,31.4,30.3,42.1
1324,6-Jan,1425.39,14,3,4.3,1110.1,6.5,5,6.2,31,28.9,41.7
1325,5-Jan,1424.5,14.2,3.7,4.2,1109.95,5.9,5,6.2,30.5,28.3,41.2
1326,4-Jan,1423.65,14.6,5,4.2,1109.85,6,5,6.2,31,28,40.8
1327,3-Jan,1422.86,14.8,5,3.8,1109.75,6,5,6.2,30.8,27.9,41.1
1328,2-Jan,1422.05,15.1,5,4.1,1109.65,6.4,5,6.2,31.8,30.3,41.3
1329,1-Jan,1421.21,14.5,5.1,4.1,1109.5,6,5,7.2,31.8,30.5,40.4
1330,31-Dec,1420.43,15.3,10,4.2,1109.4,6.4,5,7.2,33.1,31.1,42
1331,30-Dec,1420.02,15.2,10,4.2,1109.25,6,5,7.2,32.6,32.1,42.2
1332,29-Dec,1419.6,15.2,10,4.4,1109.15,6.1,5,7.2,32.9,31.4,41.5
1333,28-Dec,1419.18,15.6,10,4.4,1109,6.7,5,9.3,36,31.4,40.8
1334,27-Dec,1418.73,16.1,10,4.5,1108.75,6.6,5,9.3,36.5,33.5,41.8
1335,26-Dec,1418.24,16,10,4.3,1108.5,6.8,5,6.3,33.4,34.1,41.1
1336,25-Dec,1417.76,16,10,4.4,1108.2,5.3,5,6.2,31.9,31.5,43.3
1337,24-Dec,1417.28,16.8,10,4.3,1108.05,8.7,21,6.2,36,34.5,44.6
1338,23-Dec,1416.72,18,15,4.7,1109.45,6.8,21,6.2,35.7,34.3,45.2
1339,22-Dec,1416.5,16.7,15,4.5,1110.85,5.6,21,5.5,32.3,36.9,48.1
1340,21-Dec,1416.4,17.6,20,4.4,1112.25,7.2,21,6,35.2,35.5,49.3
1341,20-Dec,1416.67,17.3,20,4.3,1113.5,8.1,21,7.1,36.8,34.4,43.3
1342,19-Dec,1416.97,18.5,23,4.6,1114.7,7.9,21,7.1,38.1,37.2,43.1
1343,18-Dec,1417.43,18.2,23,4.7,1115.85,7.9,21,7.1,37.9,36.7,43.8
1344,17-Dec,1417.92,19.6,28,4.4,1117,9.6,21,7.1,40.7,40.2,45.4
1345,16-Dec,1418.74,20.1,28,4.5,1118,9,21,7.5,41.1,42.5,45.8
1346,15-Dec,1419.21,19.9,28,4.9,1119.05,9.4,21,8.8,43,43.8,46.4
1347,14-Dec,1420.29,20.1,28,5.3,1120.05,8,23,12.9,46.3,50.2,46
1348,13-Dec,1421.04,19.4,23,5.1,1121.1,8,23,7.8,40.3,57.9,46.1
1349,12-Dec,1421.42,20.5,25,5.1,1122.15,8.7,23,7.8,42.1,42.6,49.3
1350,11-Dec,1421.88,21.4,25,4.5,1123.15,8,23,7.8,41.7,37,49.2
1351,10-Dec,1422.26,20.7,26.9,4.1,1124.2,8.2,26,9.8,42.8,36,46.8
1352,9-Dec,1422.87,20.6,28,3.5,1125.45,8.9,26,8.1,41.1,37.5,46
1353,8-Dec,1423.58,21.1,28,3.9,1126.65,8.9,26,7.8,41.7,39.3,46.4
1354,7-Dec,1424.25,20.2,28,4.2,1127.85,8,28,7.8,40.2,39.5,47.5
1355,6-Dec,1425,22.8,35,4.3,1129.25,6.4,28,7.8,41.3,38.4,48
1356,5-Dec,1426.14,23.6,40,4.3,1130.65,5.4,28,8.1,41.4,39.4,48.1
1357,4-Dec,1427.65,24.8,45,3.8,1132,7.1,28,8.1,43.8,41.8,48.3
1358,3-Dec,1429.47,25.2,45,3.7,1133.25,7.9,28,8.4,45.2,40.2,48.6
1359,2-Dec,1431.2,25.2,45,4.2,1134.45,8.8,28,8.8,47,34,49.4
1360,1-Dec,1432.94,27.3,50,4,1135.6,8.8,28,8.4,48.5,38.7,50.2
1361,30-Nov,1434.92,27.9,50,4.2,1136.75,8.1,24,8.4,48.6,38,51
1362,29-Nov,1436.85,27.7,50,4.3,1137.7,8.9,24,9.2,50.1,38.3,50.8
1363,28-Nov,1438.8,28.6,50,4,1138.6,9.6,23,9.6,51.8,37.2,50.8
1364,27-Nov,1440.64,27.7,50,4.1,1139.4,9.1,22,9.6,50.5,38,51.5
1365,26-Nov,1442.5,29.7,50,3.9,1140.15,9.7,22,9.2,52.5,39.8,52.5
1366,25-Nov,1444.2,28.5,50,3.9,1140.8,9.7,22,9.2,51.3,37.9,53.8
1367,24-Nov,1446,29.5,50,4.9,1141.45,9.7,22,9.8,53.9,40,53.4
1368,23-Nov,1447.7,30.9,55,4.6,1142.1,8.8,22,10.5,54.8,40,53.5
1369,22-Nov,1449.7,20.6,55,4.5,1142.8,10.7,23,10.5,46.3,41,53.4
1370,21-Nov,1451.55,18.7,55,4.5,1143.45,11.7,23,10.5,45.4,43.3,54.7
1371,20-Nov,1453.38,18.7,55,4.5,1144.05,10.7,23,10.5,44.4,43.2,53.9
1372,19-Nov,1455.21,20.9,55,4.5,1144.7,10.7,23,10.5,46.6,43.1,55.4
1373,18-Nov,1456.93,21.1,55,5,1145.35,12.6,23,10.5,49.2,48,56.9
1374,17-Nov,1458.64,22.1,56,5.8,1145.9,12.6,23,10.5,51,45.9,58.8
1375,16-Nov,1460.34,22.7,56,5.4,1146.45,12.6,23,10.5,51.2,47.3,58.4
1376,15-Nov,1461.97,22.1,59,5.9,1147,11.7,23,10.5,50.2,42.9,59.4
1377,14-Nov,1463.77,23.2,59,6,1147.6,11.7,23,10.6,51.5,41.2,59.5
1378,13-Nov,1465.52,21.9,59,6.2,1148.2,11.7,23,10.5,50.3,41.6,57.6
1379,12-Nov,1467.33,23.2,59,5.7,1148.8,14.5,23,11.2,54.6,42.3,58.9
1380,11-Nov,1469.08,23.3,59,6.2,1149.25,10.7,23,11.3,51.5,42.9,60.1
1381,10-Nov,1470.8,24.9,59,6.5,1149.9,12.5,25,13.5,57.4,45.1,61.5
1382,9-Nov,1472.43,26,55,6.3,1150.5,12.2,25,11,55.5,45.3,61.5
1383,8-Nov,1473.82,25.8,45,7,1151.1,12.2,25,11.7,56.7,46.4,61.9
1384,7-Nov,1474.75,26.4,41.1,7.4,1151.7,10.4,20,11.7,55.9,47.5,63.1
1385,6-Nov,1475.47,26,40,7.7,1152.15,9.4,20,16.2,59.3,47.2,64.9
1386,5-Nov,1476.16,27.9,40,10.4,1152.65,17.6,25,22,77.9,45.4,65.3
1387,4-Nov,1476.76,29.9,40,12.1,1153,16.5,25,13.7,72.2,46.6,61.1
1388,3-Nov,1477.26,31.7,45,25.8,1153.4,10.1,25,9.8,77.4,48.3,61.1
1389,2-Nov,1477.91,32.8,48,8.2,1154.1,8,25,9.6,58.6,47.5,61.5
1390,1-Nov,1478.65,23.4,48,4.3,1154.9,7.2,20,9.7,44.6,46.4,62.4
1391,31-Oct,1479.83,24.8,45,4.5,1155.5,7.2,20,11.9,48.4,44.1,64.1
1392,30-Oct,1480.77,24.9,45,4.3,1156.1,7.6,15,10.5,47.3,43.7,65
1393,29-Oct,1481.7,24.9,35,4.9,1156.45,7.6,15,10.2,47.6,48.7,64.9
1394,28-Oct,1482.18,25.5,25,4.8,1156.8,8.6,15,10.5,49.4,48.5,68.3
1395,27-Oct,1482.18,25.9,25,5,1157.1,8.6,15,11,50.5,48.7,72.2
1396,26-Oct,1482.16,26.6,25,5.2,1157.4,7.6,0.1,11,50.4,47.8,69.7
1397,25-Oct,1482.11,26.9,25,5.1,1157.05,7.6,0.1,12.2,51.8,48.5,68.1
1398,24-Oct,1482.05,28,25,5.1,1156.7,8.6,0.1,12.2,53.9,53.4,68.8
1399,23-Oct,1481.94,27.5,25,5.4,1156.3,8.6,0.1,10.4,51.9,52.6,70.3
1400,22-Oct,1481.85,28.8,30,5,1155.9,9.7,0.1,12.2,55.7,50.9,71.1
1401,21-Oct,1481.92,27.8,30,5.6,1155.45,8.6,0.1,12.2,54.2,52.4,74.1
1402,20-Oct,1482.02,30.4,30,6.8,1155.05,11.1,10,12.5,60.8,54.5,72.7
1403,19-Oct,1482,31.2,35,7,1155,11.1,10,12.9,62.2,54.2,74.9
1404,18-Oct,1482.17,35.7,35,6.6,1154.95,10.7,15,13.4,66.4,57.3,75.4
1405,17-Oct,1482.14,34.6,35,6.5,1155.15,9.7,15,13.2,64,57.9,78.9
1406,16-Oct,1482.16,31.5,35,6.5,1155.4,7.6,15,13.4,59,60,81.7
1407,15-Oct,1482.34,33.1,35,7,1155.75,8.3,20,14.5,62.9,59.1,81.4
1408,14-Oct,1482.45,33.9,35,7.3,1156.3,9.4,20,15.8,66.4,66.1,81.9
1409,13-Oct,1482.52,35.4,40,7.8,1156.8,10.4,20,15.8,69.4,68.3,85.1
1410,12-Oct,1482.76,37.2,50,8.6,1157.25,11.5,20,16,73.3,68.7,88.6
1411,11-Oct,1483.35,36.9,50,8.8,1157.65,10.4,20,15.8,71.9,71.4,91.2
1412,10-Oct,1483.96,37.9,60,8.7,1158.1,9.2,22,16.4,72.2,75.5,96.8
1413,9-Oct,1484.96,39.4,70,8,1158.7,7.1,22,16.1,70.6,78.7,100.7
1414,8-Oct,1486.37,43.4,80,8.2,1159.4,11.4,22,17.4,80.4,80.9,102.7
1415,7-Oct,1488.05,40.8,80,7.5,1159.9,8.1,22,17.6,74,83.3,103.3
1416,6-Oct,1489.85,42.7,80,7.6,1160.5,4.7,40,18.7,73.7,90.3,105.6
1417,5-Oct,1491.5,44.8,85,7.6,1162,6.2,45,19.3,77.9,91.4,105.6
1418,4-Oct,1493.27,45.8,85,7.2,1163.65,9.7,45,18,80.7,92.4,107.1
1419,3-Oct,1495,48.7,100,6.8,1165.15,8.2,40,18.5,82.2,92.4,108.7
1420,2-Oct,1497.25,49.9,100,7.4,1166.5,10.6,40,20.1,88,90.3,111.8
1421,1-Oct,1499.45,51.3,100,9.7,1167.75,9.1,15,20.5,90.6,90.3,113.2
1422,30-Sep,1501.5,54.3,100,10.4,1168,10.3,15,24.5,99.5,92.4,117.7
1423,29-Sep,1503.4,53.8,100,10.8,1168.2,9.1,15,24.2,97.9,93,122.4
1424,28-Sep,1505.32,58.8,105,10.7,1168.45,9.1,15,26.1,104.7,95.7,121.3
1425,27-Sep,1507.24,62.6,115,11.1,1168.7,9.1,15,29.8,112.6,98.3,126.5
1426,26-Sep,1509.41,61.1,115,11.3,1168.95,10.3,15,37.2,119.9,100,132.1
1427,25-Sep,1511.58,59.7,120,10.2,1169.15,9.1,15,55.6,134.6,102.3,141.6
1428,24-Sep,1513.98,59.9,130,12.9,1169.4,10.7,30,91.3,174.8,99.8,155.1
1429,23-Sep,1516.77,62.3,130,11.7,1170.2,10.3,45,20.1,104.4,100.6,166
1430,22-Sep,1519.4,58.3,130,11.2,1171.55,10.3,45,19.2,99,100.9,150
1431,21-Sep,1522.22,61.1,130,11,1172.9,12.8,45,20,104.9,100.7,160.1
1432,20-Sep,1524.85,64,130,10.9,1174.35,10.3,45,20,105.2,103,165.3
1433,19-Sep,1527.37,69.2,137.6,11.4,1175.5,12.8,45,20.5,113.9,110.1,180.5
1434,18-Sep,1529.98,77.5,150,13.7,1176.75,12.8,45,20,124,116.3,182.3
1435,17-Sep,1532.63,88.8,150,16.5,1178,12.6,28,20,137.9,124.2,196.4
1436,16-Sep,1534.87,100.9,150,13,1178.6,12,12,29.4,155.3,130.2,192.7
1437,15-Sep,1536.67,108.9,150,13.7,1178.6,17.1,12,37.8,177.5,138,198.1
1438,14-Sep,1538.18,111.6,180,13.7,1178.4,15.9,12,36.9,178.1,144.2,199.2
1439,13-Sep,1540.65,112.9,180,13.1,1178.25,13.3,12,38.6,177.9,155.7,206.2
1440,12-Sep,1543,115.5,180,11.7,1178.2,14.6,12,45.6,187.4,162.5,207.4
1441,11-Sep,1545.26,122.3,170,11.9,1178.1,14.6,12,38,186.8,159.7,212.4
1442,10-Sep,1546.94,130.9,170,12.2,1178,11.8,13.1,41.9,196.8,153.6,226.7
1443,9-Sep,1548.32,136.2,160,13.4,1178.05,12.6,10,49.4,211.6,162.6,234.4
1444,8-Sep,1549.17,136.8,160,15.4,1177.95,12.6,10,56.7,221.5,170.8,238.8
1445,7-Sep,1550,133.6,132.9,16.7,1177.85,12.6,10,45.4,208.3,348.3,294.8
1446,6-Sep,1550,144.5,143.8,20.6,1177.75,13.9,10,49.2,228.2,181.7,308
1447,5-Sep,1550,154.5,153.9,22,1177.6,15.1,10,45.4,237,195.7,320.6
1448,4-Sep,1550,164.3,163.8,21.5,1177.4,13.9,10,53,252.7,205.7,270.8
1449,3-Sep,1550,166,165.6,21.4,1177.25,16.4,10,56.7,260.5,229.3,252.6
1450,2-Sep,1550,162.1,161.8,20.5,1177,16.4,10,53,252,242.9,256.7
1451,1-Sep,1550,163.1,162.8,21.1,1176.75,15.1,10,60.5,259.8,226.4,262.9
1452,31-Aug,1550,154.6,154.3,20.9,1176.55,16.4,10,56.7,248.6,215.8,264.7
1453,30-Aug,1550,145.5,145.2,23.9,1176.3,17.7,10,53.8,240.9,208.1,271.9
1454,29-Aug,1550,161.8,161.5,31.7,1176,16.4,10,58.4,268.3,217.8,288.5
1455,28-Aug,1550,189.8,189.5,35.3,1175.75,21.6,10,53.8,300.5,234.9,293.2
1456,27-Aug,1550,210.3,210,36.9,1175.3,25.4,10,69,341.6,271.4,305.2
1457,26-Aug,1550,233,232.7,38.3,1174.7,28,10,68,367.3,295.5,314.9
1458,25-Aug,1550,234.5,234.2,40.5,1174,25.4,10,78.5,378.9,280.4,318.3
1459,24-Aug,1550,230.5,230.2,40.7,1173.4,25.4,10,78.5,375.1,262.4,316.4
1460,23-Aug,1550,225.1,224.8,37.1,1172.8,28,10,75.1,365.3,258,327.1
1461,22-Aug,1550,206.6,206.1,37,1172.1,29.3,10,78.4,351.3,261.4,325
1462,21-Aug,1150,210.4,209.9,41,1171.35,25.5,10,79.6,356.5,270.6,329.2
1463,20-Aug,1550,224.8,181.1,45.8,1170.75,29.3,10,74.3,374.2,267.9,334.4
1464,19-Aug,1548.5,221.6,178,41.3,1170,33.5,10,79.6,376,258.8,343.3
1465,18-Aug,1547,210.2,159,41.7,1169,28.8,10,71.3,352,261.8,368.4
1466,17-Aug,1545.23,214.8,157.1,43.4,1168.2,32.3,10,69.1,359.6,290.2,405
1467,16-Aug,1543.23,240.3,182.6,47.1,1167.25,31.2,10,75.7,394.3,338.6,443
1468,15-Aug,1541.23,270.7,214,51.5,1166.35,44.1,10,96.3,462.6,366.9,459.2
1469,14-Aug,1539.23,281.2,225.3,49,1164.9,57,10,177.3,564.5,379.7,447.5
1470,13-Aug,1537.23,262.2,206.3,48.6,1162.9,37.1,10,111.1,459,410.5,450
1471,12-Aug,1535.23,253.3,197.4,52,1161.75,32.3,10,87.8,425.4,424,446
1472,11-Aug,1533.29,259.9,204.3,52.7,1160.8,35.2,10,87.9,435.7,451.5,453.7
1473,10-Aug,1531.23,257.1,202.4,63.9,1159.7,37.6,10,89.8,448.4,460.6,467.3
1474,9-Aug,1529.23,254.1,140,58.6,1158.4,34.5,10,117.6,464.8,456.1,468.1
1475,8-Aug,1524.93,242.7,150,43.8,1157.25,73.8,10,120.3,480.6,458.8,478.2
1476,7-Aug,1521.44,214.8,170,38,1154.25,36.6,10,98.1,387.5,465.6,463.6
1477,6-Aug,1519.75,184.8,170,37.5,1153,27,10,77,326.3,488.4,459.5
1478,5-Aug,1519.18,166.8,165,37.8,1152.2,25.9,10,66.9,297.4,518.4,464.9
1479,4-Aug,1519.12,163.3,165,36.8,1151.45,28.1,10,58.8,287,531.8,460.4
1480,3-Aug,1519.2,160.4,155,39,1150.6,28.4,10,59.8,287.6,604.2,463.1
1481,2-Aug,1519,160,150,42,1149.7,29.4,13.3,59.4,290.8,562.3,462.5
1482,1-Aug,1518.62,165,135,49.1,1148.85,28.1,30,63.4,305.6,534.9,470.1
1483,31-Jul,1517.44,182,135,58,1148,30.9,30,57.4,328.3,511.7,502.8
1484,30-Jul,1515.59,215.3,113.7,65.7,1148.9,34.5,10,63.3,378.8,442,523
1485,29-Jul,1511.59,256.9,182,73.9,1147.6,42.1,10,68.6,441.5,430.3,472
1486,28-Jul,1508.59,277.6,155.3,78.9,1145.9,45.9,10,80.7,483.1,416.4,440.7
1487,27-Jul,1503.59,277,80,78.1,1144,57.2,10,97.3,509.6,412.1,427.3
1488,26-Jul,1495.27,271.3,80,72.6,1141.5,47.5,10,96.2,487.6,414.2,402.1
1489,25-Jul,1486.8,279.6,80,89.5,1139.45,51.8,10,89.4,510.3,425.8,403.5
1490,24-Jul,1477.78,276.3,100,89.3,1136.95,48.5,10,87.6,501.7,420.9,410.3
1491,23-Jul,1469.52,259.1,100,61.2,1134.65,46,10,82.9,449.2,415.8,410.1
1492,22-Jul,1461.88,249.6,110.2,63,1132.5,33.4,10,81.4,427.4,416.5,412.7
1493,21-Jul,1455.03,231,108.6,66.3,1131.1,33.4,10,82.4,413.1,431.7,420
1494,20-Jul,1448.3,207.6,130,65.6,1129.65,32.8,15,88.5,394.5,443.1,413.7
1495,19-Jul,1442.02,226.9,140,65.7,1128.4,38.5,15,74.9,406,533.7,409.3
1496,18-Jul,1434.75,227.3,140,62.7,1126.75,38.5,15,88.4,416.9,497.8,413.5
1497,17-Jul,1427.24,220.2,140,65.7,1125.1,34.3,20,83,403.2,471.9,408.7
1498,16-Jul,1420.17,219,140,58.2,1124.1,37.1,20,72.4,386.7,457.1,389.5
1499,15-Jul,1413.04,221.5,140,55.6,1122.9,40,20,67.6,384.7,469.2,394.8
1500,14-Jul,1405.51,212.8,140,53.8,1121.5,49.2,25,88.1,403.9,540.6,392.7
1501,13-Jul,1397.4,178.5,150,45.1,1119.75,45,45,69.2,337.8,546.4,394.6
1502,12-Jul,1392.2,171.3,150,38.7,1119.75,47.3,45,69.2,326.5,462.7,390.5
1503,11-Jul,1388.27,150.8,138.5,35,1119.55,43.4,55,72.8,302,411.1,398.7
1504,10-Jul,1386,123.6,122.8,33.2,1120.45,39.3,55,68.6,264.7,357.9,400.3
1505,9-Jul,1386,121.3,120.6,40.7,1121.55,39.3,55,53.2,254.5,349.2,395.1
1506,8-Jul,1386,115,123.7,44.5,1122.65,40,55,49,248.5,346.7,395.3
1507,7-Jul,1387.82,133.1,145.2,49.8,1123.7,46.5,30.8,43.4,272.8,363.1,391
1508,6-Jul,1390.3,149.1,150,53,1122.6,48.5,25,68.7,319.3,369.4,381.7
1509,5-Jul,1390.59,154.1,162.9,59.2,1120.95,47.7,25,60.8,321.8,379.5,384.8
1510,4-Jul,1392.36,148.4,163.7,52.8,1119.2,40.4,25,68,309.6,373.5,386.6
1511,3-Jul,1395.35,131.6,146.6,46.8,1117.85,35.4,26.2,68.1,281.9,378.1,382.1
1512,2-Jul,1398.28,108.6,141.2,47,1117.05,30.6,11.7,72.6,258.8,395.5,394.7
1513,1-Jul,1402.28,95.7,137.2,45.2,1115.4,29.1,20,88.1,258.1,490.9,402.5
1514,30-Jun,1406.28,96.6,138.5,43.9,1114.6,22.1,45,109,271.6,457.2,407.2
1515,29-Jun,1410.28,99.3,142.5,44.3,1116.6,26.1,45,61,230.7,437.9,402.5
1516,28-Jun,1414.28,94.9,138.2,43.6,1118.25,28,40,35.8,202.3,415.2,393.4
1517,27-Jun,1418.28,109.7,153.8,43.1,1119.3,26.3,40,31.9,211,390.1,387.5
1518,26-Jun,1422.28,110.3,155,45.5,1120.4,26.3,40,31.8,213.9,369.8,377.9
1519,25-Jun,1426.28,114.3,159.1,53.1,1121.4,27,40,33.8,228.2,337.4,370.9
1520,24-Jun,1430.28,121.1,167.6,58.6,1122.3,26.4,40,35.6,241.7,321.1,361.3
1521,23-Jun,1434.28,126.4,172.9,61.2,1123.25,29.3,40,39.3,256.2,344.8,355
1522,22-Jun,1438.28,125.6,173.4,56.7,1124,31.8,25,33.7,247.8,381.9,346.6
1523,21-Jun,1442.28,139,180,60.1,1123.7,28.4,25,33.7,261.2,370.9,340.7
1524,20-Jun,1445.66,139.2,180,68.4,1124.05,31.6,10,41.3,280.5,373.5,339.3
1525,19-Jun,1449.02,133.8,169.1,71.2,1123.1,31.5,10,41.3,277.8,334.2,345.7
1526,18-Jun,1451.18,147.6,141.9,73.8,1122.05,36.8,10,49.6,307.8,324.8,355.5
1527,17-Jun,1450.93,157.8,138.1,75.8,1120.5,37.6,10,53.8,325,294,372.3
1528,16-Jun,1449.98,155.8,140,74.5,1118.5,35.3,10,53.2,318.8,293.9,372.5
1529,15-Jun,1448.76,151.2,140,73.5,1116.4,39.9,15,58.4,323,264.9,360.4
1530,14-Jun,1447.91,150.5,140,76.5,1114.2,39.1,15,42.5,308.6,259,345.8
1531,13-Jun,1447.12,160.2,142.9,78.7,1111.95,42.9,20,41.7,323.5,257.6,339.2
1532,12-Jun,1445.7,166.4,112.1,85.3,1109.6,40,20,54.8,346.5,276.8,323.2
1533,11-Jun,1441.44,167,100.5,89.3,1107.1,44.4,20,59.9,360.6,300.2,308.4
1534,10-Jun,1435.94,166.6,99.5,91.7,1104.05,45.2,20,74.9,378.4,312.2,295.1
1535,9-Jun,1430.31,161.8,100,92,1100.9,42.1,20,68.6,364.5,342.2,288.1
1536,8-Jun,1424.94,155.5,94.6,91,1097.6,42.7,25,67.1,356.3,388.4,281.6
1537,7-Jun,1419.62,153.7,80,81.4,1094.74,47.1,25,60.2,342.4,397.4,282.1
1538,6-Jun,1412.98,144.9,70,70.1,1091.2,44.1,30,60.5,319.6,377.1,279.6
1539,5-Jun,1406.08,126.5,70,61.2,1088.5,42.7,35,51,281.4,334.6,273.5
1540,4-Jun,1400.81,95.6,70,59.3,1086.75,41.9,38,43.2,240,300.4,272.5
1541,3-Jun,1396.95,83.3,60,48.4,1085.85,40.4,38,35.7,207.8,303,265.9
1542,2-Jun,1392.73,77.7,60,42.5,1085.3,38.2,38,38,196.4,351.8,254.5
1543,1-Jun,1389.52,70.1,60,34.5,1085.25,33.8,38,19.2,157.6,395.2,246.7
1544,31-May,1387.68,65.2,60,30.7,1086.2,36,38,24.9,156.8,392.2,238
1545,30-May,1386.79,62.4,60,24.2,1086.65,35.5,38,19.2,141.3,389.9,232.5
1546,29-May,1386.48,50.9,55,20.9,1087.2,34.4,38,22.9,129.1,395.7,234
1547,28-May,1387.42,46.6,45,20,1088,34.1,38.1,22.9,123.6,377.2,242.9
1548,27-May,1387.25,42.2,45,18.1,1088.9,34.3,37.9,18.3,112.9,375.2,240.5
1549,26-May,1387.94,38.5,45,16.7,1089.7,33.3,38.1,20,108.5,346.3,246.6
1550,25-May,1389.35,38.5,45,18.8,1090.55,32.6,38.2,20,109.9,318.7,250.5
1551,24-May,1390.72,40.3,50,23.1,1091.45,35.8,40.5,18,117.2,301.7,254
1552,23-May,1392.66,41.5,50,26.1,1092.2,37.2,42.8,18,122.8,305.6,253.3
1553,22-May,1394.38,43.2,50,29.4,1093.1,36.1,35.5,15.4,124.1,326.1,256.8
1554,21-May,1395.78,44.6,45,31.7,1093,38,38,18,132.3,315.2,261.9
1555,20-May,1395.95,43.3,40,35,1093,38,38,20.6,136.9,295.5,263.7
1556,19-May,1395.4,43.5,40,32.5,1093,37.7,38,20.6,134.3,282.2,252.9
1557,18-May,1394.82,42.8,40,35.3,1093.05,38.4,40,20.5,137,298.2,231.6
1558,17-May,1394.38,41.2,34.2,37,1093.3,37.5,35,17.5,133.2,301.8,218.4
1559,16-May,1393.15,44.9,35,40.6,1092.9,39.3,40,22.4,147.2,291.2,211.5
1560,15-May,1391.35,46.2,35,48.3,1093,44.6,42.8,24.8,163.9,276.8,209.9
1561,14-May,1389.3,53.6,40,43.3,1092.7,43,40.5,24.8,164.7,263.2,221
1562,13-May,1386.72,44.3,40,38.4,1092.3,37,42.6,19.9,139.6,248.2,220.3
1563,12-May,1386,35.1,34.5,23.4,1093.2,34.8,43.8,17.5,110.8,236,210.2
1564,11-May,1386,34,33.5,21.1,1094.65,34.7,45,13.3,103.1,224.8,207.3
1565,10-May,1386,35.9,35.4,22.5,1096.3,35,45,17,110.4,227.2,204
1566,9-May,1386,36.8,36.4,25.6,1097.9,37.8,45,23.8,124,220,200.6
1567,8-May,1386,37.8,37.4,26.9,1099.05,35.9,45,17,117.6,200.9,196.2
1568,7-May,1386,37.5,37.7,25.7,1100.4,30.6,45,11.9,105.7,167.5,200.8
1569,6-May,1386.15,36.5,40,19.8,1102.2,30.6,45,17,103.9,152.7,200.2
1570,5-May,1386.97,38.7,40,24.3,1104,31.4,34.6,23.8,118.2,149.1,190.1
1571,4-May,1387.36,39.3,40,26.8,1104.4,33.7,33.7,28.4,128.2,153.8,178.6
1572,3-May,1387.59,37.3,40,24.9,1104.4,32.8,32,23.1,118.1,159.1,170.6
1573,2-May,1388.24,35.3,40,26.1,1104.3,33,33,22.2,116.6,161.9,170.9
1574,1-May,1389.3,35.5,40,23.5,1104.3,32,28,22.2,113.2,162.2,170.1
1575,30-Apr,1390.3,34.9,45,23.3,1103.8,33.2,28,21.2,112.6,162.6,162.3
1576,29-Apr,1392.3,35,50,21,1103.15,33.2,28,28.1,117.3,164.7,156.5
1577,28-Apr,1395.2,35.6,50,21.6,1102.5,34,28,16.5,107.7,167.6,158.1
1578,27-Apr,1398.03,34.5,45,21.4,1101.75,34.4,28,16.5,106.8,178.4,155.1
1579,26-Apr,1400.04,25.4,40,21.3,1100.95,37.2,28,14.2,98.1,203,148.4
1580,25-Apr,1401.42,27.2,30,22.7,1099.75,31.1,28,16.5,97.5,232.9,149
1581,24-Apr,1401.68,30.5,25,26.4,1099.25,33.6,28,18.8,109.3,245.3,151.1
1582,23-Apr,1401.16,33.8,25,31,1098.35,41.7,28,20.7,127.2,265.1,159.1
1583,22-Apr,1400.33,35.9,25,41,1096.15,49.5,28,18.7,145.1,240.2,163.1
1584,21-Apr,1398.62,35,22,43.2,1092.7,42.4,28,20.8,141.4,228.3,160.2
1585,20-Apr,1396.18,31.4,30,39.5,1090.4,32.2,25,13.4,116.5,213.4,161.6
1586,19-Apr,1395.91,30.5,30,36.7,1088.95,34.1,25,11.9,113.2,194.3,164.8
1587,18-Apr,1395.81,29,30,20.6,1086.9,28.4,22,11.9,89.9,178,165.6
1588,17-Apr,1396,26.1,30,11.4,1085.45,22.4,20,6.4,66.3,166.2,154.5
1589,16-Apr,1396.76,25.6,30,14.6,1085,23.6,20,11.9,75.7,150.4,143.1
1590,15-Apr,1397.68,27.3,32.5,15.7,1084.3,24.2,16,14.6,81.8,134.1,135.8
1591,14-Apr,1398.74,27.4,27.5,21,1082.7,29.3,16,16.7,94.4,128.3,135.8
1592,13-Apr,1398.82,27.9,23,28.3,1080.1,29.7,16,18.8,104.7,120,136.7
1593,12-Apr,1397.91,29.3,18,33.6,1076.3,33.8,16,14.8,111.5,113,132.5
1594,11-Apr,1395.79,31.4,18,43.3,1071.3,28.3,16,14.8,117.8,127.7,126.9
1595,10-Apr,1393.29,30.6,18,27.4,1067,22.7,16,11.9,92.6,134.6,129.7
1596,9-Apr,1390.94,25.8,18,21.5,1064,20.8,16,11.9,80,154.3,131
1597,8-Apr,1389.45,23.8,18,19.2,1061.6,18.2,16,9,70.2,192.6,140.9
1598,7-Apr,1388.43,23.5,18,20.3,1060.7,18,16,11.9,73.7,286.7,142.1
1599,6-Apr,1387.47,22.9,18,21.8,1058.65,17.3,16,13.4,75.4,147,147.1
1600,5-Apr,1386.65,25,21,22.5,1056.8,23.8,16,13.4,84.7,109.2,153.1
1601,4-Apr,1386,23,22.4,15.8,1050,18.5,19.1,11.9,69.2,111.1,167.8
1602,3-Apr,1386,21.1,20.3,7.7,1050,16.3,17.1,13.3,58.4,118.1,146.1
1603,2-Apr,1386,18.3,17.5,6,1050,14.6,15.7,11.4,50.3,124.5,134.4
1604,1-Apr,1386,17.6,16.8,5,1050,14.4,15.5,7.4,44.4,123.8,123.1
1605,31-Mar,1386,17.7,16.9,6.7,1050,14.9,16,7.4,46.7,134.7,119.8
1606,30-Mar,1386,17.2,16.4,7.2,1050,13.3,14.5,7.4,45.1,116.5,128.9
1607,29-Mar,1386,17.2,16.4,7.1,1050,13.8,14.9,7.4,45.5,104.9,106
1608,28-Mar,1386,16.9,16.1,6.4,1050,12.2,13.4,6.7,42.2,89.9,107
1609,27-Mar,1386,16.8,16.3,8.6,1050,12.5,13.7,7.3,45.2,91.6,137.5
1610,26-Mar,1386,16.3,15.8,7.4,1050,10.9,12.1,7.2,41.8,114,118.5
1611,25-Mar,1386,16.8,16.2,5.9,1050,12,13.1,7.2,41.9,115.5,113.8
1612,24-Mar,1386,16.5,16.2,7.2,1050,11.3,12.5,7.2,42.2,106.1,97.8
1613,23-Mar,1386,16.5,16.5,6.9,1050,12.2,13.4,6.9,42.5,57.5,89.2
1614,22-Mar,1386,17,17,7.5,1050,12.5,13.7,7.2,44.2,51.5,95.2
1615,21-Mar,1386,15.7,15.7,8.9,1050,11.7,12.9,7.3,43.6,50.5,99.3
1616,20-Mar,1386,16.6,16.6,9.5,1050,11.9,13.1,6.6,44.6,49.7,101.8
1617,19-Mar,1386,17.7,17.7,9.8,1050,11.9,13.1,7.8,47.2,47.3,105.2
1618,18-Mar,1386,19.3,19,10.8,1050,13.7,14.9,7.8,51.6,51.6,94.3
1619,17-Mar,1386,21.1,20.8,26.1,1050,14.2,15.4,7.8,69.2,52.2,93.1
1620,16-Mar,1386,25.5,25.5,24.3,1050,13.8,15,6.6,70.2,50.1,85.9
1621,15-Mar,1386,26.6,26.4,11.6,1050,8.7,9.9,6.2,53.1,44.3,83.4
1622,14-Mar,1386,15.9,15.2,5.1,1050,8.2,9.4,5.9,35.1,83.3,88.5
1623,13-Mar,1386,14.6,13.8,4.4,1050,8.1,9.3,5.9,33,72.6,86.5
1624,12-Mar,1386,14.8,14.2,4.3,1050,8.6,9.8,5.9,33.6,71.8,90.3
1625,11-Mar,1386,14.8,14.3,4.6,1050,9.3,10.5,5.9,34.6,67.8,bsp;
1626,10-Mar,1386,15.3,14.9,5.8,1050,9.5,10.8,7.2,37.8,56.5,71.3
1627,9-Mar,1386,15.2,14.7,6,1050,9.4,10.6,7.8,38.4,49.1,72.4
1628,8-Mar,1386,15.1,14.7,8.4,1050,9.1,10.3,7.8,40.4,49.1,71.7
1629,7-Mar,1386,16.5,16.2,11.5,1050,11.6,12.8,7.7,47.3,53.6,75.1
1630,6-Mar,1386,17.4,17.4,15.4,1050,14.4,15.7,9.1,56.3,53.8,76.9
1631,5-Mar,1386,19.2,19.2,18.2,1050,17.4,18.7,7.7,62.5,61,74.5
1632,4-Mar,1386,24.1,24.1,23.3,1050,12.1,13.3,8.6,68.1,46.7,75.3
1633,3-Mar,1386,20.7,20.7,12.2,1050,7.6,8.9,10,50.5,49.5,79.5
1634,2-Mar,1386,14.6,20.7,10.8,1050,7.1,8.3,6.6,39.1,51.4,68.2
1635,1-Mar,1387.2,16,31.3,11.2,1050,7.2,8.4,7.3,41.7,58.2,71.5
1636,28-Feb,1390.2,18,34,12,1050,6.8,8,7.2,44,59.6,70.1
1637,27-Feb,1393.2,20.1,35,12.2,1050,7.4,8.6,7.7,47.4,61.3,70.9
1638,26-Feb,1395.98,21.7,35,11.7,1050,6.1,7.4,7.7,47.2,63.3,75.5
1639,25-Feb,1398.47,17.8,35,12.2,1050,6.4,7.7,5.7,42.1,65.2,66.6
1640,24-Feb,1400.85,10.7,40,10.8,1050,6.7,7.3,5.9,34.1,77.2,66.4
1641,23-Feb,1403.62,11.6,40,10.5,1050,3.1,11.9,5.9,31.1,86,65.7
1642,22-Feb,1406.3,10.2,40,10.6,1056.4,2.1,18,5.9,28.8,100.5,62.7
1643,21-Feb,1409,11.2,40,10.7,1067.45,2.2,18,6.6,30.7,128.7,67
1644,20-Feb,1411.55,12,40,10.8,1072.8,2.1,18,7.1,32,106.5,62.5
1645,19-Feb,1414,12.9,40,10.1,1075.75,2,20,7.1,32.1,63.5,56.5
1646,18-Feb,1416.37,13,40,11.5,1079.1,1.9,20,7.2,33.6,61.3,57.8
1647,17-Feb,1418.73,14.8,40,11.5,1082.05,3.2,20,7.2,36.7,61.6,60.1
1648,16-Feb,1420.9,16.4,40,13.4,1084.65,3.3,20,5.7,38.8,57.6,62.9
1649,15-Feb,1422.9,15.8,40,15.4,1087.25,3.5,22,8.6,43.3,57.3,71.8
1650,14-Feb,1424.95,18.2,40,16,1089.95,3.6,22,8.6,46.4,59.5,62.5
1651,13-Feb,1426.8,20.5,40,12.8,1092.5,3.3,25,4.8,41.4,63.2,57
1652,12-Feb,1428.45,18.9,44.1,9.3,1095.3,3.7,25,4.2,36.1,61.8,55.9
1653,11-Feb,1430.56,17.7,45,9.6,1098.05,3.5,25,4.3,35.1,61.9,56.7
1654,10-Feb,1432.78,18.6,45,8.3,1100.7,3.7,20,4.4,35,64.6,72.6
1655,9-Feb,1434.93,18.1,42,8.3,1102.45,3.7,20,4.4,34.5,68.4,78.3
1656,8-Feb,1436.87,17.4,35,6.8,1104.2,4.6,12,4.6,33.4,71.5,65.9
1657,7-Feb,1438.3,18.6,35,7.2,1105,4.3,10,4.6,34.7,93.3,60.1
1658,6-Feb,1439.63,17.9,32,5.9,1105.6,4,8,4.7,32.5,142,75.3
1659,5-Feb,1440.74,17.2,32,6.6,1106,3.9,8,4.3,32,57.3,54.8
1660,4-Feb,1441.88,16.1,25,6.7,1106.4,3.9,8,4.3,31,54.5,47.2
1661,3-Feb,1442.57,16.6,25,6.6,1106.8,3.9,8,4.6,31.7,53.6,44.2
1662,2-Feb,1443.22,16.7,25,6.3,1107.2,3.7,8,4.6,31.3,54.9,44.1
1663,1-Feb,1443.86,16.8,25,5.9,1107.6,4.3,8.6,3.9,30.9,53.9,44.3
1664,31-Jan,1444.49,16.2,22,5.6,1108,3.9,10,3.9,29.6,56.2,46.1
1665,30-Jan,1444.94,16.3,22,5.8,1108.7,3.5,10,3.9,29.5,51.6,45.3
1666,29-Jan,1445.38,16.3,22,5.9,1109.4,4.2,10,4.5,30.9,54,45.4
1667,28-Jan,1445.82,16.4,21.8,6,1110.05,3.4,10,4.5,30.3,73.1,47.8
1668,27-Jan,1446.24,16.5,22.2,5.8,1110.7,3.4,5,4.6,30.3,110.9,52.4
1669,26-Jan,1446.68,16.8,22,5.9,1110.9,4,5,5.1,31.8,56.7,45.8
1670,25-Jan,1447.08,16.8,22,6.2,1111.05,4.9,0.1,5.5,33.4,39.2,44.7
1671,24-Jan,1447.48,16.6,22,6.2,1110.65,5.7,0.1,5.3,33.8,37.2,44.9
1672,23-Jan,1447.9,16.4,22,6,1110.2,5.5,0.1,5.3,33.2,38.4,45.3
1673,22-Jan,1448.33,16.7,22,5.7,1109.75,4.9,0.1,5.5,32.8,37.8,43.9
1674,21-Jan,1448.74,17.1,22,6.2,1109.3,4.5,0.1,5.5,33.3,38.5,45.7
1675,20-Jan,1449.12,16.2,22,5.7,1108.85,3.9,0.1,5.3,31.1,39,48.6
1676,19-Jan,1449.57,16.5,20,5.6,1108.4,3.8,0.1,5.3,31.2,38.7,53.7
1677,18-Jan,1449.84,13.5,18,5.8,1107.95,4.9,0.1,5.2,29.4,40.3,48.2
1678,17-Jan,1450.12,14.6,18,5.8,1107.45,4.8,0.1,5.2,30.4,38.3,44.1
1679,16-Jan,1450.29,14.3,17.9,5.4,1106.95,5.3,0.1,5.4,30.4,38.7,42
1680,15-Jan,1450.47,15.7,5,5,1106.4,5.3,0.1,6,32,37.8,41
1681,14-Jan,1449.9,12.3,5,4.4,1105.85,4.6,0.1,6,27.3,38.1,42.2
1682,13-Jan,1449.34,12.5,5,5.5,1105.35,5,0.1,5.2,28.2,38.6,41.9
1683,12-Jan,1448.76,12.4,5,5.3,1104.8,4.9,5,5.2,27.8,39.3,43.5
1684,11-Jan,1448.19,12.6,5,4.2,1104.8,4.9,5,5.2,26.9,37.3,46.6
1685,10-Jan,1447.62,13,5,3.9,1104.8,4.9,5,5.6,27.4,40.3,43.4
1686,9-Jan,1447.04,12.9,5,4.2,1104.8,4.8,5,5.6,27.5,42.4,42.4
1687,8-Jan,1446.47,13.4,5,4.1,1104.8,5.8,5,5.6,28.9,44.4,42.3
1688,7-Jan,1445.86,13.7,5,4.1,1104.7,5.8,5,6.7,30.3,44.6,42.1
1689,6-Jan,1445.23,13.8,5,4,1104.6,5.3,5,5.8,28.9,40.5,41.7
1690,5-Jan,1444.59,13.5,5,3.7,1104.55,5.3,5,5.8,28.3,40.1,41.2
1691,4-Jan,1443.97,13.7,5,3.7,1104.5,4.9,5,5.8,28.1,36.7,40.8
